{
	"textures": {
		"1": "item/prop_items/spell/clockwork_sentry",
		"particle": "item/prop_items/spell/sentry"
	},
	"elements": [
		{
			"name": "clockwork_sentry_0",
			"from": [6, 0, -10],
			"to": [7, 1, -6],
			"rotation": {"angle": 45, "axis": "y", "origin": [19, 1, 6]},
			"faces": {
				"north": {"uv": [12, 0, 13, 1], "texture": "#1"},
				"east": {"uv": [12, 0, 13, 4], "rotation": 90, "texture": "#1"},
				"south": {"uv": [12, 3, 13, 4], "rotation": 180, "texture": "#1"},
				"west": {"uv": [12, 0, 13, 4], "rotation": 270, "texture": "#1"},
				"up": {"uv": [13, 0, 12, 4], "texture": "#1"},
				"down": {"uv": [12, 0, 13, 4], "rotation": 180, "texture": "#1"}
			}
		},
		{
			"name": "clockwork_sentry_1",
			"from": [8, 0, -9],
			"to": [11, 1, -6],
			"rotation": {"angle": 45, "axis": "y", "origin": [19, 1, 6]},
			"faces": {
				"north": {"uv": [8, 1, 11, 2], "texture": "#1"},
				"east": {"uv": [8, 1, 9, 4], "rotation": 90, "texture": "#1"},
				"south": {"uv": [8, 3, 11, 4], "rotation": 180, "texture": "#1"},
				"west": {"uv": [10, 1, 11, 4], "rotation": 270, "texture": "#1"},
				"up": {"uv": [11, 1, 8, 4], "texture": "#1"},
				"down": {"uv": [8, 1, 11, 4], "rotation": 180, "texture": "#1"}
			}
		},
		{
			"name": "clockwork_sentry_2",
			"from": [7, 0, -9],
			"to": [8, 1, -7],
			"rotation": {"angle": 45, "axis": "y", "origin": [19, 1, 6]},
			"faces": {
				"north": {"uv": [11, 1, 12, 2], "texture": "#1"},
				"east": {"uv": [11, 1, 12, 3], "rotation": 90, "texture": "#1"},
				"south": {"uv": [11, 2, 12, 3], "rotation": 180, "texture": "#1"},
				"west": {"uv": [11, 1, 12, 3], "rotation": 270, "texture": "#1"},
				"up": {"uv": [12, 1, 11, 3], "texture": "#1"},
				"down": {"uv": [11, 1, 12, 3], "rotation": 180, "texture": "#1"}
			}
		},
		{
			"name": "clockwork_sentry_3",
			"from": [5, 0, -9],
			"to": [6, 1, -7],
			"rotation": {"angle": 45, "axis": "y", "origin": [19, 1, 6]},
			"faces": {
				"north": {"uv": [13, 1, 14, 2], "texture": "#1"},
				"east": {"uv": [13, 1, 14, 3], "rotation": 90, "texture": "#1"},
				"south": {"uv": [13, 2, 14, 3], "rotation": 180, "texture": "#1"},
				"west": {"uv": [13, 1, 14, 3], "rotation": 270, "texture": "#1"},
				"up": {"uv": [14, 1, 13, 3], "texture": "#1"},
				"down": {"uv": [13, 1, 14, 3], "rotation": 180, "texture": "#1"}
			}
		},
		{
			"name": "clockwork_sentry_4",
			"from": [14, 0, -8],
			"to": [16, 1, -7],
			"rotation": {"angle": 45, "axis": "y", "origin": [19, 1, 6]},
			"faces": {
				"north": {"uv": [3, 2, 5, 3], "texture": "#1"},
				"east": {"uv": [3, 2, 4, 3], "rotation": 90, "texture": "#1"},
				"south": {"uv": [3, 2, 5, 3], "rotation": 180, "texture": "#1"},
				"west": {"uv": [4, 2, 5, 3], "rotation": 270, "texture": "#1"},
				"up": {"uv": [5, 2, 3, 3], "texture": "#1"},
				"down": {"uv": [3, 2, 5, 3], "rotation": 180, "texture": "#1"}
			}
		},
		{
			"name": "clockwork_sentry_5",
			"from": [11, 0, -8],
			"to": [13, 1, 0],
			"rotation": {"angle": 45, "axis": "y", "origin": [19, 1, 6]},
			"faces": {
				"north": {"uv": [6, 2, 8, 3], "texture": "#1"},
				"east": {"uv": [6, 2, 7, 10], "rotation": 90, "texture": "#1"},
				"south": {"uv": [6, 9, 8, 10], "rotation": 180, "texture": "#1"},
				"west": {"uv": [7, 2, 8, 10], "rotation": 270, "texture": "#1"},
				"up": {"uv": [8, 2, 6, 10], "texture": "#1"},
				"down": {"uv": [6, 2, 8, 10], "rotation": 180, "texture": "#1"}
			}
		},
		{
			"name": "clockwork_sentry_6",
			"from": [16, 0, -7],
			"to": [17, 1, -5],
			"rotation": {"angle": 45, "axis": "y", "origin": [19, 1, 6]},
			"faces": {
				"north": {"uv": [2, 3, 3, 4], "texture": "#1"},
				"east": {"uv": [2, 3, 3, 5], "rotation": 90, "texture": "#1"},
				"south": {"uv": [2, 4, 3, 5], "rotation": 180, "texture": "#1"},
				"west": {"uv": [2, 3, 3, 5], "rotation": 270, "texture": "#1"},
				"up": {"uv": [3, 3, 2, 5], "texture": "#1"},
				"down": {"uv": [2, 3, 3, 5], "rotation": 180, "texture": "#1"}
			}
		},
		{
			"name": "clockwork_sentry_7",
			"from": [13, 0, -7],
			"to": [14, 1, -1],
			"rotation": {"angle": 45, "axis": "y", "origin": [19, 1, 6]},
			"faces": {
				"north": {"uv": [5, 3, 6, 4], "texture": "#1"},
				"east": {"uv": [5, 3, 6, 9], "rotation": 90, "texture": "#1"},
				"south": {"uv": [5, 8, 6, 9], "rotation": 180, "texture": "#1"},
				"west": {"uv": [5, 3, 6, 9], "rotation": 270, "texture": "#1"},
				"up": {"uv": [6, 3, 5, 9], "texture": "#1"},
				"down": {"uv": [5, 3, 6, 9], "rotation": 180, "texture": "#1"}
			}
		},
		{
			"name": "clockwork_sentry_8",
			"from": [14, 0, -6],
			"to": [15, 1, -2],
			"rotation": {"angle": 45, "axis": "y", "origin": [19, 1, 6]},
			"faces": {
				"north": {"uv": [4, 4, 5, 5], "texture": "#1"},
				"east": {"uv": [4, 4, 5, 8], "rotation": 90, "texture": "#1"},
				"south": {"uv": [4, 7, 5, 8], "rotation": 180, "texture": "#1"},
				"west": {"uv": [4, 4, 5, 8], "rotation": 270, "texture": "#1"},
				"up": {"uv": [5, 4, 4, 8], "texture": "#1"},
				"down": {"uv": [4, 4, 5, 8], "rotation": 180, "texture": "#1"}
			}
		},
		{
			"name": "clockwork_sentry_9",
			"from": [7, 0, -6],
			"to": [8, 1, -5],
			"rotation": {"angle": 45, "axis": "y", "origin": [19, 1, 6]},
			"faces": {
				"north": {"uv": [11, 4, 12, 5], "texture": "#1"},
				"east": {"uv": [11, 4, 12, 5], "rotation": 90, "texture": "#1"},
				"south": {"uv": [11, 4, 12, 5], "rotation": 180, "texture": "#1"},
				"west": {"uv": [11, 4, 12, 5], "rotation": 270, "texture": "#1"},
				"up": {"uv": [12, 4, 11, 5], "texture": "#1"},
				"down": {"uv": [11, 4, 12, 5], "rotation": 180, "texture": "#1"}
			}
		},
		{
			"name": "clockwork_sentry_10",
			"from": [15, 0, -5],
			"to": [16, 1, 0],
			"rotation": {"angle": 45, "axis": "y", "origin": [19, 1, 6]},
			"faces": {
				"north": {"uv": [3, 5, 4, 6], "texture": "#1"},
				"east": {"uv": [3, 5, 4, 10], "rotation": 90, "texture": "#1"},
				"south": {"uv": [3, 9, 4, 10], "rotation": 180, "texture": "#1"},
				"west": {"uv": [3, 5, 4, 10], "rotation": 270, "texture": "#1"},
				"up": {"uv": [4, 5, 3, 10], "texture": "#1"},
				"down": {"uv": [3, 5, 4, 10], "rotation": 180, "texture": "#1"}
			}
		},
		{
			"name": "clockwork_sentry_11",
			"from": [10, 0, -5],
			"to": [11, 1, 2],
			"rotation": {"angle": 45, "axis": "y", "origin": [19, 1, 6]},
			"faces": {
				"north": {"uv": [8, 5, 9, 6], "texture": "#1"},
				"east": {"uv": [8, 5, 9, 12], "rotation": 90, "texture": "#1"},
				"south": {"uv": [8, 11, 9, 12], "rotation": 180, "texture": "#1"},
				"west": {"uv": [8, 5, 9, 12], "rotation": 270, "texture": "#1"},
				"up": {"uv": [9, 5, 8, 12], "texture": "#1"},
				"down": {"uv": [8, 5, 9, 12], "rotation": 180, "texture": "#1"}
			}
		},
		{
			"name": "clockwork_sentry_12",
			"from": [8, 0, -5],
			"to": [9, 1, -4],
			"rotation": {"angle": 45, "axis": "y", "origin": [19, 1, 6]},
			"faces": {
				"north": {"uv": [10, 5, 11, 6], "texture": "#1"},
				"east": {"uv": [10, 5, 11, 6], "rotation": 90, "texture": "#1"},
				"south": {"uv": [10, 5, 11, 6], "rotation": 180, "texture": "#1"},
				"west": {"uv": [10, 5, 11, 6], "rotation": 270, "texture": "#1"},
				"up": {"uv": [11, 5, 10, 6], "texture": "#1"},
				"down": {"uv": [10, 5, 11, 6], "rotation": 180, "texture": "#1"}
			}
		},
		{
			"name": "clockwork_sentry_13",
			"from": [16, 0, -4],
			"to": [17, 1, 4],
			"rotation": {"angle": 45, "axis": "y", "origin": [19, 1, 6]},
			"faces": {
				"north": {"uv": [2, 6, 3, 7], "texture": "#1"},
				"east": {"uv": [2, 6, 3, 14], "rotation": 90, "texture": "#1"},
				"south": {"uv": [2, 13, 3, 14], "rotation": 180, "texture": "#1"},
				"west": {"uv": [2, 6, 3, 14], "rotation": 270, "texture": "#1"},
				"up": {"uv": [3, 6, 2, 14], "texture": "#1"},
				"down": {"uv": [2, 6, 3, 14], "rotation": 180, "texture": "#1"}
			}
		},
		{
			"name": "clockwork_sentry_14",
			"from": [9, 0, -4],
			"to": [10, 1, 3],
			"rotation": {"angle": 45, "axis": "y", "origin": [19, 1, 6]},
			"faces": {
				"north": {"uv": [9, 6, 10, 7], "texture": "#1"},
				"east": {"uv": [9, 6, 10, 13], "rotation": 90, "texture": "#1"},
				"south": {"uv": [9, 12, 10, 13], "rotation": 180, "texture": "#1"},
				"west": {"uv": [9, 6, 10, 13], "rotation": 270, "texture": "#1"},
				"up": {"uv": [10, 6, 9, 13], "texture": "#1"},
				"down": {"uv": [9, 6, 10, 13], "rotation": 180, "texture": "#1"}
			}
		},
		{
			"name": "clockwork_sentry_15",
			"from": [8, 0, -3],
			"to": [9, 1, 3],
			"rotation": {"angle": 45, "axis": "y", "origin": [19, 1, 6]},
			"faces": {
				"north": {"uv": [10, 7, 11, 8], "texture": "#1"},
				"east": {"uv": [10, 7, 11, 13], "rotation": 90, "texture": "#1"},
				"south": {"uv": [10, 12, 11, 13], "rotation": 180, "texture": "#1"},
				"west": {"uv": [10, 7, 11, 13], "rotation": 270, "texture": "#1"},
				"up": {"uv": [11, 7, 10, 13], "texture": "#1"},
				"down": {"uv": [10, 7, 11, 13], "rotation": 180, "texture": "#1"}
			}
		},
		{
			"name": "clockwork_sentry_16",
			"from": [17, 0, -2],
			"to": [18, 1, 4],
			"rotation": {"angle": 45, "axis": "y", "origin": [19, 1, 6]},
			"faces": {
				"north": {"uv": [1, 8, 2, 9], "texture": "#1"},
				"east": {"uv": [1, 8, 2, 14], "rotation": 90, "texture": "#1"},
				"south": {"uv": [1, 13, 2, 14], "rotation": 180, "texture": "#1"},
				"west": {"uv": [1, 8, 2, 14], "rotation": 270, "texture": "#1"},
				"up": {"uv": [2, 8, 1, 14], "texture": "#1"},
				"down": {"uv": [1, 8, 2, 14], "rotation": 180, "texture": "#1"}
			}
		},
		{
			"name": "clockwork_sentry_17",
			"from": [7, 0, -2],
			"to": [8, 1, 4],
			"rotation": {"angle": 45, "axis": "y", "origin": [19, 1, 6]},
			"faces": {
				"north": {"uv": [11, 8, 12, 9], "texture": "#1"},
				"east": {"uv": [11, 8, 12, 14], "rotation": 90, "texture": "#1"},
				"south": {"uv": [11, 13, 12, 14], "rotation": 180, "texture": "#1"},
				"west": {"uv": [11, 8, 12, 14], "rotation": 270, "texture": "#1"},
				"up": {"uv": [12, 8, 11, 14], "texture": "#1"},
				"down": {"uv": [11, 8, 12, 14], "rotation": 180, "texture": "#1"}
			}
		},
		{
			"name": "clockwork_sentry_18",
			"from": [6, 0, -1],
			"to": [7, 1, 5],
			"rotation": {"angle": 45, "axis": "y", "origin": [19, 1, 6]},
			"faces": {
				"north": {"uv": [12, 9, 13, 10], "texture": "#1"},
				"east": {"uv": [12, 9, 13, 15], "rotation": 90, "texture": "#1"},
				"south": {"uv": [12, 14, 13, 15], "rotation": 180, "texture": "#1"},
				"west": {"uv": [12, 9, 13, 15], "rotation": 270, "texture": "#1"},
				"up": {"uv": [13, 9, 12, 15], "texture": "#1"},
				"down": {"uv": [12, 9, 13, 15], "rotation": 180, "texture": "#1"}
			}
		},
		{
			"name": "clockwork_sentry_19",
			"from": [13, 0, 0],
			"to": [14, 1, 1],
			"rotation": {"angle": 45, "axis": "y", "origin": [19, 1, 6]},
			"faces": {
				"north": {"uv": [5, 10, 6, 11], "texture": "#1"},
				"east": {"uv": [5, 10, 6, 11], "rotation": 90, "texture": "#1"},
				"south": {"uv": [5, 10, 6, 11], "rotation": 180, "texture": "#1"},
				"west": {"uv": [5, 10, 6, 11], "rotation": 270, "texture": "#1"},
				"up": {"uv": [6, 10, 5, 11], "texture": "#1"},
				"down": {"uv": [5, 10, 6, 11], "rotation": 180, "texture": "#1"}
			}
		},
		{
			"name": "clockwork_sentry_20",
			"from": [11, 0, 0],
			"to": [12, 1, 1],
			"rotation": {"angle": 45, "axis": "y", "origin": [19, 1, 6]},
			"faces": {
				"north": {"uv": [7, 10, 8, 11], "texture": "#1"},
				"east": {"uv": [7, 10, 8, 11], "rotation": 90, "texture": "#1"},
				"south": {"uv": [7, 10, 8, 11], "rotation": 180, "texture": "#1"},
				"west": {"uv": [7, 10, 8, 11], "rotation": 270, "texture": "#1"},
				"up": {"uv": [8, 10, 7, 11], "texture": "#1"},
				"down": {"uv": [7, 10, 8, 11], "rotation": 180, "texture": "#1"}
			}
		},
		{
			"name": "clockwork_sentry_21",
			"from": [14, 0, 1],
			"to": [15, 1, 2],
			"rotation": {"angle": 45, "axis": "y", "origin": [19, 1, 6]},
			"faces": {
				"north": {"uv": [4, 11, 5, 12], "texture": "#1"},
				"east": {"uv": [4, 11, 5, 12], "rotation": 90, "texture": "#1"},
				"south": {"uv": [4, 11, 5, 12], "rotation": 180, "texture": "#1"},
				"west": {"uv": [4, 11, 5, 12], "rotation": 270, "texture": "#1"},
				"up": {"uv": [5, 11, 4, 12], "texture": "#1"},
				"down": {"uv": [4, 11, 5, 12], "rotation": 180, "texture": "#1"}
			}
		},
		{
			"name": "clockwork_sentry_22",
			"from": [5, 0, 1],
			"to": [6, 1, 6],
			"rotation": {"angle": 45, "axis": "y", "origin": [19, 1, 6]},
			"faces": {
				"north": {"uv": [13, 11, 14, 12], "texture": "#1"},
				"east": {"uv": [13, 11, 14, 16], "rotation": 90, "texture": "#1"},
				"south": {"uv": [13, 15, 14, 16], "rotation": 180, "texture": "#1"},
				"west": {"uv": [13, 11, 14, 16], "rotation": 270, "texture": "#1"},
				"up": {"uv": [14, 11, 13, 16], "texture": "#1"},
				"down": {"uv": [13, 11, 14, 16], "rotation": 180, "texture": "#1"}
			}
		},
		{
			"name": "clockwork_sentry_23",
			"from": [18, 0, 2],
			"to": [19, 1, 3],
			"rotation": {"angle": 45, "axis": "y", "origin": [19, 1, 6]},
			"faces": {
				"north": {"uv": [0, 12, 1, 13], "texture": "#1"},
				"east": {"uv": [0, 12, 1, 13], "rotation": 90, "texture": "#1"},
				"south": {"uv": [0, 12, 1, 13], "rotation": 180, "texture": "#1"},
				"west": {"uv": [0, 12, 1, 13], "rotation": 270, "texture": "#1"},
				"up": {"uv": [1, 12, 0, 13], "texture": "#1"},
				"down": {"uv": [0, 12, 1, 13], "rotation": 180, "texture": "#1"}
			}
		},
		{
			"name": "clockwork_sentry_24",
			"from": [15, 0, 2],
			"to": [16, 1, 3],
			"rotation": {"angle": 45, "axis": "y", "origin": [19, 1, 6]},
			"faces": {
				"north": {"uv": [3, 12, 4, 13], "texture": "#1"},
				"east": {"uv": [3, 12, 4, 13], "rotation": 90, "texture": "#1"},
				"south": {"uv": [3, 12, 4, 13], "rotation": 180, "texture": "#1"},
				"west": {"uv": [3, 12, 4, 13], "rotation": 270, "texture": "#1"},
				"up": {"uv": [4, 12, 3, 13], "texture": "#1"},
				"down": {"uv": [3, 12, 4, 13], "rotation": 180, "texture": "#1"}
			}
		},
		{
			"name": "clockwork_sentry_25",
			"from": [4, 0, 2],
			"to": [5, 1, 6],
			"rotation": {"angle": 45, "axis": "y", "origin": [19, 1, 6]},
			"faces": {
				"north": {"uv": [14, 12, 15, 13], "texture": "#1"},
				"east": {"uv": [14, 12, 15, 16], "rotation": 90, "texture": "#1"},
				"south": {"uv": [14, 15, 15, 16], "rotation": 180, "texture": "#1"},
				"west": {"uv": [14, 12, 15, 16], "rotation": 270, "texture": "#1"},
				"up": {"uv": [15, 12, 14, 16], "texture": "#1"},
				"down": {"uv": [14, 12, 15, 16], "rotation": 180, "texture": "#1"}
			}
		},
		{
			"name": "clockwork_sentry_26",
			"from": [3, 0, 3],
			"to": [4, 1, 5],
			"rotation": {"angle": 45, "axis": "y", "origin": [19, 1, 6]},
			"faces": {
				"north": {"uv": [15, 13, 16, 14], "texture": "#1"},
				"east": {"uv": [15, 13, 16, 15], "rotation": 90, "texture": "#1"},
				"south": {"uv": [15, 14, 16, 15], "rotation": 180, "texture": "#1"},
				"west": {"uv": [15, 13, 16, 15], "rotation": 270, "texture": "#1"},
				"up": {"uv": [16, 13, 15, 15], "texture": "#1"},
				"down": {"uv": [15, 13, 16, 15], "rotation": 180, "texture": "#1"}
			}
		}
	],
	"display": {
		"head": {
			"translation": [0, 10, 0],
			"scale": [1.5, 1.5, 1.5]
		}
	},
	"groups": [
		{
			"name": "clockwork_sentry",
			"origin": [8, 8, 8],
			"color": 0,
			"children": [0, 1, 2, 3, 4, 5, 6, 7, 8, 9, 10, 11, 12, 13, 14, 15, 16, 17, 18, 19, 20, 21, 22, 23, 24, 25, 26]
		}
	]
}