{
	"textures": {
		"4": "item/prop_items/spell/light_sentry",
		"particle": "item/prop_items/spell/sentry"
	},
	"elements": [
		{
			"name": "light_sentry_0",
			"from": [7.5, 11, 8],
			"to": [8.5, 14, 12],
			"rotation": {"angle": 0, "axis": "y", "origin": [8.5, 0, 0]},
			"faces": {
				"north": {"uv": [8, 2, 9, 5], "texture": "#4"},
				"east": {"uv": [12, 2, 8, 5], "texture": "#4"},
				"south": {"uv": [11, 2, 12, 5], "texture": "#4"},
				"west": {"uv": [8, 2, 12, 5], "texture": "#4"},
				"up": {"uv": [8, 2, 12, 3], "rotation": 90, "texture": "#4"},
				"down": {"uv": [8, 4, 12, 5], "rotation": 270, "texture": "#4"}
			}
		},
		{
			"name": "light_sentry_1",
			"from": [7.5, 10, 6],
			"to": [8.5, 13, 8],
			"rotation": {"angle": 0, "axis": "y", "origin": [8.5, 0, 0]},
			"faces": {
				"north": {"uv": [6, 3, 7, 6], "texture": "#4"},
				"east": {"uv": [8, 3, 6, 6], "texture": "#4"},
				"south": {"uv": [7, 3, 8, 6], "texture": "#4"},
				"west": {"uv": [6, 3, 8, 6], "texture": "#4"},
				"up": {"uv": [6, 3, 8, 4], "rotation": 90, "texture": "#4"},
				"down": {"uv": [6, 5, 8, 6], "rotation": 270, "texture": "#4"}
			}
		},
		{
			"name": "light_sentry_2",
			"from": [7.5, 10, 12],
			"to": [8.5, 13, 13],
			"rotation": {"angle": 0, "axis": "y", "origin": [8.5, 0, 0]},
			"faces": {
				"north": {"uv": [12, 3, 13, 6], "texture": "#4"},
				"east": {"uv": [13, 3, 12, 6], "texture": "#4"},
				"south": {"uv": [12, 3, 13, 6], "texture": "#4"},
				"west": {"uv": [12, 3, 13, 6], "texture": "#4"},
				"up": {"uv": [12, 3, 13, 4], "rotation": 90, "texture": "#4"},
				"down": {"uv": [12, 5, 13, 6], "rotation": 270, "texture": "#4"}
			}
		},
		{
			"name": "light_sentry_3",
			"from": [7.5, 8, 5],
			"to": [8.5, 12, 6],
			"rotation": {"angle": 0, "axis": "y", "origin": [8.5, 0, 0]},
			"faces": {
				"north": {"uv": [5, 4, 6, 8], "texture": "#4"},
				"east": {"uv": [6, 4, 5, 8], "texture": "#4"},
				"south": {"uv": [5, 4, 6, 8], "texture": "#4"},
				"west": {"uv": [5, 4, 6, 8], "texture": "#4"},
				"up": {"uv": [5, 4, 6, 5], "rotation": 90, "texture": "#4"},
				"down": {"uv": [5, 7, 6, 8], "rotation": 270, "texture": "#4"}
			}
		},
		{
			"name": "light_sentry_4",
			"from": [7.5, 11, 13],
			"to": [8.5, 12, 14],
			"rotation": {"angle": 0, "axis": "y", "origin": [8.5, 0, 0]},
			"faces": {
				"north": {"uv": [13, 4, 14, 5], "texture": "#4"},
				"east": {"uv": [14, 4, 13, 5], "texture": "#4"},
				"south": {"uv": [13, 4, 14, 5], "texture": "#4"},
				"west": {"uv": [13, 4, 14, 5], "texture": "#4"},
				"up": {"uv": [13, 4, 14, 5], "rotation": 90, "texture": "#4"},
				"down": {"uv": [13, 4, 14, 5], "rotation": 270, "texture": "#4"}
			}
		},
		{
			"name": "light_sentry_5",
			"from": [7.5, 2, 4],
			"to": [8.5, 11, 5],
			"rotation": {"angle": 0, "axis": "y", "origin": [8.5, 0, 0]},
			"faces": {
				"north": {"uv": [4, 5, 5, 14], "texture": "#4"},
				"east": {"uv": [5, 5, 4, 14], "texture": "#4"},
				"south": {"uv": [4, 5, 5, 14], "texture": "#4"},
				"west": {"uv": [4, 5, 5, 14], "texture": "#4"},
				"up": {"uv": [4, 5, 5, 6], "rotation": 90, "texture": "#4"},
				"down": {"uv": [4, 13, 5, 14], "rotation": 270, "texture": "#4"}
			}
		},
		{
			"name": "light_sentry_6",
			"from": [7.5, 9, 11],
			"to": [8.5, 11, 12],
			"rotation": {"angle": 0, "axis": "y", "origin": [8.5, 0, 0]},
			"faces": {
				"north": {"uv": [11, 5, 12, 7], "texture": "#4"},
				"east": {"uv": [12, 5, 11, 7], "texture": "#4"},
				"south": {"uv": [11, 5, 12, 7], "texture": "#4"},
				"west": {"uv": [11, 5, 12, 7], "texture": "#4"},
				"up": {"uv": [11, 5, 12, 6], "rotation": 90, "texture": "#4"},
				"down": {"uv": [11, 6, 12, 7], "rotation": 270, "texture": "#4"}
			}
		},
		{
			"name": "light_sentry_7",
			"from": [7.5, 3, 3],
			"to": [8.5, 10, 4],
			"rotation": {"angle": 0, "axis": "y", "origin": [8.5, 0, 0]},
			"faces": {
				"north": {"uv": [3, 6, 4, 13], "texture": "#4"},
				"east": {"uv": [4, 6, 3, 13], "texture": "#4"},
				"south": {"uv": [3, 6, 4, 13], "texture": "#4"},
				"west": {"uv": [3, 6, 4, 13], "texture": "#4"},
				"up": {"uv": [3, 6, 4, 7], "rotation": 90, "texture": "#4"},
				"down": {"uv": [3, 12, 4, 13], "rotation": 270, "texture": "#4"}
			}
		},
		{
			"name": "light_sentry_8",
			"from": [7.5, 9, 6],
			"to": [8.5, 10, 7],
			"rotation": {"angle": 0, "axis": "y", "origin": [8.5, 0, 0]},
			"faces": {
				"north": {"uv": [6, 6, 7, 7], "texture": "#4"},
				"east": {"uv": [7, 6, 6, 7], "texture": "#4"},
				"south": {"uv": [6, 6, 7, 7], "texture": "#4"},
				"west": {"uv": [6, 6, 7, 7], "texture": "#4"},
				"up": {"uv": [6, 6, 7, 7], "rotation": 90, "texture": "#4"},
				"down": {"uv": [6, 6, 7, 7], "rotation": 270, "texture": "#4"}
			}
		},
		{
			"name": "light_sentry_9",
			"from": [7.5, 8, 10],
			"to": [8.5, 9, 11],
			"rotation": {"angle": 0, "axis": "y", "origin": [8.5, 0, 0]},
			"faces": {
				"north": {"uv": [10, 7, 11, 8], "texture": "#4"},
				"east": {"uv": [11, 7, 10, 8], "texture": "#4"},
				"south": {"uv": [10, 7, 11, 8], "texture": "#4"},
				"west": {"uv": [10, 7, 11, 8], "texture": "#4"},
				"up": {"uv": [10, 7, 11, 8], "rotation": 90, "texture": "#4"},
				"down": {"uv": [10, 7, 11, 8], "rotation": 270, "texture": "#4"}
			}
		},
		{
			"name": "light_sentry_10",
			"from": [7.5, 4, 2],
			"to": [8.5, 8, 3],
			"rotation": {"angle": 0, "axis": "y", "origin": [8.5, 0, 0]},
			"faces": {
				"north": {"uv": [2, 8, 3, 12], "texture": "#4"},
				"east": {"uv": [3, 8, 2, 12], "texture": "#4"},
				"south": {"uv": [2, 8, 3, 12], "texture": "#4"},
				"west": {"uv": [2, 8, 3, 12], "texture": "#4"},
				"up": {"uv": [2, 8, 3, 9], "rotation": 90, "texture": "#4"},
				"down": {"uv": [2, 11, 3, 12], "rotation": 270, "texture": "#4"}
			}
		},
		{
			"name": "light_sentry_11",
			"from": [7.5, 7, 9],
			"to": [8.5, 8, 10],
			"rotation": {"angle": 0, "axis": "y", "origin": [8.5, 0, 0]},
			"faces": {
				"north": {"uv": [9, 8, 10, 9], "texture": "#4"},
				"east": {"uv": [10, 8, 9, 9], "texture": "#4"},
				"south": {"uv": [9, 8, 10, 9], "texture": "#4"},
				"west": {"uv": [9, 8, 10, 9], "texture": "#4"},
				"up": {"uv": [9, 8, 10, 9], "rotation": 90, "texture": "#4"},
				"down": {"uv": [9, 8, 10, 9], "rotation": 270, "texture": "#4"}
			}
		},
		{
			"name": "light_sentry_12",
			"from": [7.5, 6, 8],
			"to": [8.5, 7, 9],
			"rotation": {"angle": 0, "axis": "y", "origin": [8.5, 0, 0]},
			"faces": {
				"north": {"uv": [8, 9, 9, 10], "texture": "#4"},
				"east": {"uv": [9, 9, 8, 10], "texture": "#4"},
				"south": {"uv": [8, 9, 9, 10], "texture": "#4"},
				"west": {"uv": [8, 9, 9, 10], "texture": "#4"},
				"up": {"uv": [8, 9, 9, 10], "rotation": 90, "texture": "#4"},
				"down": {"uv": [8, 9, 9, 10], "rotation": 270, "texture": "#4"}
			}
		},
		{
			"name": "light_sentry_13",
			"from": [7.5, 5, 7],
			"to": [8.5, 6, 8],
			"rotation": {"angle": 0, "axis": "y", "origin": [8.5, 0, 0]},
			"faces": {
				"north": {"uv": [7, 10, 8, 11], "texture": "#4"},
				"east": {"uv": [8, 10, 7, 11], "texture": "#4"},
				"south": {"uv": [7, 10, 8, 11], "texture": "#4"},
				"west": {"uv": [7, 10, 8, 11], "texture": "#4"},
				"up": {"uv": [7, 10, 8, 11], "rotation": 90, "texture": "#4"},
				"down": {"uv": [7, 10, 8, 11], "rotation": 270, "texture": "#4"}
			}
		},
		{
			"name": "light_sentry_14",
			"from": [7.5, 4, 5],
			"to": [8.5, 5, 7],
			"rotation": {"angle": 0, "axis": "y", "origin": [8.5, 0, 0]},
			"faces": {
				"north": {"uv": [5, 11, 6, 12], "texture": "#4"},
				"east": {"uv": [7, 11, 5, 12], "texture": "#4"},
				"south": {"uv": [6, 11, 7, 12], "texture": "#4"},
				"west": {"uv": [5, 11, 7, 12], "texture": "#4"},
				"up": {"uv": [5, 11, 7, 12], "rotation": 90, "texture": "#4"},
				"down": {"uv": [5, 11, 7, 12], "rotation": 270, "texture": "#4"}
			}
		},
		{
			"name": "light_sentry_15",
			"from": [7.5, 3, 5],
			"to": [8.5, 4, 6],
			"rotation": {"angle": 0, "axis": "y", "origin": [8.5, 0, 0]},
			"faces": {
				"north": {"uv": [5, 12, 6, 13], "texture": "#4"},
				"east": {"uv": [6, 12, 5, 13], "texture": "#4"},
				"south": {"uv": [5, 12, 6, 13], "texture": "#4"},
				"west": {"uv": [5, 12, 6, 13], "texture": "#4"},
				"up": {"uv": [5, 12, 6, 13], "rotation": 90, "texture": "#4"},
				"down": {"uv": [5, 12, 6, 13], "rotation": 270, "texture": "#4"}
			}
		}
	],
	"display": {
		"head": {
			"rotation": [-45, 0, 0],
			"scale": [1.5, 1.5, 1.5]
		}
	},
	"groups": [
		{
			"name": "light_sentry",
			"origin": [8, 8, 8],
			"color": 0,
			"children": [0, 1, 2, 3, 4, 5, 6, 7, 8, 9, 10, 11, 12, 13, 14, 15]
		}
	]
}