{
	"textures": {
		"2": "item/prop_items/spell/sentry",
		"particle": "item/prop_items/spell/sentry"
	},
	"elements": [
		{
			"name": "sentry_0",
			"from": [7.5, 14, 11],
			"to": [8.5, 15, 12],
			"rotation": {"angle": 0, "axis": "x", "origin": [8.5, 0, 0]},
			"faces": {
				"north": {"uv": [11, 1, 12, 2], "texture": "#2"},
				"east": {"uv": [12, 1, 11, 2], "texture": "#2"},
				"west": {"uv": [11, 1, 12, 2], "texture": "#2"},
				"up": {"uv": [11, 1, 12, 2], "rotation": 90, "texture": "#2"}
			}
		},
		{
			"name": "sentry_1",
			"from": [7.5, 14, 12],
			"to": [8.5, 15, 13],
			"rotation": {"angle": 0, "axis": "x", "origin": [8.5, 0, 0]},
			"faces": {
				"east": {"uv": [13, 1, 12, 2], "texture": "#2"},
				"west": {"uv": [12, 1, 13, 2], "texture": "#2"},
				"up": {"uv": [12, 1, 13, 2], "rotation": 90, "texture": "#2"}
			}
		},
		{
			"name": "sentry_2",
			"from": [7.5, 14, 13],
			"to": [8.5, 15, 14],
			"rotation": {"angle": 0, "axis": "x", "origin": [8.5, 0, 0]},
			"faces": {
				"east": {"uv": [14, 1, 13, 2], "texture": "#2"},
				"west": {"uv": [13, 1, 14, 2], "texture": "#2"},
				"up": {"uv": [13, 1, 14, 2], "rotation": 90, "texture": "#2"}
			}
		},
		{
			"name": "sentry_3",
			"from": [7.5, 14, 14],
			"to": [8.5, 15, 15],
			"rotation": {"angle": 0, "axis": "x", "origin": [8.5, 0, 0]},
			"faces": {
				"east": {"uv": [15, 1, 14, 2], "texture": "#2"},
				"south": {"uv": [14, 1, 15, 2], "texture": "#2"},
				"west": {"uv": [14, 1, 15, 2], "texture": "#2"},
				"up": {"uv": [14, 1, 15, 2], "rotation": 90, "texture": "#2"}
			}
		},
		{
			"name": "sentry_4",
			"from": [7.5, 13, 8],
			"to": [8.5, 14, 9],
			"rotation": {"angle": 0, "axis": "x", "origin": [8.5, 0, 0]},
			"faces": {
				"north": {"uv": [8, 2, 9, 3], "texture": "#2"},
				"east": {"uv": [9, 2, 8, 3], "texture": "#2"},
				"west": {"uv": [8, 2, 9, 3], "texture": "#2"},
				"up": {"uv": [8, 2, 9, 3], "rotation": 90, "texture": "#2"}
			}
		},
		{
			"name": "sentry_5",
			"from": [7.5, 13, 9],
			"to": [8.5, 14, 10],
			"rotation": {"angle": 0, "axis": "x", "origin": [8.5, 0, 0]},
			"faces": {
				"east": {"uv": [10, 2, 9, 3], "texture": "#2"},
				"west": {"uv": [9, 2, 10, 3], "texture": "#2"},
				"up": {"uv": [9, 2, 10, 3], "rotation": 90, "texture": "#2"}
			}
		},
		{
			"name": "sentry_6",
			"from": [7.5, 13, 10],
			"to": [8.5, 14, 11],
			"rotation": {"angle": 0, "axis": "x", "origin": [8.5, 0, 0]},
			"faces": {
				"east": {"uv": [11, 2, 10, 3], "texture": "#2"},
				"west": {"uv": [10, 2, 11, 3], "texture": "#2"},
				"up": {"uv": [10, 2, 11, 3], "rotation": 90, "texture": "#2"}
			}
		},
		{
			"name": "sentry_7",
			"from": [7.5, 13, 11],
			"to": [8.5, 14, 12],
			"rotation": {"angle": 0, "axis": "x", "origin": [8.5, 0, 0]},
			"faces": {
				"east": {"uv": [12, 2, 11, 3], "texture": "#2"},
				"west": {"uv": [11, 2, 12, 3], "texture": "#2"}
			}
		},
		{
			"name": "sentry_8",
			"from": [7.5, 13, 12],
			"to": [8.5, 14, 13],
			"rotation": {"angle": 0, "axis": "x", "origin": [8.5, 0, 0]},
			"faces": {
				"east": {"uv": [13, 2, 12, 3], "texture": "#2"},
				"west": {"uv": [12, 2, 13, 3], "texture": "#2"}
			}
		},
		{
			"name": "sentry_9",
			"from": [7.5, 13, 13],
			"to": [8.5, 14, 14],
			"rotation": {"angle": 0, "axis": "x", "origin": [8.5, 0, 0]},
			"faces": {
				"east": {"uv": [14, 2, 13, 3], "texture": "#2"},
				"west": {"uv": [13, 2, 14, 3], "texture": "#2"}
			}
		},
		{
			"name": "sentry_10",
			"from": [7.5, 13, 14],
			"to": [8.5, 14, 15],
			"rotation": {"angle": 0, "axis": "x", "origin": [8.5, 0, 0]},
			"faces": {
				"east": {"uv": [15, 2, 14, 3], "texture": "#2"},
				"west": {"uv": [14, 2, 15, 3], "texture": "#2"}
			}
		},
		{
			"name": "sentry_11",
			"from": [7.5, 13, 15],
			"to": [8.5, 14, 16],
			"rotation": {"angle": 0, "axis": "x", "origin": [8.5, 0, 0]},
			"faces": {
				"east": {"uv": [16, 2, 15, 3], "texture": "#2"},
				"south": {"uv": [15, 2, 16, 3], "texture": "#2"},
				"west": {"uv": [15, 2, 16, 3], "texture": "#2"},
				"up": {"uv": [15, 2, 16, 3], "rotation": 90, "texture": "#2"},
				"down": {"uv": [15, 2, 16, 3], "rotation": 270, "texture": "#2"}
			}
		},
		{
			"name": "sentry_12",
			"from": [7.5, 12, 6],
			"to": [8.5, 13, 7],
			"rotation": {"angle": 0, "axis": "x", "origin": [8.5, 0, 0]},
			"faces": {
				"north": {"uv": [6, 3, 7, 4], "texture": "#2"},
				"east": {"uv": [7, 3, 6, 4], "texture": "#2"},
				"west": {"uv": [6, 3, 7, 4], "texture": "#2"},
				"up": {"uv": [6, 3, 7, 4], "rotation": 90, "texture": "#2"}
			}
		},
		{
			"name": "sentry_13",
			"from": [7.5, 12, 7],
			"to": [8.5, 13, 8],
			"rotation": {"angle": 0, "axis": "x", "origin": [8.5, 0, 0]},
			"faces": {
				"east": {"uv": [8, 3, 7, 4], "texture": "#2"},
				"west": {"uv": [7, 3, 8, 4], "texture": "#2"},
				"up": {"uv": [7, 3, 8, 4], "rotation": 90, "texture": "#2"}
			}
		},
		{
			"name": "sentry_14",
			"from": [7.5, 12, 8],
			"to": [8.5, 13, 9],
			"rotation": {"angle": 0, "axis": "x", "origin": [8.5, 0, 0]},
			"faces": {
				"east": {"uv": [9, 3, 8, 4], "texture": "#2"},
				"west": {"uv": [8, 3, 9, 4], "texture": "#2"}
			}
		},
		{
			"name": "sentry_15",
			"from": [7.5, 12, 9],
			"to": [8.5, 13, 10],
			"rotation": {"angle": 0, "axis": "x", "origin": [8.5, 0, 0]},
			"faces": {
				"east": {"uv": [10, 3, 9, 4], "texture": "#2"},
				"west": {"uv": [9, 3, 10, 4], "texture": "#2"}
			}
		},
		{
			"name": "sentry_16",
			"from": [7.5, 12, 10],
			"to": [8.5, 13, 11],
			"rotation": {"angle": 0, "axis": "x", "origin": [8.5, 0, 0]},
			"faces": {
				"east": {"uv": [11, 3, 10, 4], "texture": "#2"},
				"west": {"uv": [10, 3, 11, 4], "texture": "#2"}
			}
		},
		{
			"name": "sentry_17",
			"from": [7.5, 12, 11],
			"to": [8.5, 13, 12],
			"rotation": {"angle": 0, "axis": "x", "origin": [8.5, 0, 0]},
			"faces": {
				"east": {"uv": [12, 3, 11, 4], "texture": "#2"},
				"west": {"uv": [11, 3, 12, 4], "texture": "#2"},
				"down": {"uv": [11, 3, 12, 4], "rotation": 270, "texture": "#2"}
			}
		},
		{
			"name": "sentry_18",
			"from": [7.5, 12, 12],
			"to": [8.5, 13, 13],
			"rotation": {"angle": 0, "axis": "x", "origin": [8.5, 0, 0]},
			"faces": {
				"east": {"uv": [13, 3, 12, 4], "texture": "#2"},
				"west": {"uv": [12, 3, 13, 4], "texture": "#2"},
				"down": {"uv": [12, 3, 13, 4], "rotation": 270, "texture": "#2"}
			}
		},
		{
			"name": "sentry_19",
			"from": [7.5, 12, 13],
			"to": [8.5, 13, 14],
			"rotation": {"angle": 0, "axis": "x", "origin": [8.5, 0, 0]},
			"faces": {
				"east": {"uv": [14, 3, 13, 4], "texture": "#2"},
				"west": {"uv": [13, 3, 14, 4], "texture": "#2"}
			}
		},
		{
			"name": "sentry_20",
			"from": [7.5, 12, 14],
			"to": [8.5, 13, 15],
			"rotation": {"angle": 0, "axis": "x", "origin": [8.5, 0, 0]},
			"faces": {
				"east": {"uv": [15, 3, 14, 4], "texture": "#2"},
				"south": {"uv": [14, 3, 15, 4], "texture": "#2"},
				"west": {"uv": [14, 3, 15, 4], "texture": "#2"},
				"down": {"uv": [14, 3, 15, 4], "rotation": 270, "texture": "#2"}
			}
		},
		{
			"name": "sentry_21",
			"from": [7.5, 11, 5],
			"to": [8.5, 12, 6],
			"rotation": {"angle": 0, "axis": "x", "origin": [8.5, 0, 0]},
			"faces": {
				"north": {"uv": [5, 4, 6, 5], "texture": "#2"},
				"east": {"uv": [6, 4, 5, 5], "texture": "#2"},
				"west": {"uv": [5, 4, 6, 5], "texture": "#2"},
				"up": {"uv": [5, 4, 6, 5], "rotation": 90, "texture": "#2"}
			}
		},
		{
			"name": "sentry_22",
			"from": [7.5, 11, 6],
			"to": [8.5, 12, 7],
			"rotation": {"angle": 0, "axis": "x", "origin": [8.5, 0, 0]},
			"faces": {
				"east": {"uv": [7, 4, 6, 5], "texture": "#2"},
				"west": {"uv": [6, 4, 7, 5], "texture": "#2"}
			}
		},
		{
			"name": "sentry_23",
			"from": [7.5, 11, 7],
			"to": [8.5, 12, 8],
			"rotation": {"angle": 0, "axis": "x", "origin": [8.5, 0, 0]},
			"faces": {
				"east": {"uv": [8, 4, 7, 5], "texture": "#2"},
				"west": {"uv": [7, 4, 8, 5], "texture": "#2"}
			}
		},
		{
			"name": "sentry_24",
			"from": [7.5, 11, 8],
			"to": [8.5, 12, 9],
			"rotation": {"angle": 0, "axis": "x", "origin": [8.5, 0, 0]},
			"faces": {
				"east": {"uv": [9, 4, 8, 5], "texture": "#2"},
				"west": {"uv": [8, 4, 9, 5], "texture": "#2"},
				"down": {"uv": [8, 4, 9, 5], "rotation": 270, "texture": "#2"}
			}
		},
		{
			"name": "sentry_25",
			"from": [7.5, 11, 9],
			"to": [8.5, 12, 10],
			"rotation": {"angle": 0, "axis": "x", "origin": [8.5, 0, 0]},
			"faces": {
				"east": {"uv": [10, 4, 9, 5], "texture": "#2"},
				"west": {"uv": [9, 4, 10, 5], "texture": "#2"},
				"down": {"uv": [9, 4, 10, 5], "rotation": 270, "texture": "#2"}
			}
		},
		{
			"name": "sentry_26",
			"from": [7.5, 11, 10],
			"to": [8.5, 12, 11],
			"rotation": {"angle": 0, "axis": "x", "origin": [8.5, 0, 0]},
			"faces": {
				"east": {"uv": [11, 4, 10, 5], "texture": "#2"},
				"south": {"uv": [10, 4, 11, 5], "texture": "#2"},
				"west": {"uv": [10, 4, 11, 5], "texture": "#2"},
				"down": {"uv": [10, 4, 11, 5], "rotation": 270, "texture": "#2"}
			}
		},
		{
			"name": "sentry_27",
			"from": [7.5, 11, 13],
			"to": [8.5, 12, 14],
			"rotation": {"angle": 0, "axis": "x", "origin": [8.5, 0, 0]},
			"faces": {
				"north": {"uv": [13, 4, 14, 5], "texture": "#2"},
				"east": {"uv": [14, 4, 13, 5], "texture": "#2"},
				"south": {"uv": [13, 4, 14, 5], "texture": "#2"},
				"west": {"uv": [13, 4, 14, 5], "texture": "#2"},
				"down": {"uv": [13, 4, 14, 5], "rotation": 270, "texture": "#2"}
			}
		},
		{
			"name": "sentry_28",
			"from": [7.5, 10, 4],
			"to": [8.5, 11, 5],
			"rotation": {"angle": 0, "axis": "x", "origin": [8.5, 0, 0]},
			"faces": {
				"north": {"uv": [4, 5, 5, 6], "texture": "#2"},
				"east": {"uv": [5, 5, 4, 6], "texture": "#2"},
				"west": {"uv": [4, 5, 5, 6], "texture": "#2"},
				"up": {"uv": [4, 5, 5, 6], "rotation": 90, "texture": "#2"}
			}
		},
		{
			"name": "sentry_29",
			"from": [7.5, 10, 5],
			"to": [8.5, 11, 6],
			"rotation": {"angle": 0, "axis": "x", "origin": [8.5, 0, 0]},
			"faces": {
				"east": {"uv": [6, 5, 5, 6], "texture": "#2"},
				"west": {"uv": [5, 5, 6, 6], "texture": "#2"}
			}
		},
		{
			"name": "sentry_30",
			"from": [7.5, 10, 6],
			"to": [8.5, 11, 7],
			"rotation": {"angle": 0, "axis": "x", "origin": [8.5, 0, 0]},
			"faces": {
				"east": {"uv": [7, 5, 6, 6], "texture": "#2"},
				"west": {"uv": [6, 5, 7, 6], "texture": "#2"}
			}
		},
		{
			"name": "sentry_31",
			"from": [7.5, 10, 7],
			"to": [8.5, 11, 8],
			"rotation": {"angle": 0, "axis": "x", "origin": [8.5, 0, 0]},
			"faces": {
				"east": {"uv": [8, 5, 7, 6], "texture": "#2"},
				"south": {"uv": [7, 5, 8, 6], "texture": "#2"},
				"west": {"uv": [7, 5, 8, 6], "texture": "#2"},
				"down": {"uv": [7, 5, 8, 6], "rotation": 270, "texture": "#2"}
			}
		},
		{
			"name": "sentry_32",
			"from": [7.5, 10, 12],
			"to": [8.5, 11, 13],
			"rotation": {"angle": 0, "axis": "x", "origin": [8.5, 0, 0]},
			"faces": {
				"north": {"uv": [12, 5, 13, 6], "texture": "#2"},
				"east": {"uv": [13, 5, 12, 6], "texture": "#2"},
				"south": {"uv": [12, 5, 13, 6], "texture": "#2"},
				"west": {"uv": [12, 5, 13, 6], "texture": "#2"},
				"up": {"uv": [12, 5, 13, 6], "rotation": 90, "texture": "#2"},
				"down": {"uv": [12, 5, 13, 6], "rotation": 270, "texture": "#2"}
			}
		},
		{
			"name": "sentry_33",
			"from": [7.5, 9, 3],
			"to": [8.5, 10, 4],
			"rotation": {"angle": 0, "axis": "x", "origin": [8.5, 0, 0]},
			"faces": {
				"north": {"uv": [3, 6, 4, 7], "texture": "#2"},
				"east": {"uv": [4, 6, 3, 7], "texture": "#2"},
				"west": {"uv": [3, 6, 4, 7], "texture": "#2"},
				"up": {"uv": [3, 6, 4, 7], "rotation": 90, "texture": "#2"}
			}
		},
		{
			"name": "sentry_34",
			"from": [7.5, 9, 4],
			"to": [8.5, 10, 5],
			"rotation": {"angle": 0, "axis": "x", "origin": [8.5, 0, 0]},
			"faces": {
				"east": {"uv": [5, 6, 4, 7], "texture": "#2"},
				"west": {"uv": [4, 6, 5, 7], "texture": "#2"}
			}
		},
		{
			"name": "sentry_35",
			"from": [7.5, 9, 5],
			"to": [8.5, 10, 6],
			"rotation": {"angle": 0, "axis": "x", "origin": [8.5, 0, 0]},
			"faces": {
				"east": {"uv": [6, 6, 5, 7], "texture": "#2"},
				"west": {"uv": [5, 6, 6, 7], "texture": "#2"}
			}
		},
		{
			"name": "sentry_36",
			"from": [7.5, 9, 6],
			"to": [8.5, 10, 7],
			"rotation": {"angle": 0, "axis": "x", "origin": [8.5, 0, 0]},
			"faces": {
				"east": {"uv": [7, 6, 6, 7], "texture": "#2"},
				"south": {"uv": [6, 6, 7, 7], "texture": "#2"},
				"west": {"uv": [6, 6, 7, 7], "texture": "#2"},
				"down": {"uv": [6, 6, 7, 7], "rotation": 270, "texture": "#2"}
			}
		},
		{
			"name": "sentry_37",
			"from": [7.5, 9, 11],
			"to": [8.5, 10, 12],
			"rotation": {"angle": 0, "axis": "x", "origin": [8.5, 0, 0]},
			"faces": {
				"north": {"uv": [11, 6, 12, 7], "texture": "#2"},
				"east": {"uv": [12, 6, 11, 7], "texture": "#2"},
				"south": {"uv": [11, 6, 12, 7], "texture": "#2"},
				"west": {"uv": [11, 6, 12, 7], "texture": "#2"},
				"up": {"uv": [11, 6, 12, 7], "rotation": 90, "texture": "#2"},
				"down": {"uv": [11, 6, 12, 7], "rotation": 270, "texture": "#2"}
			}
		},
		{
			"name": "sentry_38",
			"from": [7.5, 8, 3],
			"to": [8.5, 9, 4],
			"rotation": {"angle": 0, "axis": "x", "origin": [8.5, 0, 0]},
			"faces": {
				"north": {"uv": [3, 7, 4, 8], "texture": "#2"},
				"east": {"uv": [4, 7, 3, 8], "texture": "#2"},
				"west": {"uv": [3, 7, 4, 8], "texture": "#2"}
			}
		},
		{
			"name": "sentry_39",
			"from": [7.5, 8, 4],
			"to": [8.5, 9, 5],
			"rotation": {"angle": 0, "axis": "x", "origin": [8.5, 0, 0]},
			"faces": {
				"east": {"uv": [5, 7, 4, 8], "texture": "#2"},
				"west": {"uv": [4, 7, 5, 8], "texture": "#2"}
			}
		},
		{
			"name": "sentry_40",
			"from": [7.5, 8, 5],
			"to": [8.5, 9, 6],
			"rotation": {"angle": 0, "axis": "x", "origin": [8.5, 0, 0]},
			"faces": {
				"east": {"uv": [6, 7, 5, 8], "texture": "#2"},
				"south": {"uv": [5, 7, 6, 8], "texture": "#2"},
				"west": {"uv": [5, 7, 6, 8], "texture": "#2"},
				"down": {"uv": [5, 7, 6, 8], "rotation": 270, "texture": "#2"}
			}
		},
		{
			"name": "sentry_41",
			"from": [7.5, 8, 10],
			"to": [8.5, 9, 11],
			"rotation": {"angle": 0, "axis": "x", "origin": [8.5, 0, 0]},
			"faces": {
				"north": {"uv": [10, 7, 11, 8], "texture": "#2"},
				"east": {"uv": [11, 7, 10, 8], "texture": "#2"},
				"south": {"uv": [10, 7, 11, 8], "texture": "#2"},
				"west": {"uv": [10, 7, 11, 8], "texture": "#2"},
				"up": {"uv": [10, 7, 11, 8], "rotation": 90, "texture": "#2"},
				"down": {"uv": [10, 7, 11, 8], "rotation": 270, "texture": "#2"}
			}
		},
		{
			"name": "sentry_42",
			"from": [7.5, 7, 2],
			"to": [8.5, 8, 3],
			"rotation": {"angle": 0, "axis": "x", "origin": [8.5, 0, 0]},
			"faces": {
				"north": {"uv": [2, 8, 3, 9], "texture": "#2"},
				"east": {"uv": [3, 8, 2, 9], "texture": "#2"},
				"west": {"uv": [2, 8, 3, 9], "texture": "#2"},
				"up": {"uv": [2, 8, 3, 9], "rotation": 90, "texture": "#2"}
			}
		},
		{
			"name": "sentry_43",
			"from": [7.5, 7, 3],
			"to": [8.5, 8, 4],
			"rotation": {"angle": 0, "axis": "x", "origin": [8.5, 0, 0]},
			"faces": {
				"east": {"uv": [4, 8, 3, 9], "texture": "#2"},
				"west": {"uv": [3, 8, 4, 9], "texture": "#2"}
			}
		},
		{
			"name": "sentry_44",
			"from": [7.5, 7, 4],
			"to": [8.5, 8, 5],
			"rotation": {"angle": 0, "axis": "x", "origin": [8.5, 0, 0]},
			"faces": {
				"east": {"uv": [5, 8, 4, 9], "texture": "#2"},
				"south": {"uv": [4, 8, 5, 9], "texture": "#2"},
				"west": {"uv": [4, 8, 5, 9], "texture": "#2"}
			}
		},
		{
			"name": "sentry_45",
			"from": [7.5, 7, 9],
			"to": [8.5, 8, 10],
			"rotation": {"angle": 0, "axis": "x", "origin": [8.5, 0, 0]},
			"faces": {
				"north": {"uv": [9, 8, 10, 9], "texture": "#2"},
				"east": {"uv": [10, 8, 9, 9], "texture": "#2"},
				"south": {"uv": [9, 8, 10, 9], "texture": "#2"},
				"west": {"uv": [9, 8, 10, 9], "texture": "#2"},
				"up": {"uv": [9, 8, 10, 9], "rotation": 90, "texture": "#2"},
				"down": {"uv": [9, 8, 10, 9], "rotation": 270, "texture": "#2"}
			}
		},
		{
			"name": "sentry_46",
			"from": [7.5, 6, 2],
			"to": [8.5, 7, 3],
			"rotation": {"angle": 0, "axis": "x", "origin": [8.5, 0, 0]},
			"faces": {
				"north": {"uv": [2, 9, 3, 10], "texture": "#2"},
				"east": {"uv": [3, 9, 2, 10], "texture": "#2"},
				"west": {"uv": [2, 9, 3, 10], "texture": "#2"}
			}
		},
		{
			"name": "sentry_47",
			"from": [7.5, 6, 3],
			"to": [8.5, 7, 4],
			"rotation": {"angle": 0, "axis": "x", "origin": [8.5, 0, 0]},
			"faces": {
				"east": {"uv": [4, 9, 3, 10], "texture": "#2"},
				"west": {"uv": [3, 9, 4, 10], "texture": "#2"}
			}
		},
		{
			"name": "sentry_48",
			"from": [7.5, 6, 4],
			"to": [8.5, 7, 5],
			"rotation": {"angle": 0, "axis": "x", "origin": [8.5, 0, 0]},
			"faces": {
				"east": {"uv": [5, 9, 4, 10], "texture": "#2"},
				"south": {"uv": [4, 9, 5, 10], "texture": "#2"},
				"west": {"uv": [4, 9, 5, 10], "texture": "#2"}
			}
		},
		{
			"name": "sentry_49",
			"from": [7.5, 6, 8],
			"to": [8.5, 7, 9],
			"rotation": {"angle": 0, "axis": "x", "origin": [8.5, 0, 0]},
			"faces": {
				"north": {"uv": [8, 9, 9, 10], "texture": "#2"},
				"east": {"uv": [9, 9, 8, 10], "texture": "#2"},
				"south": {"uv": [8, 9, 9, 10], "texture": "#2"},
				"west": {"uv": [8, 9, 9, 10], "texture": "#2"},
				"up": {"uv": [8, 9, 9, 10], "rotation": 90, "texture": "#2"},
				"down": {"uv": [8, 9, 9, 10], "rotation": 270, "texture": "#2"}
			}
		},
		{
			"name": "sentry_50",
			"from": [7.5, 5, 2],
			"to": [8.5, 6, 3],
			"rotation": {"angle": 0, "axis": "x", "origin": [8.5, 0, 0]},
			"faces": {
				"north": {"uv": [2, 10, 3, 11], "texture": "#2"},
				"east": {"uv": [3, 10, 2, 11], "texture": "#2"},
				"west": {"uv": [2, 10, 3, 11], "texture": "#2"}
			}
		},
		{
			"name": "sentry_51",
			"from": [7.5, 5, 3],
			"to": [8.5, 6, 4],
			"rotation": {"angle": 0, "axis": "x", "origin": [8.5, 0, 0]},
			"faces": {
				"east": {"uv": [4, 10, 3, 11], "texture": "#2"},
				"west": {"uv": [3, 10, 4, 11], "texture": "#2"}
			}
		},
		{
			"name": "sentry_52",
			"from": [7.5, 5, 4],
			"to": [8.5, 6, 5],
			"rotation": {"angle": 0, "axis": "x", "origin": [8.5, 0, 0]},
			"faces": {
				"east": {"uv": [5, 10, 4, 11], "texture": "#2"},
				"south": {"uv": [4, 10, 5, 11], "texture": "#2"},
				"west": {"uv": [4, 10, 5, 11], "texture": "#2"},
				"down": {"uv": [4, 10, 5, 11], "rotation": 270, "texture": "#2"}
			}
		},
		{
			"name": "sentry_53",
			"from": [7.5, 5, 7],
			"to": [8.5, 6, 8],
			"rotation": {"angle": 0, "axis": "x", "origin": [8.5, 0, 0]},
			"faces": {
				"north": {"uv": [7, 10, 8, 11], "texture": "#2"},
				"east": {"uv": [8, 10, 7, 11], "texture": "#2"},
				"south": {"uv": [7, 10, 8, 11], "texture": "#2"},
				"west": {"uv": [7, 10, 8, 11], "texture": "#2"},
				"up": {"uv": [7, 10, 8, 11], "rotation": 90, "texture": "#2"},
				"down": {"uv": [7, 10, 8, 11], "rotation": 270, "texture": "#2"}
			}
		},
		{
			"name": "sentry_54",
			"from": [7.5, 4, 1],
			"to": [8.5, 5, 2],
			"rotation": {"angle": 0, "axis": "x", "origin": [8.5, 0, 0]},
			"faces": {
				"north": {"uv": [1, 11, 2, 12], "texture": "#2"},
				"east": {"uv": [2, 11, 1, 12], "texture": "#2"},
				"west": {"uv": [1, 11, 2, 12], "texture": "#2"},
				"up": {"uv": [1, 11, 2, 12], "rotation": 90, "texture": "#2"}
			}
		},
		{
			"name": "sentry_55",
			"from": [7.5, 4, 2],
			"to": [8.5, 5, 3],
			"rotation": {"angle": 0, "axis": "x", "origin": [8.5, 0, 0]},
			"faces": {
				"east": {"uv": [3, 11, 2, 12], "texture": "#2"},
				"west": {"uv": [2, 11, 3, 12], "texture": "#2"}
			}
		},
		{
			"name": "sentry_56",
			"from": [7.5, 4, 3],
			"to": [8.5, 5, 4],
			"rotation": {"angle": 0, "axis": "x", "origin": [8.5, 0, 0]},
			"faces": {
				"east": {"uv": [4, 11, 3, 12], "texture": "#2"},
				"south": {"uv": [3, 11, 4, 12], "texture": "#2"},
				"west": {"uv": [3, 11, 4, 12], "texture": "#2"}
			}
		},
		{
			"name": "sentry_57",
			"from": [7.5, 4, 6],
			"to": [8.5, 5, 7],
			"rotation": {"angle": 0, "axis": "x", "origin": [8.5, 0, 0]},
			"faces": {
				"north": {"uv": [6, 11, 7, 12], "texture": "#2"},
				"east": {"uv": [7, 11, 6, 12], "texture": "#2"},
				"south": {"uv": [6, 11, 7, 12], "texture": "#2"},
				"west": {"uv": [6, 11, 7, 12], "texture": "#2"},
				"up": {"uv": [6, 11, 7, 12], "rotation": 90, "texture": "#2"},
				"down": {"uv": [6, 11, 7, 12], "rotation": 270, "texture": "#2"}
			}
		},
		{
			"name": "sentry_58",
			"from": [7.5, 3, 1],
			"to": [8.5, 4, 2],
			"rotation": {"angle": 0, "axis": "x", "origin": [8.5, 0, 0]},
			"faces": {
				"north": {"uv": [1, 12, 2, 13], "texture": "#2"},
				"east": {"uv": [2, 12, 1, 13], "texture": "#2"},
				"west": {"uv": [1, 12, 2, 13], "texture": "#2"}
			}
		},
		{
			"name": "sentry_59",
			"from": [7.5, 3, 2],
			"to": [8.5, 4, 3],
			"rotation": {"angle": 0, "axis": "x", "origin": [8.5, 0, 0]},
			"faces": {
				"east": {"uv": [3, 12, 2, 13], "texture": "#2"},
				"west": {"uv": [2, 12, 3, 13], "texture": "#2"}
			}
		},
		{
			"name": "sentry_60",
			"from": [7.5, 3, 3],
			"to": [8.5, 4, 4],
			"rotation": {"angle": 0, "axis": "x", "origin": [8.5, 0, 0]},
			"faces": {
				"east": {"uv": [4, 12, 3, 13], "texture": "#2"},
				"south": {"uv": [3, 12, 4, 13], "texture": "#2"},
				"west": {"uv": [3, 12, 4, 13], "texture": "#2"}
			}
		},
		{
			"name": "sentry_61",
			"from": [7.5, 3, 5],
			"to": [8.5, 4, 6],
			"rotation": {"angle": 0, "axis": "x", "origin": [8.5, 0, 0]},
			"faces": {
				"north": {"uv": [5, 12, 6, 13], "texture": "#2"},
				"east": {"uv": [6, 12, 5, 13], "texture": "#2"},
				"south": {"uv": [5, 12, 6, 13], "texture": "#2"},
				"west": {"uv": [5, 12, 6, 13], "texture": "#2"},
				"up": {"uv": [5, 12, 6, 13], "rotation": 90, "texture": "#2"},
				"down": {"uv": [5, 12, 6, 13], "rotation": 270, "texture": "#2"}
			}
		},
		{
			"name": "sentry_62",
			"from": [7.5, 2, 1],
			"to": [8.5, 3, 2],
			"rotation": {"angle": 0, "axis": "x", "origin": [8.5, 0, 0]},
			"faces": {
				"north": {"uv": [1, 13, 2, 14], "texture": "#2"},
				"east": {"uv": [2, 13, 1, 14], "texture": "#2"},
				"west": {"uv": [1, 13, 2, 14], "texture": "#2"}
			}
		},
		{
			"name": "sentry_63",
			"from": [7.5, 2, 2],
			"to": [8.5, 3, 3],
			"rotation": {"angle": 0, "axis": "x", "origin": [8.5, 0, 0]},
			"faces": {
				"east": {"uv": [3, 13, 2, 14], "texture": "#2"},
				"west": {"uv": [2, 13, 3, 14], "texture": "#2"}
			}
		},
		{
			"name": "sentry_64",
			"from": [7.5, 2, 3],
			"to": [8.5, 3, 4],
			"rotation": {"angle": 0, "axis": "x", "origin": [8.5, 0, 0]},
			"faces": {
				"east": {"uv": [4, 13, 3, 14], "texture": "#2"},
				"west": {"uv": [3, 13, 4, 14], "texture": "#2"}
			}
		},
		{
			"name": "sentry_65",
			"from": [7.5, 2, 4],
			"to": [8.5, 3, 5],
			"rotation": {"angle": 0, "axis": "x", "origin": [8.5, 0, 0]},
			"faces": {
				"east": {"uv": [5, 13, 4, 14], "texture": "#2"},
				"south": {"uv": [4, 13, 5, 14], "texture": "#2"},
				"west": {"uv": [4, 13, 5, 14], "texture": "#2"},
				"up": {"uv": [4, 13, 5, 14], "rotation": 90, "texture": "#2"},
				"down": {"uv": [4, 13, 5, 14], "rotation": 270, "texture": "#2"}
			}
		},
		{
			"name": "sentry_66",
			"from": [7.5, 1, 1],
			"to": [8.5, 2, 2],
			"rotation": {"angle": 0, "axis": "x", "origin": [8.5, 0, 0]},
			"faces": {
				"north": {"uv": [1, 14, 2, 15], "texture": "#2"},
				"east": {"uv": [2, 14, 1, 15], "texture": "#2"},
				"west": {"uv": [1, 14, 2, 15], "texture": "#2"},
				"down": {"uv": [1, 14, 2, 15], "rotation": 270, "texture": "#2"}
			}
		},
		{
			"name": "sentry_67",
			"from": [7.5, 1, 2],
			"to": [8.5, 2, 3],
			"rotation": {"angle": 0, "axis": "x", "origin": [8.5, 0, 0]},
			"faces": {
				"east": {"uv": [3, 14, 2, 15], "texture": "#2"},
				"west": {"uv": [2, 14, 3, 15], "texture": "#2"}
			}
		},
		{
			"name": "sentry_68",
			"from": [7.5, 1, 3],
			"to": [8.5, 2, 4],
			"rotation": {"angle": 0, "axis": "x", "origin": [8.5, 0, 0]},
			"faces": {
				"east": {"uv": [4, 14, 3, 15], "texture": "#2"},
				"south": {"uv": [3, 14, 4, 15], "texture": "#2"},
				"west": {"uv": [3, 14, 4, 15], "texture": "#2"},
				"down": {"uv": [3, 14, 4, 15], "rotation": 270, "texture": "#2"}
			}
		},
		{
			"name": "sentry_69",
			"from": [7.5, 0, 2],
			"to": [8.5, 1, 3],
			"rotation": {"angle": 0, "axis": "x", "origin": [8.5, 0, 0]},
			"faces": {
				"north": {"uv": [2, 15, 3, 16], "texture": "#2"},
				"east": {"uv": [3, 15, 2, 16], "texture": "#2"},
				"south": {"uv": [2, 15, 3, 16], "texture": "#2"},
				"west": {"uv": [2, 15, 3, 16], "texture": "#2"},
				"down": {"uv": [2, 15, 3, 16], "rotation": 270, "texture": "#2"}
			}
		}
	],
	"display": {
		"head": {
			"rotation": [-45, 0, 0],
			"scale": [1.5, 1.5, 1.5]
		}
	},
	"groups": [
		{
			"name": "sentry",
			"origin": [8, 8, 8],
			"color": 0,
			"children": []
		},
		{
			"name": "sentry",
			"origin": [8, 8, 8],
			"color": 0,
			"children": [
				0,
				1,
				2,
				3,
				4,
				5,
				6,
				7,
				8,
				9,
				10,
				11,
				12,
				13,
				14,
				15,
				16,
				17,
				18,
				19,
				20,
				21,
				22,
				23,
				24,
				25,
				26,
				27,
				28,
				29,
				30,
				31,
				32,
				33,
				34,
				35,
				36,
				37,
				38,
				39,
				40,
				41,
				42,
				43,
				44,
				45,
				46,
				47,
				48,
				49,
				50,
				51,
				52,
				53,
				54,
				55,
				56,
				57,
				58,
				59,
				60,
				61,
				62,
				63,
				64,
				65,
				66,
				67,
				68,
				69
			]
		}
	]
}