{
	"textures": {
		"2": "item/prop_items/spell/snare_base",
		"particle": "item/prop_items/spell/snare_base"
	},
	"elements": [
		{
			"from": [1.25, 0, 1.25],
			"to": [14.75, 0, 14.75],
			"rotation": {"angle": 0, "axis": "y", "origin": [5, 0, 5]},
			"faces": {
				"north": {"uv": [0, 0, 16, 0], "texture": "#2"},
				"east": {"uv": [0, 0, 16, 0], "texture": "#2"},
				"south": {"uv": [0, 0, 16, 0], "texture": "#2"},
				"west": {"uv": [0, 0, 16, 0], "texture": "#2"},
				"up": {"uv": [0, 0, 16, 16], "texture": "#2"},
				"down": {"uv": [0, 0, 16, 16], "texture": "#2"}
			}
		}
	],
	"display": {
		"head": {
			"translation": [0, 17.75, 0],
			"scale": [3, 3, 3]
		}
	}
}