{
	"textures": {
		"1": "item/prop_items/spell/supercharged_sentry_base_2",
		"2": "item/prop_items/spell/supercharged_sentry_base",
		"particle": "item/prop_items/spell/supercharged_sentry_base"
	},
	"elements": [
		{
			"from": [-10, 0, -10],
			"to": [26, 0, 26],
			"faces": {
				"north": {"uv": [0, 0, 16, 0], "texture": "#2"},
				"east": {"uv": [0, 0, 16, 0], "texture": "#2"},
				"south": {"uv": [0, 0, 16, 0], "texture": "#2"},
				"west": {"uv": [0, 0, 16, 0], "texture": "#2"},
				"up": {"uv": [0, 0, 16, 16], "texture": "#2"},
				"down": {"uv": [0, 0, 16, 16], "texture": "#2"}
			}
		},
		{
			"from": [-10, 4, -10],
			"to": [26, 4, 26],
			"rotation": {"angle": 0, "axis": "y", "origin": [0, 4, 0]},
			"faces": {
				"north": {"uv": [0, 0, 16, 0], "texture": "#1"},
				"east": {"uv": [0, 0, 16, 0], "texture": "#1"},
				"south": {"uv": [0, 0, 16, 0], "texture": "#1"},
				"west": {"uv": [0, 0, 16, 0], "texture": "#1"},
				"up": {"uv": [0, 0, 16, 16], "texture": "#1"},
				"down": {"uv": [0, 0, 16, 16], "texture": "#1"}
			}
		}
	],
	"display": {
		"head": {
			"translation": [0, 6, 0],
			"scale": [1.5, 1.5, 1.5]
		}
	}
}