{
	"textures": {
		"2": "item/prop_items/spell/sentry_base",
		"3": "item/prop_items/spell/trap_base",
		"particle": "item/prop_items/spell/sentry_base"
	},
	"elements": [
		{
			"from": [-1, 0, -1],
			"to": [17, 0, 17],
			"rotation": {"angle": 0, "axis": "y", "origin": [4, 0, 4]},
			"faces": {
				"north": {"uv": [0, 0, 16, 0], "texture": "#2"},
				"east": {"uv": [0, 0, 16, 0], "texture": "#2"},
				"south": {"uv": [0, 0, 16, 0], "texture": "#2"},
				"west": {"uv": [0, 0, 16, 0], "texture": "#2"},
				"up": {"uv": [0, 0, 16, 16], "texture": "#2"},
				"down": {"uv": [0, 0, 16, 16], "texture": "#2"}
			}
		},
		{
			"from": [-14, 0, -14],
			"to": [30, 0, 30],
			"rotation": {"angle": 0, "axis": "y", "origin": [-5, 0, -5]},
			"faces": {
				"north": {"uv": [0, 0, 16, 0], "texture": "#3"},
				"east": {"uv": [0, 0, 16, 0], "texture": "#3"},
				"south": {"uv": [0, 0, 16, 0], "texture": "#3"},
				"west": {"uv": [0, 0, 16, 0], "texture": "#3"},
				"up": {"uv": [0, 0, 16, 16], "texture": "#3"},
				"down": {"uv": [0, 0, 16, 16], "texture": "#3"}
			}
		}
	],
	"display": {
		"head": {
			"translation": [0, 17.75, 0],
			"scale": [3, 3, 3]
		}
	}
}