{
	"format_version": "1.21.6",
	"textures": {
		"0": "item/prop_items/bot/bot_laser_gun_base",
		"particle": "item/prop_items/bot/bot_laser_gun_base"
	},
	"elements": [
		{
			"from": [7, 0, -1],
			"to": [9, 1, 2],
			"rotation": {"angle": 0, "axis": "y", "origin": [8, 0, 8]},
			"faces": {
				"north": {"uv": [11, 5, 13, 6], "texture": "#0"},
				"east": {"uv": [11, 4, 14, 5], "texture": "#0"},
				"south": {"uv": [11, 6, 13, 7], "texture": "#0"},
				"west": {"uv": [11, 3, 14, 4], "texture": "#0"},
				"up": {"uv": [11, 6, 9, 3], "texture": "#0"},
				"down": {"uv": [11, 6, 9, 9], "texture": "#0"}
			}
		},
		{
			"from": [7.5, -1.67878, 1.28284],
			"to": [8.5, 12.32122, 1.78284],
			"rotation": {"angle": 17.5, "axis": "x", "origin": [8, 1, 7.75]},
			"faces": {
				"north": {"uv": [6, 0, 7, 14], "texture": "#0"},
				"east": {"uv": [7, 0, 8, 14], "texture": "#0"},
				"south": {"uv": [8, 0, 9, 14], "texture": "#0"},
				"west": {"uv": [7, 0, 8, 14], "texture": "#0"},
				"down": {"uv": [1, 0, 0, 0], "texture": "#0"}
			}
		},
		{
			"from": [14, 0, 7],
			"to": [17, 1, 9],
			"rotation": {"angle": 0, "axis": "y", "origin": [8, 0, 8]},
			"faces": {
				"north": {"uv": [11, 3, 14, 4], "texture": "#0"},
				"east": {"uv": [11, 5, 13, 6], "texture": "#0"},
				"south": {"uv": [11, 4, 14, 5], "texture": "#0"},
				"west": {"uv": [11, 6, 13, 7], "texture": "#0"},
				"up": {"uv": [11, 6, 9, 3], "rotation": 90, "texture": "#0"},
				"down": {"uv": [11, 6, 9, 9], "rotation": 270, "texture": "#0"}
			}
		},
		{
			"from": [14.21716, -1.67878, 7.5],
			"to": [14.71716, 12.32122, 8.5],
			"rotation": {"angle": 17.5, "axis": "z", "origin": [8.25, 1, 8]},
			"faces": {
				"north": {"uv": [7, 0, 8, 14], "texture": "#0"},
				"east": {"uv": [6, 0, 7, 14], "texture": "#0"},
				"south": {"uv": [7, 0, 8, 14], "texture": "#0"},
				"west": {"uv": [8, 0, 9, 14], "texture": "#0"},
				"down": {"uv": [1, 0, 0, 0], "rotation": 270, "texture": "#0"}
			}
		},
		{
			"from": [7, 0, 14],
			"to": [9, 1, 17],
			"rotation": {"angle": 0, "axis": "y", "origin": [8, 0, 8]},
			"faces": {
				"north": {"uv": [11, 6, 13, 7], "texture": "#0"},
				"east": {"uv": [11, 3, 14, 4], "texture": "#0"},
				"south": {"uv": [11, 5, 13, 6], "texture": "#0"},
				"west": {"uv": [11, 4, 14, 5], "texture": "#0"},
				"up": {"uv": [11, 6, 9, 3], "rotation": 180, "texture": "#0"},
				"down": {"uv": [11, 6, 9, 9], "rotation": 180, "texture": "#0"}
			}
		},
		{
			"from": [7.5, -1.67878, 14.21716],
			"to": [8.5, 12.32122, 14.71716],
			"rotation": {"angle": -17.5, "axis": "x", "origin": [8, 1, 8.25]},
			"faces": {
				"north": {"uv": [8, 0, 9, 14], "texture": "#0"},
				"east": {"uv": [7, 0, 8, 14], "texture": "#0"},
				"south": {"uv": [6, 0, 7, 14], "texture": "#0"},
				"west": {"uv": [7, 0, 8, 14], "texture": "#0"},
				"down": {"uv": [1, 0, 0, 0], "rotation": 180, "texture": "#0"}
			}
		},
		{
			"from": [-1, 0, 7],
			"to": [2, 1, 9],
			"rotation": {"angle": 0, "axis": "y", "origin": [8, 0, 8]},
			"faces": {
				"north": {"uv": [11, 4, 14, 5], "texture": "#0"},
				"east": {"uv": [11, 6, 13, 7], "texture": "#0"},
				"south": {"uv": [11, 3, 14, 4], "texture": "#0"},
				"west": {"uv": [11, 5, 13, 6], "texture": "#0"},
				"up": {"uv": [11, 6, 9, 3], "rotation": 270, "texture": "#0"},
				"down": {"uv": [11, 6, 9, 9], "rotation": 90, "texture": "#0"}
			}
		},
		{
			"from": [1.28284, -1.67878, 7.5],
			"to": [1.78284, 12.32122, 8.5],
			"rotation": {"angle": -17.5, "axis": "z", "origin": [7.75, 1, 8]},
			"faces": {
				"north": {"uv": [7, 0, 8, 14], "texture": "#0"},
				"east": {"uv": [8, 0, 9, 14], "texture": "#0"},
				"south": {"uv": [7, 0, 8, 14], "texture": "#0"},
				"west": {"uv": [6, 0, 7, 14], "texture": "#0"},
				"down": {"uv": [1, 0, 0, 0], "rotation": 90, "texture": "#0"}
			}
		},
		{
			"from": [5, 13.55, 5],
			"to": [11, 15.55, 11],
			"rotation": {"angle": 45, "axis": "y", "origin": [8, 16.025, 8]},
			"faces": {
				"north": {"uv": [9, 0, 15, 2], "texture": "#0"},
				"east": {"uv": [9, 0, 15, 2], "texture": "#0"},
				"south": {"uv": [9, 0, 15, 2], "texture": "#0"},
				"west": {"uv": [9, 0, 15, 2], "texture": "#0"},
				"up": {"uv": [6, 6, 0, 0], "texture": "#0"},
				"down": {"uv": [6, 6, 0, 12], "texture": "#0"}
			}
		},
		{
			"from": [4.65, 7.2, 4.65],
			"to": [11.35, 8.2, 11.35],
			"rotation": {"angle": 45, "axis": "y", "origin": [8, 7.7, 8]},
			"faces": {
				"north": {"uv": [9, 2, 16, 3], "texture": "#0"},
				"east": {"uv": [9, 2, 16, 3], "texture": "#0"},
				"south": {"uv": [9, 2, 16, 3], "texture": "#0"},
				"west": {"uv": [9, 2, 16, 3], "texture": "#0"}
			}
		},
		{
			"from": [11.35, 8.2, 11.35],
			"to": [4.65, 7.2, 4.65],
			"rotation": {"angle": 45, "axis": "y", "origin": [8, 7.7, 8]},
			"faces": {
				"north": {"uv": [9, 2, 16, 3], "rotation": 180, "texture": "#0"},
				"east": {"uv": [9, 2, 16, 3], "rotation": 180, "texture": "#0"},
				"south": {"uv": [9, 2, 16, 3], "rotation": 180, "texture": "#0"},
				"west": {"uv": [9, 2, 16, 3], "rotation": 180, "texture": "#0"}
			}
		},
		{
			"from": [7, 15.5, 7],
			"to": [9, 19.5, 9],
			"rotation": {"angle": 45, "axis": "y", "origin": [8, 16.025, 8]},
			"faces": {
				"north": {"uv": [0, 12, 2, 16], "texture": "#0"},
				"east": {"uv": [2, 12, 0, 16], "texture": "#0"},
				"south": {"uv": [0, 12, 2, 16], "texture": "#0"},
				"west": {"uv": [2, 12, 0, 16], "texture": "#0"},
				"up": {"uv": [2, 12, 4, 14], "texture": "#0"},
				"down": {"uv": [0, 0, 2, 2], "texture": "#0"}
			}
		}
	],
	"display": {
		"head": {
			"rotation": [0, 45, 0],
			"translation": [0, -6.25, 0],
			"scale": [1.55, 1.55, 1.55]
		}
	},
	"groups": [
		{
			"name": "group",
			"origin": [7, 0, 0],
			"color": 0,
			"children": [0, 1]
		},
		{
			"name": "group",
			"origin": [7, 0, 0],
			"color": 0,
			"children": [2, 3]
		},
		{
			"name": "group",
			"origin": [7, 0, 0],
			"color": 0,
			"children": [4, 5]
		},
		{
			"name": "group",
			"origin": [7, 0, 0],
			"color": 0,
			"children": [6, 7]
		},
		{
			"name": "group",
			"origin": [7, 0, 0],
			"color": 0,
			"children": []
		},
		8,
		9,
		10,
		11
	]
}