{
	"format_version": "1.21.6",
	"texture_size": [64, 64],
	"textures": {
		"1": "item/prop_items/bot/bot_laser_gun_2",
		"particle": "item/prop_items/bot/bot_laser_gun_2"
	},
	"elements": [
		{
			"from": [3.5, 1, 4],
			"to": [12.5, 7, 15],
			"rotation": {"angle": 0, "axis": "y", "origin": [7, 1, 8]},
			"faces": {
				"north": {"uv": [0, 4.25, 2.25, 5.75], "texture": "#1"},
				"east": {"uv": [2.75, 2.75, 0, 4.25], "texture": "#1"},
				"west": {"uv": [0, 2.75, 2.75, 4.25], "texture": "#1"},
				"up": {"uv": [2.25, 2.75, 0, 0], "texture": "#1"},
				"down": {"uv": [4.5, 0, 2.25, 2.75], "texture": "#1"}
			}
		},
		{
			"from": [3.505, 1.005, 15.005],
			"to": [12.495, 6.545, 17.295],
			"rotation": {"angle": -22.5, "axis": "x", "origin": [7, 1, 15]},
			"faces": {
				"east": {"uv": [6.5, 4.25, 6, 5.75], "texture": "#1"},
				"south": {"uv": [4.5, 0, 6.75, 1.5], "texture": "#1"},
				"west": {"uv": [6, 4.25, 6.5, 5.75], "texture": "#1"},
				"down": {"uv": [8.25, 2, 6, 2.5], "texture": "#1"}
			}
		},
		{
			"from": [0.5, 0, 2.5],
			"to": [1.5, 11, 5.5],
			"rotation": {"angle": 22.5, "axis": "x", "origin": [4.5, 0, 0.5]},
			"faces": {
				"east": {"uv": [5.25, 1.5, 6, 4.25], "texture": "#1"},
				"south": {"uv": [5, 5.5, 5.25, 8.25], "texture": "#1"},
				"west": {"uv": [5.25, 4.25, 6, 7], "texture": "#1"},
				"up": {"uv": [6.75, 5.75, 6.5, 5], "texture": "#1"},
				"down": {"uv": [7, 0, 6.75, 0.75], "texture": "#1"}
			}
		},
		{
			"from": [0.5, 0, 0.5],
			"to": [5.5, 11, 2.5],
			"rotation": {"angle": 22.5, "axis": "x", "origin": [4.5, 0, 0.5]},
			"faces": {
				"north": {"uv": [2.75, 2.75, 4, 5.5], "texture": "#1"},
				"east": {"uv": [2.25, 4.25, 2.75, 7], "texture": "#1"},
				"south": {"uv": [4, 2.75, 5.25, 5.5], "texture": "#1"},
				"west": {"uv": [2.75, 5.5, 3.25, 8.25], "texture": "#1"},
				"up": {"uv": [7.25, 6.25, 6, 5.75], "texture": "#1"},
				"down": {"uv": [7.25, 6.25, 6, 6.75], "texture": "#1"}
			}
		},
		{
			"from": [14.5, 0, 2.5],
			"to": [15.5, 11, 5.5],
			"rotation": {"angle": 22.5, "axis": "x", "origin": [11.5, 0, 0.5]},
			"faces": {
				"east": {"uv": [6, 4.25, 5.25, 7], "texture": "#1"},
				"south": {"uv": [5.25, 5.5, 5, 8.25], "texture": "#1"},
				"west": {"uv": [6, 1.5, 5.25, 4.25], "texture": "#1"},
				"up": {"uv": [6.5, 5.75, 6.75, 5], "texture": "#1"},
				"down": {"uv": [6.75, 0, 7, 0.75], "texture": "#1"}
			}
		},
		{
			"from": [10.5, 0, 0.5],
			"to": [15.5, 11, 2.5],
			"rotation": {"angle": 22.5, "axis": "x", "origin": [11.5, 0, 0.5]},
			"faces": {
				"north": {"uv": [4, 2.75, 2.75, 5.5], "texture": "#1"},
				"east": {"uv": [3.25, 5.5, 2.75, 8.25], "texture": "#1"},
				"south": {"uv": [5.25, 2.75, 4, 5.5], "texture": "#1"},
				"west": {"uv": [2.75, 4.25, 2.25, 7], "texture": "#1"},
				"up": {"uv": [6, 6.25, 7.25, 5.75], "texture": "#1"},
				"down": {"uv": [6, 6.25, 7.25, 6.75], "texture": "#1"}
			}
		},
		{
			"from": [6.5, 2.5, -2],
			"to": [9.5, 5.5, 4],
			"rotation": {"angle": 0, "axis": "y", "origin": [1.5, 0.75, 1]},
			"faces": {
				"north": {"uv": [0, 6.5, 0.75, 7.25], "texture": "#1"},
				"east": {"uv": [1.5, 5.75, 0, 6.5], "texture": "#1"},
				"west": {"uv": [0, 5.75, 1.5, 6.5], "texture": "#1"},
				"up": {"uv": [5, 7, 4.25, 5.5], "texture": "#1"},
				"down": {"uv": [2.25, 5.75, 1.5, 7.25], "texture": "#1"}
			}
		},
		{
			"from": [6.75, 2.75, -16],
			"to": [9.25, 5.25, -12],
			"rotation": {"angle": 0, "axis": "y", "origin": [1.5, 0.75, 1]},
			"faces": {
				"north": {"uv": [0.75, 6.5, 1.5, 7.25], "texture": "#1"},
				"east": {"uv": [7, 2.5, 6, 3.25], "texture": "#1"},
				"south": {"uv": [6.5, 4.25, 7.25, 5], "texture": "#1"},
				"west": {"uv": [6, 2.5, 7, 3.25], "texture": "#1"},
				"up": {"uv": [5.25, 2.5, 4.5, 1.5], "texture": "#1"},
				"down": {"uv": [6.75, 3.25, 6, 4.25], "texture": "#1"}
			}
		},
		{
			"from": [7, 3, -12],
			"to": [9, 5, -2],
			"rotation": {"angle": 0, "axis": "y", "origin": [1.5, 0.75, 1]},
			"faces": {
				"east": {"uv": [8.5, 1.5, 6, 2], "texture": "#1"},
				"west": {"uv": [6, 1.5, 8.5, 2], "texture": "#1"},
				"up": {"uv": [3.75, 8, 3.25, 5.5], "texture": "#1"},
				"down": {"uv": [4.25, 5.5, 3.75, 8], "texture": "#1"}
			}
		},
		{
			"from": [5, 0, 6.5],
			"to": [11, 1, 12.5],
			"rotation": {"angle": 0, "axis": "y", "origin": [8, 0, 9.5]},
			"faces": {
				"north": {"uv": [7, 0, 7.25, 1.5], "rotation": 90, "texture": "#1"},
				"east": {"uv": [7, 0, 7.25, 1.5], "rotation": 90, "texture": "#1"},
				"south": {"uv": [7, 0, 7.25, 1.5], "rotation": 90, "texture": "#1"},
				"west": {"uv": [7, 0, 7.25, 1.5], "rotation": 90, "texture": "#1"},
				"down": {"uv": [7.25, 0, 8.75, 1.5], "rotation": 90, "texture": "#1"}
			}
		},
		{
			"from": [2.5, 2, 10],
			"to": [3.5, 7, 13],
			"rotation": {"angle": 0, "axis": "y", "origin": [1.5, 3, 11]},
			"faces": {
				"north": {"uv": [7.75, 2.5, 8, 3.75], "texture": "#1"},
				"south": {"uv": [7.75, 2.5, 8, 3.75], "texture": "#1"},
				"west": {"uv": [7, 2.5, 7.75, 3.75], "texture": "#1"},
				"up": {"uv": [7, 3.75, 7.75, 4], "rotation": 90, "texture": "#1"},
				"down": {"uv": [7, 4, 7.75, 4.25], "rotation": 90, "texture": "#1"}
			}
		},
		{
			"from": [12.5, 5, 11],
			"to": [14.5, 7, 13],
			"rotation": {"angle": 0, "axis": "y", "origin": [14.5, 5, 11]},
			"faces": {
				"north": {"uv": [9, 2.5, 8.5, 3], "texture": "#1"},
				"east": {"uv": [8.5, 2.5, 8, 3], "texture": "#1"},
				"south": {"uv": [8.5, 2.5, 9, 3], "texture": "#1"},
				"up": {"uv": [8.5, 3, 8, 3.5], "texture": "#1"},
				"down": {"uv": [9, 3, 8.5, 3.5], "texture": "#1"}
			}
		},
		{
			"from": [12.5, 7, 11],
			"to": [13.5, 15, 11],
			"rotation": {"angle": 0, "axis": "y", "origin": [14.5, 7, 11]},
			"faces": {
				"north": {"uv": [8.75, 0, 9, 2], "texture": "#1"},
				"east": {"uv": [6.25, 0.5, 5.75, 1], "texture": "#missing"},
				"south": {"uv": [8.75, 0, 9, 2], "texture": "#1"},
				"west": {"uv": [0.5, 0, 0, 0.5], "texture": "#missing"},
				"up": {"uv": [6.25, 1, 5.75, 1.5], "texture": "#missing"},
				"down": {"uv": [6.75, 1, 6.25, 1.5], "texture": "#missing"}
			}
		}
	],
	"display": {
		"head": {
			"translation": [0, 7.25, -2.5],
			"scale": [1.65, 1.65, 1.65]
		}
	},
	"groups": [
		0,
		1,
		{
			"name": "group",
			"origin": [4.5, -1, 0.5],
			"color": 0,
			"children": [2, 3]
		},
		{
			"name": "group",
			"origin": [4.5, -1, 0.5],
			"color": 0,
			"children": [4, 5]
		},
		6,
		7,
		8,
		9,
		10,
		11,
		12
	]
}