{
	"format_version": "1.21.6",
	"texture_size": [32, 32],
	"textures": {
		"0": "item/prop_items/bot/bot_laser_gun_base",
		"1": "item/prop_items/bot/bot_laser_gun_2_base",
		"particle": "item/prop_items/bot/bot_laser_gun_base"
	},
	"elements": [
		{
			"from": [5, 3, 5],
			"to": [11, 5, 11],
			"rotation": {"angle": 0, "axis": "y", "origin": [8, 5.475, 8]},
			"faces": {
				"north": {"uv": [9, 0, 15, 2], "texture": "#0"},
				"east": {"uv": [9, 0, 15, 2], "texture": "#0"},
				"south": {"uv": [9, 0, 15, 2], "texture": "#0"},
				"west": {"uv": [9, 0, 15, 2], "texture": "#0"},
				"up": {"uv": [6, 6, 0, 0], "rotation": 270, "texture": "#0"},
				"down": {"uv": [6, 6, 0, 12], "rotation": 90, "texture": "#0"}
			}
		},
		{
			"from": [7, 4.95, 7],
			"to": [9, 8.95, 9],
			"rotation": {"angle": 0, "axis": "y", "origin": [8, 5.475, 8]},
			"faces": {
				"north": {"uv": [2, 12, 0, 16], "texture": "#0"},
				"east": {"uv": [0, 12, 2, 16], "texture": "#0"},
				"south": {"uv": [2, 12, 0, 16], "texture": "#0"},
				"west": {"uv": [0, 12, 2, 16], "texture": "#0"},
				"up": {"uv": [2, 12, 4, 14], "rotation": 270, "texture": "#0"},
				"down": {"uv": [0, 0, 2, 2], "rotation": 90, "texture": "#0"}
			}
		},
		{
			"from": [2, 0, 2],
			"to": [14, 3, 14],
			"faces": {
				"north": {"uv": [6, 0, 12, 1.5], "texture": "#1"},
				"east": {"uv": [6, 0, 12, 1.5], "texture": "#1"},
				"south": {"uv": [6, 0, 12, 1.5], "texture": "#1"},
				"west": {"uv": [6, 0, 12, 1.5], "texture": "#1"},
				"up": {"uv": [6, 6, 0, 0], "texture": "#1"},
				"down": {"uv": [6, 6, 0, 12], "texture": "#1"}
			}
		}
	],
	"display": {
		"head": {
			"translation": [0, -6.25, 0],
			"scale": [1.55, 1.55, 1.55]
		}
	},
	"groups": [
		{
			"name": "group",
			"origin": [7, 0, 0],
			"color": 0,
			"children": []
		},
		{
			"name": "group",
			"origin": [7, 0, 0],
			"color": 0,
			"children": []
		},
		{
			"name": "group",
			"origin": [7, 0, 0],
			"color": 0,
			"children": []
		},
		{
			"name": "group",
			"origin": [7, 0, 0],
			"color": 0,
			"children": []
		},
		{
			"name": "group",
			"origin": [7, 0, 0],
			"color": 0,
			"children": []
		},
		0,
		1,
		2
	]
}