{
	"format_version": "1.21.6",
	"parent": "minecraft:block/block",
	"texture_size": [32, 32],
	"textures": {
		"0": "item/prop_items/bot/bot_head_back",
		"1": "item/prop_items/bot/bot_head_bottom",
		"2": "item/prop_items/bot/bot_head_lower_front",
		"3": "item/prop_items/bot/bot_head_side",
		"4": "item/prop_items/bot/bot_head_top",
		"5": "item/prop_items/bot/bot_laser_gun",
		"6": "item/prop_items/bot/bot_head_advanced",
		"particle": "item/prop_items/bot/bot_head_back"
	},
	"elements": [
		{
			"from": [0, 0, 0],
			"to": [16, 16, 16],
			"faces": {
				"north": {"uv": [0, 0, 16, 16], "texture": "#2"},
				"east": {"uv": [16, 0, 0, 16], "texture": "#3"},
				"south": {"uv": [0, 0, 16, 16], "texture": "#0"},
				"west": {"uv": [0, 0, 16, 16], "texture": "#3"},
				"up": {"uv": [0, 0, 16, 16], "texture": "#4"},
				"down": {"uv": [0, 0, 16, 16], "texture": "#1"}
			}
		},
		{
			"from": [16, 13, 7],
			"to": [18, 15, 9],
			"rotation": {"angle": 0, "axis": "y", "origin": [18, 13, 7]},
			"faces": {
				"north": {"uv": [13.5, 1, 12.5, 2], "texture": "#5"},
				"east": {"uv": [12.5, 1, 11.5, 2], "texture": "#5"},
				"south": {"uv": [12.5, 1, 13.5, 2], "texture": "#5"},
				"west": {"uv": [1, 0, 0, 1], "texture": "#5"},
				"up": {"uv": [12.5, 2, 11.5, 3], "texture": "#5"},
				"down": {"uv": [13.5, 2, 12.5, 3], "texture": "#5"}
			}
		},
		{
			"from": [16, 15, 7],
			"to": [17, 23, 7],
			"rotation": {"angle": 0, "axis": "y", "origin": [18, 15, 7]},
			"faces": {
				"north": {"uv": [12, 3, 12.5, 7], "texture": "#5"},
				"east": {"uv": [12.5, 1, 11.5, 2], "texture": "#5"},
				"south": {"uv": [12, 3, 12.5, 7], "texture": "#5"},
				"west": {"uv": [1, 0, 0, 1], "texture": "#5"},
				"up": {"uv": [12.5, 2, 11.5, 3], "texture": "#5"},
				"down": {"uv": [13.5, 2, 12.5, 3], "texture": "#5"}
			}
		},
		{
			"from": [-1, 4, 2],
			"to": [0, 9, 5],
			"rotation": {"angle": 0, "axis": "y", "origin": [-2, 5, 3]},
			"faces": {
				"north": {"uv": [11.5, 4.5, 12, 7], "texture": "#5"},
				"south": {"uv": [11.5, 4.5, 12, 7], "texture": "#5"},
				"west": {"uv": [10, 4.5, 11.5, 7], "texture": "#5"},
				"up": {"uv": [10, 7, 11.5, 7.5], "rotation": 90, "texture": "#5"},
				"down": {"uv": [10, 7.5, 11.5, 8], "rotation": 90, "texture": "#5"}
			}
		},
		{
			"from": [-1, 9, -2],
			"to": [17, 11, 4],
			"rotation": {"angle": 0, "axis": "y", "origin": [-2, 9, 0]},
			"faces": {
				"north": {"uv": [0, 6, 9, 7], "texture": "#6"},
				"east": {"uv": [3, 8, 0, 9], "texture": "#6"},
				"south": {"uv": [0, 7, 9, 8], "texture": "#6"},
				"west": {"uv": [0, 8, 3, 9], "texture": "#6"},
				"up": {"uv": [9, 3, 0, 0], "texture": "#6"},
				"down": {"uv": [9, 3, 0, 6], "texture": "#6"}
			}
		},
		{
			"from": [7.5, 4, -1.5],
			"to": [16.5, 9, 2.5],
			"rotation": {"angle": 0, "axis": "y", "origin": [10.5, 7, -1.5]},
			"faces": {
				"north": {"uv": [0, 9, 4.5, 11.5], "texture": "#6"},
				"east": {"uv": [0, 11.5, 2, 14], "texture": "#6"}
			}
		},
		{
			"from": [7.5, 9, -1.5],
			"to": [16.5, 4, 2.5],
			"rotation": {"angle": 0, "axis": "y", "origin": [10.5, 12, -1.5]},
			"faces": {
				"north": {"uv": [0, 11.5, 4.5, 9], "texture": "#6"},
				"east": {"uv": [0, 14, 2, 11.5], "texture": "#6"}
			}
		}
	]
}