{
	"format_version": "1.21.6",
	"texture_size": [32, 32],
	"textures": {
		"1": "item/prop_items/bot/bot_mini_laser_gun",
		"4": "item/prop_items/bot/bot_laser_gun",
		"particle": "item/prop_items/bot/bot_mini_laser_gun"
	},
	"elements": [
		{
			"from": [6.5, 1, 6],
			"to": [9.5, 5, 11],
			"rotation": {"angle": 0, "axis": "y", "origin": [7, 1, 7]},
			"faces": {
				"north": {"uv": [0, 4, 3, 8], "texture": "#1"},
				"east": {"uv": [0, 0, 5, 4], "texture": "#1"},
				"south": {"uv": [5, 0, 8, 4], "texture": "#1"},
				"west": {"uv": [5, 0, 0, 4], "texture": "#1"},
				"up": {"uv": [6, 9, 3, 4], "texture": "#1"}
			}
		},
		{
			"from": [7.5, 3, 0],
			"to": [8.5, 4, 6],
			"rotation": {"angle": 0, "axis": "y", "origin": [6, 1, 4]},
			"faces": {
				"north": {"uv": [8, 0, 9, 1], "texture": "#1"},
				"east": {"uv": [6, 4, 12, 5], "texture": "#1"},
				"west": {"uv": [12, 4, 6, 5], "texture": "#1"},
				"up": {"uv": [7, 11, 6, 5], "texture": "#1"},
				"down": {"uv": [8, 5, 7, 11], "texture": "#1"}
			}
		},
		{
			"from": [5, 0, 5],
			"to": [11, 1, 11],
			"rotation": {"angle": 0, "axis": "y", "origin": [8, 0, 8]},
			"faces": {
				"north": {"uv": [12.5, 3, 13, 6], "rotation": 90, "texture": "#4"},
				"east": {"uv": [12.5, 3, 13, 6], "rotation": 90, "texture": "#4"},
				"south": {"uv": [12.5, 3, 13, 6], "rotation": 90, "texture": "#4"},
				"west": {"uv": [12.5, 3, 13, 6], "rotation": 90, "texture": "#4"},
				"up": {"uv": [13, 3, 16, 6], "rotation": 90, "texture": "#4"},
				"down": {"uv": [13, 3, 16, 6], "rotation": 90, "texture": "#4"}
			}
		},
		{
			"from": [4, 2, 4.75],
			"to": [7, 7, 5.75],
			"rotation": {"angle": 22.5, "axis": "x", "origin": [5, 2, 4.75]},
			"faces": {
				"north": {"uv": [0, 8, 3, 13], "texture": "#1"},
				"east": {"uv": [4, 9, 5, 14], "texture": "#1"},
				"south": {"uv": [5, 11, 8, 16], "texture": "#1"},
				"west": {"uv": [3, 9, 4, 14], "texture": "#1"},
				"up": {"uv": [0, 13, 3, 14], "texture": "#1"},
				"down": {"uv": [0, 14, 3, 15], "texture": "#1"}
			}
		},
		{
			"from": [9, 2, 4.75],
			"to": [12, 7, 5.75],
			"rotation": {"angle": 22.5, "axis": "x", "origin": [11, 2, 4.75]},
			"faces": {
				"north": {"uv": [3, 8, 0, 13], "texture": "#1"},
				"east": {"uv": [4, 9, 3, 14], "texture": "#1"},
				"south": {"uv": [8, 11, 5, 16], "texture": "#1"},
				"west": {"uv": [5, 9, 4, 14], "texture": "#1"},
				"up": {"uv": [3, 13, 0, 14], "texture": "#1"},
				"down": {"uv": [3, 14, 0, 15], "texture": "#1"}
			}
		},
		{
			"from": [4.5, 3, 9],
			"to": [6.5, 5, 11],
			"rotation": {"angle": 0, "axis": "y", "origin": [4.5, 3, 11]},
			"faces": {
				"north": {"uv": [12.5, 1, 13.5, 2], "texture": "#4"},
				"east": {"uv": [1, 0, 0, 1], "texture": "#4"},
				"south": {"uv": [13.5, 1, 12.5, 2], "texture": "#4"},
				"west": {"uv": [12.5, 1, 11.5, 2], "texture": "#4"},
				"up": {"uv": [11.5, 3, 12.5, 2], "texture": "#4"},
				"down": {"uv": [12.5, 3, 13.5, 2], "texture": "#4"}
			}
		},
		{
			"from": [5.5, 5, 11],
			"to": [6.5, 13, 11],
			"rotation": {"angle": 0, "axis": "y", "origin": [4.5, 5, 11]},
			"faces": {
				"north": {"uv": [12, 3, 12.5, 7], "texture": "#4"},
				"east": {"uv": [1, 0, 0, 1], "texture": "#4"},
				"south": {"uv": [12, 3, 12.5, 7], "texture": "#4"},
				"west": {"uv": [12.5, 1, 11.5, 2], "texture": "#4"},
				"up": {"uv": [11.5, 3, 12.5, 2], "texture": "#4"},
				"down": {"uv": [12.5, 3, 13.5, 2], "texture": "#4"}
			}
		},
		{
			"from": [6.5, 0, 11],
			"to": [9.5, 5, 12],
			"rotation": {"angle": 0, "axis": "y", "origin": [7.5, 1, 13]},
			"faces": {
				"east": {"uv": [11.5, 4.5, 12, 7], "texture": "#4"},
				"south": {"uv": [10, 4.5, 11.5, 7], "texture": "#4"},
				"west": {"uv": [11.5, 4.5, 12, 7], "texture": "#4"},
				"up": {"uv": [10, 7, 11.5, 7.5], "texture": "#4"},
				"down": {"uv": [10, 7.5, 11.5, 8], "rotation": 180, "texture": "#4"}
			}
		}
	],
	"display": {
		"head": {
			"translation": [0, 7.25, 0],
			"scale": [1.65, 1.65, 1.65]
		}
	}
}