{
	"format_version": "1.21.6",
	"textures": {
		"0": "item/prop_items/bot/bot_laser_gun_base",
		"particle": "item/prop_items/bot/bot_laser_gun_base"
	},
	"elements": [
		{
			"from": [7, 0, 0.4],
			"to": [9, 1, 3.4],
			"rotation": {"angle": 0, "axis": "y", "origin": [8, 0, 8]},
			"faces": {
				"north": {"uv": [11, 5, 13, 6], "texture": "#0"},
				"east": {"uv": [11, 4, 14, 5], "texture": "#0"},
				"south": {"uv": [11, 6, 13, 7], "texture": "#0"},
				"west": {"uv": [11, 3, 14, 4], "texture": "#0"},
				"up": {"uv": [11, 6, 9, 3], "texture": "#0"},
				"down": {"uv": [11, 6, 9, 9], "texture": "#0"}
			}
		},
		{
			"from": [7.5, -1.33297, 2.62961],
			"to": [8.5, 8.66703, 3.12961],
			"rotation": {"angle": 17.5, "axis": "x", "origin": [8, 1, 8]},
			"faces": {
				"north": {"uv": [6, 4, 7, 14], "texture": "#0"},
				"east": {"uv": [7, 4, 8, 14], "texture": "#0"},
				"south": {"uv": [8, 4, 9, 14], "texture": "#0"},
				"west": {"uv": [7, 4, 8, 14], "texture": "#0"},
				"down": {"uv": [1, 0, 0, 0], "texture": "#0"}
			}
		},
		{
			"from": [12.6, 0, 7],
			"to": [15.6, 1, 9],
			"rotation": {"angle": 0, "axis": "y", "origin": [8, 0, 8]},
			"faces": {
				"north": {"uv": [11, 3, 14, 4], "texture": "#0"},
				"east": {"uv": [11, 5, 13, 6], "texture": "#0"},
				"south": {"uv": [11, 4, 14, 5], "texture": "#0"},
				"west": {"uv": [11, 6, 13, 7], "texture": "#0"},
				"up": {"uv": [11, 6, 9, 3], "rotation": 90, "texture": "#0"},
				"down": {"uv": [11, 6, 9, 9], "rotation": 270, "texture": "#0"}
			}
		},
		{
			"from": [12.87039, -1.33297, 7.5],
			"to": [13.37039, 8.66703, 8.5],
			"rotation": {"angle": 17.5, "axis": "z", "origin": [8, 1, 8]},
			"faces": {
				"north": {"uv": [7, 4, 8, 14], "texture": "#0"},
				"east": {"uv": [6, 4, 7, 14], "texture": "#0"},
				"south": {"uv": [7, 4, 8, 14], "texture": "#0"},
				"west": {"uv": [8, 4, 9, 14], "texture": "#0"},
				"down": {"uv": [1, 0, 0, 0], "rotation": 270, "texture": "#0"}
			}
		},
		{
			"from": [7, 0, 12.6],
			"to": [9, 1, 15.6],
			"rotation": {"angle": 0, "axis": "y", "origin": [8, 0, 8]},
			"faces": {
				"north": {"uv": [11, 6, 13, 7], "texture": "#0"},
				"east": {"uv": [11, 3, 14, 4], "texture": "#0"},
				"south": {"uv": [11, 5, 13, 6], "texture": "#0"},
				"west": {"uv": [11, 4, 14, 5], "texture": "#0"},
				"up": {"uv": [11, 6, 9, 3], "rotation": 180, "texture": "#0"},
				"down": {"uv": [11, 6, 9, 9], "rotation": 180, "texture": "#0"}
			}
		},
		{
			"from": [7.5, -1.33297, 12.87039],
			"to": [8.5, 8.66703, 13.37039],
			"rotation": {"angle": -17.5, "axis": "x", "origin": [8, 1, 8]},
			"faces": {
				"north": {"uv": [8, 4, 9, 14], "texture": "#0"},
				"east": {"uv": [7, 4, 8, 14], "texture": "#0"},
				"south": {"uv": [6, 4, 7, 14], "texture": "#0"},
				"west": {"uv": [7, 4, 8, 14], "texture": "#0"},
				"down": {"uv": [1, 0, 0, 0], "rotation": 180, "texture": "#0"}
			}
		},
		{
			"from": [0.4, 0, 7],
			"to": [3.4, 1, 9],
			"rotation": {"angle": 0, "axis": "y", "origin": [8, 0, 8]},
			"faces": {
				"north": {"uv": [11, 4, 14, 5], "texture": "#0"},
				"east": {"uv": [11, 6, 13, 7], "texture": "#0"},
				"south": {"uv": [11, 3, 14, 4], "texture": "#0"},
				"west": {"uv": [11, 5, 13, 6], "texture": "#0"},
				"up": {"uv": [11, 6, 9, 3], "rotation": 270, "texture": "#0"},
				"down": {"uv": [11, 6, 9, 9], "rotation": 90, "texture": "#0"}
			}
		},
		{
			"from": [2.62961, -1.33297, 7.5],
			"to": [3.12961, 8.66703, 8.5],
			"rotation": {"angle": -17.5, "axis": "z", "origin": [8, 1, 8]},
			"faces": {
				"north": {"uv": [7, 4, 8, 14], "texture": "#0"},
				"east": {"uv": [8, 4, 9, 14], "texture": "#0"},
				"south": {"uv": [7, 4, 8, 14], "texture": "#0"},
				"west": {"uv": [6, 4, 7, 14], "texture": "#0"},
				"down": {"uv": [1, 0, 0, 0], "rotation": 90, "texture": "#0"}
			}
		},
		{
			"from": [5, 9.55, 5],
			"to": [11, 11.55, 11],
			"rotation": {"angle": 45, "axis": "y", "origin": [8, 12.025, 8]},
			"faces": {
				"north": {"uv": [9, 0, 15, 2], "texture": "#0"},
				"east": {"uv": [9, 0, 15, 2], "texture": "#0"},
				"south": {"uv": [9, 0, 15, 2], "texture": "#0"},
				"west": {"uv": [9, 0, 15, 2], "texture": "#0"},
				"up": {"uv": [6, 6, 0, 0], "texture": "#0"},
				"down": {"uv": [6, 6, 0, 12], "texture": "#0"}
			}
		},
		{
			"from": [5.25, 5.2, 5.25],
			"to": [10.75, 6.2, 10.75],
			"rotation": {"angle": 45, "axis": "y", "origin": [8, 5.7, 8]},
			"faces": {
				"north": {"uv": [9, 2, 15, 3], "texture": "#0"},
				"east": {"uv": [9, 2, 15, 3], "texture": "#0"},
				"south": {"uv": [9, 2, 15, 3], "texture": "#0"},
				"west": {"uv": [9, 2, 15, 3], "texture": "#0"}
			}
		},
		{
			"from": [5.25, 6.2, 5.25],
			"to": [10.75, 5.2, 10.75],
			"rotation": {"angle": 45, "axis": "y", "origin": [8, 6.7, 8]},
			"faces": {
				"north": {"uv": [9, 2, 15, 3], "texture": "#0"},
				"east": {"uv": [9, 2, 15, 3], "texture": "#0"},
				"south": {"uv": [9, 2, 15, 3], "texture": "#0"},
				"west": {"uv": [9, 2, 15, 3], "texture": "#0"}
			}
		},
		{
			"from": [7, 11.5, 7],
			"to": [9, 15.5, 9],
			"rotation": {"angle": 45, "axis": "y", "origin": [8, 12.025, 8]},
			"faces": {
				"north": {"uv": [0, 12, 2, 16], "texture": "#0"},
				"east": {"uv": [2, 12, 0, 16], "texture": "#0"},
				"south": {"uv": [0, 12, 2, 16], "texture": "#0"},
				"west": {"uv": [2, 12, 0, 16], "texture": "#0"},
				"up": {"uv": [2, 12, 4, 14], "texture": "#0"},
				"down": {"uv": [0, 0, 2, 2], "texture": "#0"}
			}
		}
	],
	"display": {
		"head": {
			"rotation": [0, 45, 0],
			"translation": [0, 4, 0],
			"scale": [1.55, 1.55, 1.55]
		}
	},
	"groups": [
		{
			"name": "group",
			"origin": [7, 0, 0],
			"color": 0,
			"children": [0, 1]
		},
		{
			"name": "group",
			"origin": [7, 0, 0],
			"color": 0,
			"children": [2, 3]
		},
		{
			"name": "group",
			"origin": [7, 0, 0],
			"color": 0,
			"children": [4, 5]
		},
		{
			"name": "group",
			"origin": [7, 0, 0],
			"color": 0,
			"children": [6, 7]
		},
		8,
		9,
		10,
		11
	]
}