{
	"format_version": "1.21.6",
	"texture_size": [32, 32],
	"textures": {
		"4": "item/prop_items/bot/bot_laser_gun"
	},
	"elements": [
		{
			"from": [7, 2, -10],
			"to": [9, 4, 13],
			"rotation": {"angle": 0, "axis": "y", "origin": [0, 2, -3]},
			"faces": {
				"north": {"uv": [2, 9.5, 3, 10.5], "texture": "#4"},
				"east": {"uv": [3, 0, 14.5, 1], "texture": "#4"},
				"south": {"uv": [8, 9.5, 9, 10.5], "texture": "#4"},
				"west": {"uv": [14.5, 0, 3, 1], "texture": "#4"},
				"up": {"uv": [4, 12.5, 3, 1], "texture": "#4"},
				"down": {"uv": [5, 1, 4, 12.5], "texture": "#4"}
			}
		},
		{
			"from": [5, 1, 3],
			"to": [11, 2, 13],
			"rotation": {"angle": 0, "axis": "y", "origin": [0, 2, -3]},
			"faces": {
				"north": {"uv": [7, 4.5, 10, 5], "texture": "#4"},
				"east": {"uv": [12, 3, 7, 3.5], "texture": "#4"},
				"south": {"uv": [8, 9, 11, 9.5], "texture": "#4"},
				"west": {"uv": [7, 3, 12, 3.5], "texture": "#4"},
				"down": {"uv": [3, 0, 0, 5], "texture": "#4"}
			}
		},
		{
			"from": [7.5, 7.8, 5],
			"to": [8.5, 8.8, 15],
			"rotation": {"angle": 0, "axis": "y", "origin": [0, 1.8, -3]},
			"faces": {
				"north": {"uv": [9, 9.5, 9.5, 10], "texture": "#4"},
				"east": {"uv": [12, 4, 7, 4.5], "texture": "#4"},
				"south": {"uv": [9.5, 9.5, 10, 10], "texture": "#4"},
				"west": {"uv": [7, 4, 12, 4.5], "texture": "#4"},
				"up": {"uv": [7.5, 12, 7, 7], "texture": "#4"},
				"down": {"uv": [8, 7, 7.5, 12], "texture": "#4"}
			}
		},
		{
			"from": [3, 4, 11],
			"to": [5, 6, 13],
			"rotation": {"angle": 0, "axis": "y", "origin": [3, 4, 11]},
			"faces": {
				"north": {"uv": [12.5, 1, 13.5, 2], "texture": "#4"},
				"south": {"uv": [13.5, 1, 12.5, 2], "texture": "#4"},
				"west": {"uv": [11.5, 1, 12.5, 2], "texture": "#4"},
				"up": {"uv": [11.5, 2, 12.5, 3], "texture": "#4"},
				"down": {"uv": [12.5, 2, 13.5, 3], "texture": "#4"}
			}
		},
		{
			"from": [4, 6, 11],
			"to": [5, 14, 11],
			"rotation": {"angle": 0, "axis": "y", "origin": [3, 6, 11]},
			"faces": {
				"north": {"uv": [12.5, 3, 12, 7], "texture": "#4"},
				"east": {"uv": [0, 0, 1, 1], "texture": "#4"},
				"south": {"uv": [12.5, 3, 12, 7], "texture": "#4"},
				"west": {"uv": [11.5, 1, 12.5, 2], "texture": "#4"},
				"up": {"uv": [11.5, 2, 12.5, 3], "texture": "#4"},
				"down": {"uv": [12.5, 2, 13.5, 3], "texture": "#4"}
			}
		},
		{
			"from": [4, 1, 7],
			"to": [5, 6, 10],
			"rotation": {"angle": 0, "axis": "y", "origin": [3, 2, 8]},
			"faces": {
				"north": {"uv": [11.5, 4.5, 12, 7], "texture": "#4"},
				"south": {"uv": [11.5, 4.5, 12, 7], "texture": "#4"},
				"west": {"uv": [10, 4.5, 11.5, 7], "texture": "#4"},
				"up": {"uv": [10, 7, 11.5, 7.5], "rotation": 90, "texture": "#4"},
				"down": {"uv": [10, 7.5, 11.5, 8], "rotation": 90, "texture": "#4"}
			}
		},
		{
			"from": [8, 4, -10],
			"to": [8, 6, -9],
			"rotation": {"angle": 0, "axis": "y", "origin": [7, 4, -10]},
			"faces": {
				"north": {"uv": [0, 0, 0, 1], "texture": "#4"},
				"east": {"uv": [13.5, 1, 14, 2], "texture": "#4"},
				"south": {"uv": [0, 0, 0, 1], "texture": "#4"},
				"west": {"uv": [13.5, 1, 14, 2], "texture": "#4"},
				"up": {"uv": [0, 0, 0, 0.5], "texture": "#4"},
				"down": {"uv": [0, 0, 0, 0.5], "texture": "#4"}
			}
		},
		{
			"from": [11, 2, 8],
			"to": [15, 4, 11],
			"rotation": {"angle": 22.5, "axis": "z", "origin": [11, 2, 9]},
			"faces": {
				"north": {"uv": [0, 14, 1, 12], "rotation": 90, "texture": "#4"},
				"east": {"uv": [1.5, 10.5, 3, 11.5], "texture": "#4"},
				"south": {"uv": [0, 12, 1, 14], "rotation": 90, "texture": "#4"},
				"up": {"uv": [0, 10, 1.5, 12], "rotation": 90, "texture": "#4"},
				"down": {"uv": [1.5, 11.5, 3, 13.5], "rotation": 90, "texture": "#4"}
			}
		},
		{
			"from": [5, 2, 3],
			"to": [7, 4, 13],
			"rotation": {"angle": 0, "axis": "y", "origin": [0, 2, -3]},
			"faces": {
				"south": {"uv": [0, 9, 1, 10], "texture": "#4"},
				"west": {"uv": [5, 5, 10, 6], "texture": "#4"}
			}
		},
		{
			"from": [2.995, 2.995, 0.695],
			"to": [7.005, 11.005, 2.705],
			"rotation": {"angle": 30, "axis": "x", "origin": [0, 2, -3]},
			"faces": {
				"north": {"uv": [0, 5, 2, 9], "texture": "#4"},
				"east": {"uv": [5, 7, 6, 11], "texture": "#4"},
				"south": {"uv": [5, 1, 7, 5], "texture": "#4"},
				"west": {"uv": [6, 7, 7, 11], "texture": "#4"},
				"up": {"uv": [10, 8, 8, 7], "texture": "#4"},
				"down": {"uv": [10, 8, 8, 9], "texture": "#4"}
			}
		},
		{
			"from": [5, 4, 4],
			"to": [7, 6, 13],
			"rotation": {"angle": 0, "axis": "y", "origin": [0, 2, -3]},
			"faces": {
				"east": {"uv": [7, 1, 11.5, 2], "texture": "#4"},
				"south": {"uv": [1, 9, 2, 10], "texture": "#4"},
				"west": {"uv": [7, 2, 11.5, 3], "texture": "#4"},
				"up": {"uv": [3, 9.5, 2, 5], "texture": "#4"}
			}
		},
		{
			"from": [7.85, 5.8, 5],
			"to": [7.85, 7.8, 15],
			"rotation": {"angle": -25, "axis": "z", "origin": [7.85, 7.8, 10]},
			"faces": {
				"east": {"uv": [10, 6, 5, 7], "texture": "#4"},
				"west": {"uv": [5, 6, 10, 7], "texture": "#4"}
			}
		},
		{
			"from": [9, 2, 3],
			"to": [11, 4, 13],
			"rotation": {"angle": 0, "axis": "y", "origin": [16, 2, -3]},
			"faces": {
				"east": {"uv": [10, 5, 5, 6], "texture": "#4"},
				"south": {"uv": [1, 9, 0, 10], "texture": "#4"}
			}
		},
		{
			"from": [8.995, 2.995, 0.695],
			"to": [13.005, 11.005, 2.705],
			"rotation": {"angle": 30, "axis": "x", "origin": [16, 2, -3]},
			"faces": {
				"north": {"uv": [2, 5, 0, 9], "texture": "#4"},
				"east": {"uv": [7, 7, 6, 11], "texture": "#4"},
				"south": {"uv": [7, 1, 5, 5], "texture": "#4"},
				"west": {"uv": [6, 7, 5, 11], "texture": "#4"},
				"up": {"uv": [8, 8, 10, 7], "texture": "#4"},
				"down": {"uv": [8, 8, 10, 9], "texture": "#4"}
			}
		},
		{
			"from": [9, 4, 4],
			"to": [11, 6, 13],
			"rotation": {"angle": 0, "axis": "y", "origin": [16, 2, -3]},
			"faces": {
				"east": {"uv": [11.5, 2, 7, 3], "texture": "#4"},
				"south": {"uv": [2, 9, 1, 10], "texture": "#4"},
				"west": {"uv": [11.5, 1, 7, 2], "texture": "#4"},
				"up": {"uv": [2, 9.5, 3, 5], "texture": "#4"}
			}
		},
		{
			"from": [8.15, 5.8, 5],
			"to": [8.15, 7.8, 15],
			"rotation": {"angle": 25, "axis": "z", "origin": [8.15, 7.8, 10]},
			"faces": {
				"east": {"uv": [10, 6, 5, 7], "texture": "#4"},
				"west": {"uv": [5, 6, 10, 7], "texture": "#4"}
			}
		},
		{
			"from": [5, 0, 5],
			"to": [11, 1, 11],
			"rotation": {"angle": 0, "axis": "y", "origin": [8, 0, 8]},
			"faces": {
				"north": {"uv": [12.5, 3, 13, 6], "rotation": 90, "texture": "#4"},
				"east": {"uv": [12.5, 3, 13, 6], "rotation": 90, "texture": "#4"},
				"south": {"uv": [12.5, 3, 13, 6], "rotation": 90, "texture": "#4"},
				"west": {"uv": [12.5, 3, 13, 6], "rotation": 90, "texture": "#4"},
				"down": {"uv": [13, 3, 16, 6], "rotation": 90, "texture": "#4"}
			}
		}
	],
	"display": {
		"head": {
			"translation": [0, 7.25, 0],
			"scale": [1.65, 1.65, 1.65]
		}
	},
	"groups": [
		{
			"name": "group",
			"origin": [0, 0, 0],
			"color": 0,
			"children": [
				0,
				1,
				2,
				3,
				4,
				5,
				6,
				7,
				{
					"name": "group",
					"origin": [0, 0, 0],
					"color": 0,
					"children": [8, 9, 10, 11]
				},
				{
					"name": "group",
					"origin": [0, 0, 0],
					"color": 0,
					"children": [12, 13, 14, 15]
				}
			]
		},
		16
	]
}