{
	"format_version": "1.21.6",
	"texture_size": [32, 32],
	"textures": {
		"1": "block/custom/bot_slow_trap",
		"2": "block/custom/lightning_trap",
		"particle": "block/custom/lightning_trap"
	},
	"elements": [
		{
			"from": [2, 0, 2],
			"to": [14, 2, 14],
			"rotation": {"angle": 0, "axis": "y", "origin": [7, 0, 7]},
			"faces": {
				"north": {"uv": [6, 0, 12, 1], "texture": "#1"},
				"east": {"uv": [6, 1, 12, 2], "texture": "#1"},
				"south": {"uv": [6, 2, 12, 3], "texture": "#1"},
				"west": {"uv": [6, 3, 12, 4], "texture": "#1"},
				"up": {"uv": [6, 6, 0, 0], "texture": "#1"},
				"down": {"uv": [6, 6, 0, 12], "texture": "#1"}
			}
		},
		{
			"from": [6, 1, 6],
			"to": [10, 4, 10],
			"rotation": {"angle": 0, "axis": "y", "origin": [7, 1, 7]},
			"faces": {
				"north": {"uv": [10, 1, 14, 3.95], "texture": "#2"},
				"east": {"uv": [10, 1, 14, 3.95], "texture": "#2"},
				"south": {"uv": [10, 1, 14, 3.95], "texture": "#2"},
				"west": {"uv": [10, 1, 14, 3.95], "texture": "#2"},
				"up": {"uv": [10, 4, 14, 8], "texture": "#2"}
			}
		},
		{
			"from": [5.995, 1.995, 5.995],
			"to": [10.005, 3.005, 10.005],
			"light_emission": 15,
			"rotation": {"angle": 0, "axis": "y", "origin": [7, 1, 7]},
			"faces": {
				"north": {"uv": [12, 14, 16, 15], "texture": "#2"},
				"east": {"uv": [12, 14, 16, 15], "texture": "#2"},
				"south": {"uv": [12, 14, 16, 15], "texture": "#2"},
				"west": {"uv": [12, 14, 16, 15], "texture": "#2"}
			}
		},
		{
			"from": [7, 4.015, 7],
			"to": [9, 4.015, 9],
			"light_emission": 15,
			"rotation": {"angle": 0, "axis": "y", "origin": [7, 4, 7]},
			"faces": {
				"up": {"uv": [14, 1, 16, 3], "texture": "#2"}
			}
		}
	]
}