{
	"format_version": "1.21.6",
	"parent": "minecraft:block/block",
	"texture_size": [32, 32],
	"textures": {
		"0": "item/prop_items/bot/bot_head_back",
		"1": "item/prop_items/bot/bot_head_bottom",
		"2": "item/prop_items/bot/bot_head_front",
		"3": "item/prop_items/bot/bot_head_side",
		"4": "item/prop_items/bot/bot_head_top",
		"5": "item/prop_items/bot/bot_laser_gun",
		"6": "item/prop_items/bot/management_logo_holo",
		"particle": "item/prop_items/bot/bot_head_back"
	},
	"elements": [
		{
			"from": [4, 4, 4],
			"to": [12, 12, 12],
			"rotation": {"angle": 0, "axis": "y", "origin": [4, 4, 4]},
			"faces": {
				"north": {"uv": [0, 0, 16, 16], "texture": "#2"},
				"east": {"uv": [16, 0, 0, 16], "texture": "#3"},
				"south": {"uv": [0, 0, 16, 16], "texture": "#0"},
				"west": {"uv": [0, 0, 16, 16], "texture": "#3"},
				"up": {"uv": [0, 0, 16, 16], "texture": "#4"},
				"down": {"uv": [0, 0, 16, 16], "texture": "#1"}
			}
		},
		{
			"from": [12, 10.5, 7.5],
			"to": [13, 11.5, 8.5],
			"rotation": {"angle": 0, "axis": "y", "origin": [13, 10.5, 7.5]},
			"faces": {
				"north": {"uv": [13.5, 1, 12.5, 2], "texture": "#5"},
				"east": {"uv": [12.5, 1, 11.5, 2], "texture": "#5"},
				"south": {"uv": [12.5, 1, 13.5, 2], "texture": "#5"},
				"west": {"uv": [1, 0, 0, 1], "texture": "#5"},
				"up": {"uv": [12.5, 2, 11.5, 3], "texture": "#5"},
				"down": {"uv": [13.5, 2, 12.5, 3], "texture": "#5"}
			}
		},
		{
			"from": [12, 11.5, 7.5],
			"to": [12.5, 15.5, 7.5],
			"rotation": {"angle": 0, "axis": "y", "origin": [13, 11.5, 7.5]},
			"faces": {
				"north": {"uv": [12, 3, 12.5, 7], "texture": "#5"},
				"east": {"uv": [12.5, 1, 11.5, 2], "texture": "#5"},
				"south": {"uv": [12, 3, 12.5, 7], "texture": "#5"},
				"west": {"uv": [1, 0, 0, 1], "texture": "#5"},
				"up": {"uv": [12.5, 2, 11.5, 3], "texture": "#5"},
				"down": {"uv": [13.5, 2, 12.5, 3], "texture": "#5"}
			}
		},
		{
			"from": [3.5, 6, 5],
			"to": [4, 8.5, 6.5],
			"rotation": {"angle": 0, "axis": "y", "origin": [3, 6.5, 5.5]},
			"faces": {
				"north": {"uv": [11.5, 4.5, 12, 7], "texture": "#5"},
				"south": {"uv": [11.5, 4.5, 12, 7], "texture": "#5"},
				"west": {"uv": [10, 4.5, 11.5, 7], "texture": "#5"},
				"up": {"uv": [10, 7, 11.5, 7.5], "rotation": 90, "texture": "#5"},
				"down": {"uv": [10, 7.5, 11.5, 8], "rotation": 90, "texture": "#5"}
			}
		},
		{
			"from": [-14, -16, 14],
			"to": [30, 28, 14],
			"rotation": {"angle": 0, "axis": "y", "origin": [4, 3, 14]},
			"faces": {
				"north": {"uv": [0, 0, 16, 16], "texture": "#6"},
				"east": {"uv": [0, 0, 0, 12], "texture": "#6"},
				"south": {"uv": [16, 0, 0, 16], "texture": "#6"},
				"west": {"uv": [0, 0, 0, 12], "texture": "#6"},
				"up": {"uv": [0, 0, 12, 0], "texture": "#6"},
				"down": {"uv": [0, 0, 12, 0], "texture": "#6"}
			}
		}
	],
	"display": {
		"head": {
			"scale": [2, 2, 2]
		}
	}
}