{
	"format_version": "1.21.6",
	"parent": "minecraft:block/block",
	"texture_size": [32, 32],
	"textures": {
		"6": "item/prop_items/bot/management_logo_holo_static"
	},
	"elements": [
		{
			"from": [-14, -16, 8],
			"to": [30, 28, 8],
			"rotation": {"angle": 0, "axis": "y", "origin": [4, 3, 8]},
			"faces": {
				"north": {"uv": [0, 0, 16, 16], "texture": "#6"},
				"east": {"uv": [0, 0, 0, 12], "texture": "#6"},
				"south": {"uv": [16, 0, 0, 16], "texture": "#6"},
				"west": {"uv": [0, 0, 0, 12], "texture": "#6"},
				"up": {"uv": [0, 0, 12, 0], "texture": "#6"},
				"down": {"uv": [0, 0, 12, 0], "texture": "#6"}
			}
		}
	],
	"display": {
		"head": {
			"scale": [3, 3, 3]
		}
	}
}