{
	"format_version": "1.21.6",
	"parent": "item/generated",
	"gui_light": "front",
	"display": {
		"thirdperson_righthand": {
			"rotation": [0, 170, 4],
			"translation": [2, 6, -7]
		},
		"thirdperson_lefthand": {
			"rotation": [0, 170, 4],
			"translation": [2, 6, -7]
		},
		"firstperson_righthand": {
			"rotation": [170, 24, 3],
			"translation": [10, 0, -16],
			"scale": [1.5, 1.5, 1.5]
		},
		"firstperson_lefthand": {
			"rotation": [170, 24, 3],
			"translation": [10, 0, -16],
			"scale": [1.5, 1.5, 1.5]
		},
		"ground": {
			"rotation": [0, -180, 0],
			"translation": [0, 4, -4],
			"scale": [0.5, 0.5, 0.5]
		},
		"gui": {
			"rotation": [-180, 0, 0]
		},
		"fixed": {
			"rotation": [0, 0, -180],
			"translation": [0, 0, 24],
			"scale": [3, 3, 3]
		}
	}
}