{
	"credit": "Made with Blockbench",
	"textures": {
		"0": "item/prop_items/structure/platform",
		"1": "item/prop_items/structure/outline",
		"particle": "item/prop_items/structure/platform"
	},
	"elements": [
		{
			"from": [1, 1, 1],
			"to": [15, 15, 15],
			"rotation": {"angle": 0, "axis": "y", "origin": [-20, 0, -20]},
			"faces": {
				"north": {"uv": [7.375, 5.625, 8.625, 6.875], "texture": "#0"},
				"east": {"uv": [7.375, 5.625, 8.625, 6.875], "texture": "#0"},
				"south": {"uv": [7.375, 5.625, 8.625, 6.875], "texture": "#0"},
				"west": {"uv": [7.375, 5.625, 8.625, 6.875], "texture": "#0"},
				"up": {"uv": [7.375, 5.625, 8.625, 6.875], "texture": "#0"},
				"down": {"uv": [7.375, 5.625, 8.625, 6.875], "texture": "#0"}
			}
		},
		{
			"from": [16, 16, 16],
			"to": [0, 0, 0],
			"rotation": {"angle": 0, "axis": "y", "origin": [-20, 0, -20]},
			"faces": {
				"north": {"uv": [0, 0, 4.5, 4.5], "rotation": 180, "texture": "#1"},
				"east": {"uv": [0, 0, 4.5, 4.5], "rotation": 180, "texture": "#1"},
				"south": {"uv": [0, 0, 4.5, 4.5], "rotation": 180, "texture": "#1"},
				"west": {"uv": [0, 0, 4.5, 4.5], "rotation": 180, "texture": "#1"},
				"up": {"uv": [0, 0, 4.5, 4.5], "rotation": 180, "texture": "#1"},
				"down": {"uv": [0, 0, 16, 16], "rotation": 180, "texture": "#1"}
			}
		}
	],
	"display": {
		"thirdperson_righthand": {
			"rotation": [75, 45, 0],
			"translation": [0, 2.5, 0],
			"scale": [0.375, 0.375, 0.375]
		},
		"firstperson_righthand": {
			"rotation": [0, 45, 0],
			"scale": [0.4, 0.4, 0.4]
		},
		"firstperson_lefthand": {
			"rotation": [0, 225, 0],
			"scale": [0.4, 0.4, 0.4]
		},
		"ground": {
			"translation": [0, 3, 0],
			"scale": [0.25, 0.25, 0.25]
		},
		"gui": {
			"rotation": [30, 225, 0],
			"scale": [0.625, 0.625, 0.625]
		},
		"head": {
			"rotation": [45, 45, 0],
			"translation": [0, 19.25, -1.25],
			"scale": [1.75, 1.75, 1.75]
		},
		"fixed": {
			"scale": [0.5, 0.5, 0.5]
		}
	}
}