{
	"credit": "Made with Blockbench",
	"textures": {
		"0": "item/prop_items/structure/platform",
		"2": "item/prop_items/structure/text",
		"particle": "item/prop_items/structure/glow"
	},
	"elements": [
		{
			"from": [0, 8, 0],
			"to": [16, 8, 16],
			"faces": {
				"north": {"uv": [0, 0, 16, 0], "texture": "#0"},
				"east": {"uv": [0, 0, 16, 0], "texture": "#0"},
				"south": {"uv": [0, 0, 16, 0], "texture": "#0"},
				"west": {"uv": [0, 0, 16, 0], "texture": "#0"},
				"up": {"uv": [0, 0, 16, 16], "texture": "#0"},
				"down": {"uv": [0, 0, 16, 16], "texture": "#0"}
			}
		},
		{
			"from": [16.05, 6.8, 6.4475],
			"to": [16.05, 10.02, 9.6675],
			"rotation": {"angle": 0, "axis": "y", "origin": [8, 6.8, 8]},
			"faces": {
				"west": {"uv": [0, 0, 3.2, 3.2], "texture": "#2"}
			}
		},
		{
			"from": [16.05, 6.8, 6.4475],
			"to": [16.05, 10.02, 9.6675],
			"rotation": {"angle": -22.5, "axis": "y", "origin": [8, 6.8, 8]},
			"faces": {
				"west": {"uv": [3.2, 0, 6.4, 3.2], "texture": "#2"}
			}
		},
		{
			"from": [16.05, 6.8, 6.4475],
			"to": [16.05, 10.02, 9.6675],
			"rotation": {"angle": -45, "axis": "y", "origin": [8, 6.8, 8]},
			"faces": {
				"west": {"uv": [6.4, 0, 9.6, 3.2], "texture": "#2"}
			}
		},
		{
			"from": [6.3325, 6.8, 16.05],
			"to": [9.5525, 10.02, 16.05],
			"rotation": {"angle": 22.5, "axis": "y", "origin": [8, 6.8, 8]},
			"faces": {
				"north": {"uv": [9.6, 0, 12.8, 3.2], "texture": "#2"}
			}
		},
		{
			"from": [6.3325, 6.8, 16.05],
			"to": [9.5525, 10.02, 16.05],
			"rotation": {"angle": 0, "axis": "y", "origin": [8, 6.8, 8]},
			"faces": {
				"north": {"uv": [12.8, 0, 16, 3.2], "texture": "#2"}
			}
		},
		{
			"from": [6.3325, 6.8, 16.05],
			"to": [9.5525, 10.02, 16.05],
			"rotation": {"angle": -22.5, "axis": "y", "origin": [8, 6.8, 8]},
			"faces": {
				"north": {"uv": [0, 4, 3.2, 7.2], "texture": "#2"}
			}
		},
		{
			"from": [6.3325, 6.8, 16.05],
			"to": [9.5525, 10.02, 16.05],
			"rotation": {"angle": -45, "axis": "y", "origin": [8, 6.8, 8]},
			"faces": {
				"north": {"uv": [3.2, 4, 6.4, 7.2], "texture": "#2"}
			}
		},
		{
			"from": [-0.05, 6.8, 6.3325],
			"to": [-0.05, 10.02, 9.5525],
			"rotation": {"angle": 22.5, "axis": "y", "origin": [8, 6.8, 8]},
			"faces": {
				"east": {"uv": [6.4, 4, 9.6, 7.2], "texture": "#2"}
			}
		},
		{
			"from": [-0.05, 6.8, 6.3325],
			"to": [-0.05, 10.02, 9.5525],
			"rotation": {"angle": 0, "axis": "y", "origin": [8, 6.8, 8]},
			"faces": {
				"east": {"uv": [9.6, 4, 12.8, 7.2], "texture": "#2"}
			}
		},
		{
			"from": [-0.05, 6.8, 6.3325],
			"to": [-0.05, 10.02, 9.5525],
			"rotation": {"angle": -22.5, "axis": "y", "origin": [8, 6.8, 8]},
			"faces": {
				"east": {"uv": [12.8, 4, 16, 7.2], "texture": "#2"}
			}
		},
		{
			"from": [-0.05, 6.8, 6.3325],
			"to": [-0.05, 10.02, 9.5525],
			"rotation": {"angle": -45, "axis": "y", "origin": [8, 6.8, 8]},
			"faces": {
				"east": {"uv": [0, 8, 3.2, 11.2], "texture": "#2"}
			}
		},
		{
			"from": [6.4475, 6.8, -0.05],
			"to": [9.6675, 10.02, -0.05],
			"rotation": {"angle": 22.5, "axis": "y", "origin": [8, 6.8, 8]},
			"faces": {
				"south": {"uv": [3.2, 8, 6.4, 11.2], "texture": "#2"}
			}
		},
		{
			"from": [6.4475, 6.8, -0.05],
			"to": [9.6675, 10.02, -0.05],
			"rotation": {"angle": 0, "axis": "y", "origin": [8, 6.8, 8]},
			"faces": {
				"south": {"uv": [6.4, 8, 9.6, 11.2], "texture": "#2"}
			}
		},
		{
			"from": [6.4475, 6.8, -0.05],
			"to": [9.6675, 10.02, -0.05],
			"rotation": {"angle": -22.5, "axis": "y", "origin": [8, 6.8, 8]},
			"faces": {
				"south": {"uv": [9.6, 8, 12.8, 11.2], "texture": "#2"}
			}
		},
		{
			"from": [6.4475, 6.8, -0.05],
			"to": [9.6675, 10.02, -0.05],
			"rotation": {"angle": -45, "axis": "y", "origin": [8, 6.8, 8]},
			"faces": {
				"south": {"uv": [12.8, 8, 16, 11.2], "texture": "#2"}
			}
		},
		{
			"from": [16.05, 6.8, 6.4475],
			"to": [16.05, 10.02, 9.6675],
			"rotation": {"angle": 22.5, "axis": "y", "origin": [8, 6.8, 8]},
			"faces": {
				"west": {"uv": [0, 12, 3.2, 15.2], "texture": "#2"}
			}
		}
	],
	"display": {
		"head": {
			"translation": [0, 7.5, 0],
			"scale": [1.75, 1.75, 1.75]
		}
	},
	"groups": [
		0,
		{
			"name": "group",
			"origin": [8, 0, 8],
			"color": 0,
			"children": [1, 2, 3, 4, 5, 6, 7, 8, 9, 10, 11, 12, 13, 14, 15, 16]
		}
	]
}