{
  "model": {
    "type": "select",
    "property": "custom_model_data",
    "fallback": {
      "type": "model",
      "model": "item/clay_ball"
    },
    "cases": [
      {
        "when": "1",
        "model": {
          "type": "model",
          "model": "particle_emitter/cloud_transparent/1",
          "tints": [
            {
              "type": "minecraft:custom_model_data",
              "index": 0,
              "default": 16777215
            }
          ]
        }
      },
      {
        "when": "2",
        "model": {
          "type": "model",
          "model": "particle_emitter/cloud_transparent/2",
          "tints": [
            {
              "type": "minecraft:custom_model_data",
              "index": 0,
              "default": 16777215
            }
          ]
        }
      },
      {
        "when": "3",
        "model": {
          "type": "model",
          "model": "particle_emitter/cloud_transparent/3",
          "tints": [
            {
              "type": "minecraft:custom_model_data",
              "index": 0,
              "default": 16777215
            }
          ]
        }
      }
	]
  }
}