{
  "model": {
    "type": "select",
    "property": "custom_model_data",
    "fallback": {
      "type": "model",
      "model": "item/clay_ball"
    },
    "cases": [
      {
        "when": "1",
        "model": {
          "type": "model",
          "model": "particle_emitter/dust/1",
          "tints": [
            {
              "type": "minecraft:custom_model_data",
              "index": 0,
              "default": 16777215
            }
          ]
        }
      },
      {
        "when": "2",
        "model": {
          "type": "model",
          "model": "particle_emitter/dust/2",
          "tints": [
            {
              "type": "minecraft:custom_model_data",
              "index": 0,
              "default": 16777215
            }
          ]
        }
      },
      {
        "when": "3",
        "model": {
          "type": "model",
          "model": "particle_emitter/dust/3",
          "tints": [
            {
              "type": "minecraft:custom_model_data",
              "index": 0,
              "default": 16777215
            }
          ]
        }
      },
      {
        "when": "4",
        "model": {
          "type": "model",
          "model": "particle_emitter/dust/4",
          "tints": [
            {
              "type": "minecraft:custom_model_data",
              "index": 0,
              "default": 16777215
            }
          ]
        }
      },
      {
        "when": "5",
        "model": {
          "type": "model",
          "model": "particle_emitter/dust/5",
          "tints": [
            {
              "type": "minecraft:custom_model_data",
              "index": 0,
              "default": 16777215
            }
          ]
        }
      },
      {
        "when": "6",
        "model": {
          "type": "model",
          "model": "particle_emitter/dust/6",
          "tints": [
            {
              "type": "minecraft:custom_model_data",
              "index": 0,
              "default": 16777215
            }
          ]
        }
      },
      {
        "when": "7",
        "model": {
          "type": "model",
          "model": "particle_emitter/dust/7",
          "tints": [
            {
              "type": "minecraft:custom_model_data",
              "index": 0,
              "default": 16777215
            }
          ]
        }
      },
      {
        "when": "8",
        "model": {
          "type": "model",
          "model": "particle_emitter/dust/8",
          "tints": [
            {
              "type": "minecraft:custom_model_data",
              "index": 0,
              "default": 16777215
            }
          ]
        }
      }
    ]
  }
}