{
	"format_version": "1.21.6",
	"parent": "minecraft:block/fence_inventory",
	"textures": {
		"1": "block/mangrove_fence",
		"texture": "block/mangrove_planks",
		"particle": "block/mangrove_fence"
	},
	"elements": [
		{
			"name": "Left post",
			"from": [6, 0, 0],
			"to": [10, 16, 4],
			"faces": {
				"north": {"uv": [8, 0, 4, 16], "texture": "#1"},
				"east": {"uv": [0, 0, 4, 16], "texture": "#1"},
				"south": {"uv": [8, 0, 4, 16], "texture": "#1"},
				"west": {"uv": [0, 0, 4, 16], "texture": "#1"},
				"up": {"uv": [12, 0, 8, 4], "texture": "#1"},
				"down": {"uv": [8, 0, 12, 4], "texture": "#1", "cullface": "down"}
			}
		},
		{
			"name": "Right post",
			"from": [6, 0, 12],
			"to": [10, 16, 16],
			"faces": {
				"north": {"uv": [8, 0, 4, 16], "texture": "#1"},
				"east": {"uv": [0, 0, 4, 16], "texture": "#1"},
				"south": {"uv": [8, 0, 4, 16], "texture": "#1"},
				"west": {"uv": [0, 0, 4, 16], "texture": "#1"},
				"up": {"uv": [12, 0, 8, 4], "texture": "#1"},
				"down": {"uv": [8, 0, 12, 4], "texture": "#1", "cullface": "down"}
			}
		},
		{
			"name": "Top bar",
			"from": [7, 12, 0],
			"to": [9, 15, 16],
			"faces": {
				"east": {"uv": [0, 1, 16, 4], "texture": "#texture"},
				"west": {"uv": [0, 1, 16, 4], "texture": "#texture"},
				"up": {"uv": [0, 0, 16, 2], "rotation": 90, "texture": "#texture"},
				"down": {"uv": [0, 0, 16, 2], "rotation": 90, "texture": "#texture"}
			}
		},
		{
			"name": "Top bar left",
			"from": [7, 12, -2],
			"to": [9, 15, 0],
			"faces": {
				"north": {"uv": [7, 1, 9, 4], "texture": "#texture"},
				"east": {"uv": [0, 1, 2, 4], "texture": "#texture"},
				"west": {"uv": [14, 1, 16, 4], "texture": "#texture"},
				"up": {"uv": [7, 14, 9, 16], "texture": "#texture"},
				"down": {"uv": [7, 0, 9, 2], "texture": "#texture"}
			}
		},
		{
			"name": "Top bar right",
			"from": [7, 12, 16],
			"to": [9, 15, 18],
			"faces": {
				"east": {"uv": [14, 1, 16, 4], "texture": "#texture"},
				"south": {"uv": [7, 1, 9, 4], "texture": "#texture"},
				"west": {"uv": [0, 1, 2, 4], "texture": "#texture"},
				"up": {"uv": [7, 0, 9, 2], "texture": "#texture"},
				"down": {"uv": [7, 14, 9, 16], "texture": "#texture"}
			}
		},
		{
			"name": "Lower bar",
			"from": [7, 6, 0],
			"to": [9, 9, 16],
			"faces": {
				"east": {"uv": [0, 7, 16, 10], "texture": "#texture"},
				"west": {"uv": [0, 7, 16, 10], "texture": "#texture"},
				"up": {"uv": [0, 0, 16, 2], "rotation": 90, "texture": "#texture"},
				"down": {"uv": [0, 0, 16, 2], "rotation": 90, "texture": "#texture"}
			}
		},
		{
			"name": "Lower bar left",
			"from": [7, 6, -2],
			"to": [9, 9, 0],
			"faces": {
				"north": {"uv": [7, 7, 9, 10], "texture": "#texture"},
				"east": {"uv": [0, 7, 2, 10], "texture": "#texture"},
				"west": {"uv": [14, 7, 16, 10], "texture": "#texture"},
				"up": {"uv": [7, 14, 9, 16], "texture": "#texture"},
				"down": {"uv": [7, 0, 9, 2], "texture": "#texture"}
			}
		},
		{
			"name": "Lower bar right",
			"from": [7, 6, 16],
			"to": [9, 9, 18],
			"faces": {
				"east": {"uv": [14, 7, 16, 10], "texture": "#texture"},
				"south": {"uv": [7, 7, 9, 10], "texture": "#texture"},
				"west": {"uv": [0, 7, 2, 10], "texture": "#texture"},
				"up": {"uv": [7, 0, 9, 2], "texture": "#texture"},
				"down": {"uv": [7, 14, 9, 16], "texture": "#texture"}
			}
		}
	]
}