{
	"format_version": "1.21.6",
	"parent": "minecraft:block/fence_post",
	"textures": {
		"1": "block/mangrove_fence",
		"particle": "block/mangrove_fence"
	},
	"elements": [
		{
			"from": [6, 0, 6],
			"to": [10, 16, 10],
			"rotation": {"angle": 0, "axis": "y", "origin": [7, 0, 7]},
			"faces": {
				"north": {"uv": [0, 0, 4, 16], "texture": "#1"},
				"east": {"uv": [8, 0, 4, 16], "texture": "#1"},
				"south": {"uv": [0, 0, 4, 16], "texture": "#1"},
				"west": {"uv": [8, 0, 4, 16], "texture": "#1"},
				"up": {"uv": [8, 0, 12, 4], "texture": "#1"},
				"down": {"uv": [8, 0, 12, 4], "rotation": 90, "texture": "#1"}
			}
		}
	]
}