{
	"providers": [
	{
		"type": "bitmap",
		"file": "font/fade.png",
		"ascent": 512,
		"height": 1024,
		"chars": [""]
	},
	{
		"type": "bitmap",
		"file": "font/flash.png",
		"ascent": 512,
		"height": 1024,
		"chars": [""]
	},
	{
		"type": "bitmap",
		"file": "font/logo.png",
		"ascent": 32,
		"height": 32,
		"chars": [""],
		"note": "e020"
	},
	{
		"type": "bitmap",
		"file": "font/big_logo_left.png",
		"ascent": 32,
		"height": 32,
		"chars": [""],
		"note": "e021"
	},
	{
		"type": "bitmap",
		"file": "font/big_logo_right.png",
		"ascent": 32,
		"height": 32,
		"chars": [""],
		"note": "e022"
	},
	{
        "type": "space",
        "advances": {
			"": -1,
			"": 9
		},
		"note": "e023",
		"note": "e027"
	},
	{
		"type": "bitmap",
		"file": "font/full_logo.png",
		"ascent": 32,
		"height": 32,
		"chars": [""],
		"note": "e024"
	},
	{
		"type": "bitmap",
		"file": "font/big_logo_left_lower.png",
		"ascent": 100,
		"height": 100,
		"chars": [""],
		"note": "e025"
	},
	{
		"type": "bitmap",
		"file": "font/big_logo_right_lower.png",
		"ascent": 100,
		"height": 100,
		"chars": [""],
		"note": "e026"
	}
	]
}