{
    "providers": [
        {
            "type": "bitmap",
            "file": "font/fade.png",
            "ascent": 512,
            "height": 1024,
            "chars": [
                "\uE000"
            ]
        },
        {
            "type": "bitmap",
            "file": "font/flash.png",
            "ascent": 512,
            "height": 1024,
            "chars": [
                "\uE001"
            ]
        },
        {
            "type": "bitmap",
            "file": "font/logo.png",
            "ascent": 24,
            "height": 24,
            "chars": [
                "\uE020"
            ]
        },
        {
            "type": "bitmap",
            "file": "font/big_logo_left.png",
            "ascent": 32,
            "height": 32,
            "chars": [
                "\uE021"
            ]
        },
        {
            "type": "bitmap",
            "file": "font/big_logo_right.png",
            "ascent": 32,
            "height": 32,
            "chars": [
                "\uE022"
            ]
        },
        {
            "type": "space",
            "advances": {
                "\uE023": -1,
                "\uE027": 9
            }
        },
        {
            "type": "bitmap",
            "file": "font/full_logo.png",
            "ascent": 32,
            "height": 32,
            "chars": [
                "\uE024"
            ]
        },
        {
            "type": "bitmap",
            "file": "font/big_logo_left_lower.png",
            "ascent": 100,
            "height": 100,
            "chars": [
                "\uE025"
            ]
        },
        {
            "type": "bitmap",
            "file": "font/big_logo_right_lower.png",
            "ascent": 100,
            "height": 100,
            "chars": [
                "\uE026"
            ],
            "note": "e026"
        },
        {
            "type": "bitmap",
            "file": "font/tags/lore.png",
            "ascent": 7,
            "height": 9,
            "chars": [
                "\uE028",
                "\uE029",
                "\uE030"
            ]
        },
        {
            "type": "reference",
            "id": "font/large"
        }
    ]
}