{
    "providers": [
        {
            "type": "bitmap",
            "file": "font/fade.png",
            "ascent": 512,
            "height": 1024,
            "chars": [
                "\uE000"
            ]
        },
        {
            "type": "bitmap",
            "file": "font/flash.png",
            "ascent": 512,
            "height": 1024,
            "chars": [
                "\uE001"
            ]
        },
        {
            "type": "bitmap",
            "file": "font/logo.png",
            "ascent": 24,
            "height": 24,
            "chars": [
                "\uE020"
            ]
        },
        {
            "type": "bitmap",
            "file": "font/big_logo_left.png",
            "ascent": 32,
            "height": 32,
            "chars": [
                "\uE021"
            ]
        },
        {
            "type": "bitmap",
            "file": "font/big_logo_right.png",
            "ascent": 32,
            "height": 32,
            "chars": [
                "\uE022"
            ]
        },
        {
            "type": "space",
            "advances": {
                "\uE023": -1,
                "\uE027": 9,
                "\uE051": 1
            }
        },
        {
            "type": "bitmap",
            "file": "font/full_logo.png",
            "ascent": 32,
            "height": 32,
            "chars": [
                "\uE024"
            ]
        },
        {
            "type": "bitmap",
            "file": "font/big_logo_left_lower.png",
            "ascent": 100,
            "height": 100,
            "chars": [
                "\uE025"
            ]
        },
        {
            "type": "bitmap",
            "file": "font/big_logo_right_lower.png",
            "ascent": 100,
            "height": 100,
            "chars": [
                "\uE026"
            ],
            "note": "e026"
        },
        {
            "type": "bitmap",
            "file": "font/tags/lore.png",
            "ascent": 7,
            "height": 9,
            "chars": [
                "\uE028",
                "\uE029",
                "\uE030"
            ]
        },
        {
            "type": "bitmap",
            "file": "font/icons/lore.png",
            "ascent": 7,
            "height": 7,
            "chars": [
                "\uE031"
            ]
        },
        {
            "type": "reference",
            "id": "font/large"
        },
        {
            "type": "reference",
            "id": "gui/recipe_book"
        },
        {
            "type": "bitmap",
            "file": "font/ui/bar_notched.png",
            "ascent": 11,
            "height": 11,
            "chars": [
                "\uE040",
                "\uE041",
                "\uE042",
                "\uE043",
                "\uE044",
                "\uE045",
                "\uE046",
                "\uE047",
                "\uE048",
                "\uE049"
            ]
        },
        {
            "type": "bitmap",
            "file": "font/ui/bar_notch.png",
            "ascent": 11,
            "height": 11,
            "chars": [
                "\uE050"
            ]
        },
		{
		"type": "bitmap",
		"file": "font/icons/mobs.png",
		"ascent": 8,
		"height": 8,
		"chars": [
			"\uE0A0\uE0A1\uE0A2\uE0A3\uE0A4\uE0A5\uE0A6\uE0A7",
			"\uE0A8\uE0A9\uE0AA\uE0AB\uE0AC\uE0AD\uE0AE\uE0AF",
			"\uE0B0\uE0B1\uE0B2\uE0B3\uE0B4\uE0B5\uE0B6\uE0B7",
			"\uE0B8\uE0B9\uE0BA\uE0BB\uE0BC\uE0BD\uE0BE\uE0BF",
			"\uE0C0\uE0C1\uE0C2\uE0C3\uE0C4\uE0C5\uE0C6\uE0C7",
			"\uE0C8\uE0C9\uE0CA\uE0CB\uE0CC\uE0CD\uE0CE\uE0CF",
			"\uE0D0\uE0D1\uE0D2\uE0D3\uE0D4\uE0D5\uE0D6\uE0D7",
			"\uE0D8\uE0D9\uE0DA\uE0DB\uE0DC\uE0DD\uE0DE\uE0DF",
			"\uE0E0\uE0E1\uE0E2\uE0E3\uE0E4\uE0E5\uE0E6\uE0E7"
		]
		}
    ]
}