{
	"format_version": "1.21.6",
	"credit": "Made with Blockbench",
	"texture_size": [32, 32],
	"textures": {
		"1": "item/skybox/star",
		"2": "item/skybox/stars/stars",
		"3": "item/skybox/star_skybox",
		"4": "item/skybox/star_skybox_2",
		"particle": "item/skybox/star"
	},
	"elements": [
		{
			"from": [16, 15.05, 16],
			"to": [0, 1.05, 0],
			"rotation": {"angle": 0, "axis": "y", "origin": [0, -6.95, 0]},
			"faces": {
				"north": {"uv": [0, 0, 16, 16], "rotation": 180, "texture": "#2", "tintindex": 3},
				"east": {"uv": [0, 0, 16, 16], "rotation": 180, "texture": "#2", "tintindex": 3},
				"south": {"uv": [0, 0, 16, 16], "rotation": 180, "texture": "#2", "tintindex": 3},
				"west": {"uv": [0, 0, 16, 16], "rotation": 180, "texture": "#2", "tintindex": 3},
				"up": {"uv": [0, 0, 16, 16], "rotation": 180, "texture": "#2", "tintindex": 3},
				"down": {"uv": [0, 0, 16, 16], "rotation": 180, "texture": "#2", "tintindex": 3}
			}
		},
		{
			"from": [14, 14.05, 14],
			"to": [2, 2.05, 2],
			"rotation": {"angle": 0, "axis": "y", "origin": [0, -5.95, 0]},
			"faces": {
				"north": {"uv": [12, 5.33594, 16, 10.66797], "rotation": 180, "texture": "#3", "tintindex": 1},
				"east": {"uv": [0, 5.33203, 4, 10.66406], "rotation": 180, "texture": "#3", "tintindex": 1},
				"south": {"uv": [4, 5.33203, 8, 10.66406], "rotation": 180, "texture": "#3", "tintindex": 1},
				"west": {"uv": [8, 5.33203, 12, 10.66406], "rotation": 180, "texture": "#3", "tintindex": 1},
				"up": {"uv": [4, 10.66797, 8, 16], "rotation": 180, "texture": "#3", "tintindex": 1},
				"down": {"uv": [4, 0, 8, 5.33203], "rotation": 180, "texture": "#3", "tintindex": 1}
			}
		},
		{
			"from": [14.5, 14.55, 14.5],
			"to": [1.5, 1.55, 1.5],
			"rotation": {"angle": 0, "axis": "y", "origin": [0, -5.95, 0]},
			"faces": {
				"north": {"uv": [12, 5.33594, 16, 10.66797], "rotation": 180, "texture": "#4", "tintindex": 2},
				"east": {"uv": [0, 5.33203, 4, 10.66406], "rotation": 180, "texture": "#4", "tintindex": 2},
				"south": {"uv": [4, 5.33203, 8, 10.66406], "rotation": 180, "texture": "#4", "tintindex": 2},
				"west": {"uv": [8, 5.33203, 12, 10.66406], "rotation": 180, "texture": "#4", "tintindex": 2},
				"up": {"uv": [4, 10.66797, 8, 16], "rotation": 180, "texture": "#4", "tintindex": 2},
				"down": {"uv": [4, 0, 8, 5.33203], "rotation": 180, "texture": "#4", "tintindex": 2}
			}
		},
		{
			"from": [6, 6.05, 5.5],
			"to": [10, 10.05, 5.5],
			"rotation": {"angle": 0, "axis": "y", "origin": [6, 6.05, 5]},
			"faces": {
				"south": {"uv": [0, 0, 16, 16], "texture": "#1", "tintindex": 0}
			}
		}
	],
	"groups": [
		0,
		1,
		2,
		{
			"name": "group",
			"origin": [0, -6.95, 0],
			"color": 0,
			"children": [3]
		}
	]
}