{
	"textures": {
		"0": "item/particle_emitter/cube/3"
	},
	"elements": [
		{
			"from": [0, 0, 0],
			"to": [16, 16, 16],
			"faces": {
				"north": {"uv": [0, 0, 16, 16], "texture": "#0", "tintindex": 0},
				"east": {"uv": [0, 0, 16, 16], "texture": "#0", "tintindex": 0},
				"south": {"uv": [0, 0, 16, 16], "texture": "#0", "tintindex": 0},
				"west": {"uv": [0, 0, 16, 16], "texture": "#0", "tintindex": 0},
				"up": {"uv": [0, 0, 16, 16], "texture": "#0", "tintindex": 0},
				"down": {"uv": [0, 0, 16, 16], "texture": "#0", "tintindex": 0}
			}
		}
	]
}