{
	"format_version": "1.21.6",
	"parent": "builtin/entity",
	"texture_size": [64, 64],
	"textures": {
		"0": "item/prop_items/weapons/management_shield",
		"particle": "item/prop_items/weapons/management_shield"
	},
	"elements": [
		{
			"from": [-6, -12, 1],
			"to": [6, 11, 2],
			"rotation": {"angle": 0, "axis": "y", "origin": [-1, -12, 2]},
			"faces": {
				"north": {"uv": [6, 0.25, 3, 6], "texture": "#0"},
				"east": {"uv": [6.25, 0.25, 6, 6], "texture": "#0"},
				"south": {"uv": [0, 0.25, 3, 6], "texture": "#0"},
				"west": {"uv": [6.25, 0.25, 6, 6], "texture": "#0"},
				"up": {"uv": [3, 0.5, 0, 0.25], "texture": "#0"},
				"down": {"uv": [9, 6.25, 6, 6], "texture": "#0"}
			}
		},
		{
			"from": [-6, 11, 1],
			"to": [-3, 12, 2],
			"rotation": {"angle": 0, "axis": "y", "origin": [-1, -12, 2]},
			"faces": {
				"north": {"uv": [3.75, 0, 3, 0.25], "texture": "#0"},
				"east": {"uv": [3.25, 6.25, 3, 6.5], "texture": "#0"},
				"south": {"uv": [3, 0, 2.25, 0.25], "texture": "#0"},
				"west": {"uv": [6.25, 0, 6, 0.25], "texture": "#0"},
				"up": {"uv": [6, 6.25, 5.25, 6], "texture": "#0"},
				"down": {"uv": [9, 6.25, 8.25, 6], "texture": "#0"}
			}
		},
		{
			"from": [3, 11, 1],
			"to": [6, 12, 2],
			"rotation": {"angle": 0, "axis": "y", "origin": [-1, -12, 2]},
			"faces": {
				"north": {"uv": [6, 0, 5.25, 0.25], "texture": "#0"},
				"east": {"uv": [6.25, 0, 6, 0.25], "texture": "#0"},
				"south": {"uv": [0.75, 0, 0, 0.25], "texture": "#0"},
				"west": {"uv": [3.25, 6.25, 3, 6.5], "texture": "#0"},
				"up": {"uv": [3.75, 6.25, 3, 6], "texture": "#0"},
				"down": {"uv": [6.75, 6.25, 6, 6], "texture": "#0"}
			}
		},
		{
			"from": [-6, -12, 2.25],
			"to": [6, 12, 2.25],
			"rotation": {"angle": 0, "axis": "y", "origin": [-1, -12, 3.25]},
			"faces": {
				"south": {"uv": [9.25, 0, 6.25, 6], "texture": "#0"}
			}
		},
		{
			"from": [-1, -3, -5],
			"to": [1, 3, 1],
			"rotation": {"angle": 0, "axis": "y", "origin": [-1, -3, 1]},
			"faces": {
				"north": {"uv": [2, 6, 1.5, 7.5], "texture": "#0"},
				"east": {"uv": [0, 6, 1.5, 7.5], "texture": "#0"},
				"west": {"uv": [1.5, 6, 0, 7.5], "texture": "#0"},
				"up": {"uv": [2.5, 6, 2, 7.5], "texture": "#0"},
				"down": {"uv": [3, 7.5, 2.5, 6], "texture": "#0"}
			}
		}
	],
	"gui_light": "front",
	"overrides": [
		{"predicate": {"blocking": 1}, "model": "item/shield_blocking"}
	],
	"display": {
		"thirdperson_righthand": {
			"rotation": [0, 90, 0],
			"translation": [10, 6, -4]
		},
		"thirdperson_lefthand": {
			"rotation": [0, 90, 0],
			"translation": [10, 6, 12]
		},
		"firstperson_righthand": {
			"rotation": [0, -180, 5],
			"translation": [-10, 2, -10],
			"scale": [1.25, 1.25, 1.25]
		},
		"firstperson_lefthand": {
			"rotation": [0, -180, 5],
			"translation": [10, 0, -10],
			"scale": [1.25, 1.25, 1.25]
		},
		"ground": {
			"translation": [2, 4, 2],
			"scale": [0.25, 0.25, 0.25]
		},
		"gui": {
			"rotation": [15, -25, -5],
			"translation": [2, 3, 0],
			"scale": [0.65, 0.65, 0.65]
		},
		"fixed": {
			"rotation": [0, -180, 0],
			"translation": [-4.5, 4.5, -5],
			"scale": [0.55, 0.55, 0.55]
		}
	}
}