{
	"format_version": "1.21.6",
	"textures": {
		"0": "item/prop_items/weapons/stun_baton",
		"particle": "item/prop_items/weapons/stun_baton"
	},
	"elements": [
		{
			"from": [7.1875, 0, 7.1875],
			"to": [8.8125, 5.75, 8.8125],
			"rotation": {"angle": 0, "axis": "y", "origin": [6.75, 0, 6.75]},
			"faces": {
				"north": {"uv": [7, 0, 5, 7], "texture": "#0"},
				"east": {"uv": [3, 0, 5, 7], "texture": "#0"},
				"south": {"uv": [7, 0, 5, 7], "texture": "#0"},
				"west": {"uv": [3, 0, 5, 7], "texture": "#0"},
				"down": {"uv": [5, 7, 3, 9], "texture": "#0"}
			}
		},
		{
			"from": [7.0375, -0.15, 7.0375],
			"to": [8.9625, 0.975, 8.9625],
			"rotation": {"angle": 0, "axis": "y", "origin": [6.75, 0, 6.75]},
			"faces": {
				"north": {"uv": [7, 6, 5, 7], "texture": "#0"},
				"east": {"uv": [5, 6, 7, 7], "texture": "#0"},
				"south": {"uv": [7, 6, 5, 7], "texture": "#0"},
				"west": {"uv": [5, 6, 7, 7], "texture": "#0"},
				"down": {"uv": [5, 7, 3, 9], "texture": "#0"}
			}
		},
		{
			"from": [6.75, 5.75, 6.75],
			"to": [9.25, 18.75, 9.25],
			"rotation": {"angle": 0, "axis": "y", "origin": [6.75, 7, 6.75]},
			"faces": {
				"north": {"uv": [3, 0, 0, 15], "texture": "#0"},
				"east": {"uv": [0, 0, 3, 15], "texture": "#0"},
				"south": {"uv": [3, 0, 0, 15], "texture": "#0"},
				"west": {"uv": [0, 0, 3, 15], "texture": "#0"},
				"up": {"uv": [10, 3, 7, 0], "texture": "#0"},
				"down": {"uv": [10, 3, 7, 6], "texture": "#0"}
			}
		}
	],
	"display": {
		"thirdperson_righthand": {
			"rotation": [-7, 25, 5],
			"translation": [-0.5, 2.75, 1.75]
		},
		"thirdperson_lefthand": {
			"rotation": [-5, 25, 5],
			"translation": [-0.5, 2.75, 1.75]
		},
		"firstperson_righthand": {
			"rotation": [5, 5, -5],
			"translation": [2, 3.5, 0],
			"scale": [0.75, 0.75, 0.75]
		},
		"firstperson_lefthand": {
			"rotation": [5, 5, -5],
			"translation": [2, 3.5, 0],
			"scale": [0.75, 0.75, 0.75]
		},
		"gui": {
			"rotation": [35, 45, 0],
			"translation": [0, -1, 0],
			"scale": [0.75, 0.75, 0.75]
		}
	}
}