{
  "variants": {
    "axis=x": [
		{
			"model": "minecraft:block/redwood/redwood_log_horizontal_x_1"
		},
		{
			"model": "minecraft:block/redwood/redwood_log_horizontal_x_2"
		}
    ],
    "axis=y": [
		{
			"model": "minecraft:block/redwood/redwood_log_vertical_1"
		},
		{
			"model": "minecraft:block/redwood/redwood_log_vertical_2"
		}
    ],
    "axis=z": [
		{
			"model": "minecraft:block/redwood/redwood_log_horizontal_z_1"
		},
		{
			"model": "minecraft:block/redwood/redwood_log_horizontal_z_2"
		}
    ]
  }
}