{
    "providers": [
        {
            "type": "bitmap",
            "file": "font/font/large.png",
            "ascent": 7,
            "height": 16,
            "chars": [
                "Ⓐⓐ",
                "Ⓑⓑ",
                "Ⓒⓒ",
                "Ⓓⓓ",
                "Ⓔⓔ",
                "Ⓕⓕ",
                "Ⓖⓖ",
                "Ⓗⓗ",
                "Ⓘⓘ",
                "Ⓙⓙ",
                "Ⓚⓚ",
                "Ⓛⓛ",
                "Ⓜⓜ",
                "Ⓝⓝ",
                "Ⓞⓞ",
                "Ⓟⓟ",
                "Ⓠⓠ",
                "Ⓡⓡ",
                "Ⓢⓢ",
                "Ⓣⓣ",
                "Ⓤⓤ",
                "Ⓥⓥ",
                "Ⓦⓦ",
                "Ⓧⓧ",
                "Ⓨⓨ",
                "Ⓩⓩ"
            ]
        }
    ]
}