{
	"credit": "Made with Blockbench",
	"texture_size": [8, 8],
	"textures": {
		"0": "item/oshaune",
		"2": "item/b",
		"3": "item/sun",
		"4": "item/overlay",
		"particle": "item/oshaune"
	},
	"elements": [
		{
			"from": [-8, 8.0001, -8],
			"to": [24, 8.0001, 24],
			"rotation": {"angle": 0, "axis": "y", "origin": [0, 8, 0]},
			"faces": {
				"north": {"uv": [0, 0, 16, 0], "texture": "#4", "tintindex": 0 },
				"east": {"uv": [0, 0, 16, 0], "texture": "#4", "tintindex": 0 },
				"south": {"uv": [0, 0, 16, 0], "texture": "#4", "tintindex": 0 },
				"west": {"uv": [0, 0, 16, 0], "texture": "#4", "tintindex": 0 },
				"up": {"uv": [0, 0, 16, 16], "texture": "#4", "tintindex": 0 }
			}
		},
		{
			"from": [0, 8, 0],
			"to": [16, 8, 16],
			"rotation": {"angle": 0, "axis": "y", "origin": [0, 8, 0]},
			"faces": {
				"north": {"uv": [0, 0, 16, 0], "texture": "#0", "tintindex": 0 },
				"east": {"uv": [0, 0, 16, 0], "texture": "#0", "tintindex": 0 },
				"south": {"uv": [0, 0, 16, 0], "texture": "#0", "tintindex": 0 },
				"west": {"uv": [0, 0, 16, 0], "texture": "#0", "tintindex": 0 },
				"up": {"uv": [0, 0, 8, 8], "texture": "#0", "tintindex": 0 }
			}
		},
		{
			"from": [16, 22, 16],
			"to": [0, 8, 0],
			"faces": {
				"north": {"uv": [0, 0, 16, 16], "rotation": 180, "texture": "#2", "tintindex": 0 },
				"east": {"uv": [0, 0, 16, 16], "rotation": 180, "texture": "#2", "tintindex": 0 },
				"south": {"uv": [0, 0, 16, 16], "rotation": 180, "texture": "#2", "tintindex": 0 },
				"west": {"uv": [0, 0, 16, 16], "rotation": 180, "texture": "#2", "tintindex": 0 },
				"down": {"uv": [0, 0, 16, 12], "rotation": 180, "texture": "#2", "tintindex": 0 }
			}
		},
		{
			"from": [4, 18.25, 4],
			"to": [12, 18.25, 12],
			"faces": {
				"north": {"uv": [0, 0, 16, 16], "texture": "#3", "tintindex": 0 },
				"east": {"uv": [0, 0, 16, 16], "texture": "#3", "tintindex": 0 },
				"south": {"uv": [0, 0, 16, 16], "texture": "#3", "tintindex": 0 },
				"west": {"uv": [0, 0, 16, 16], "texture": "#3", "tintindex": 0 },
				"down": {"uv": [0, 0, 16, 16], "texture": "#3", "tintindex": 0 }
			}
		}
	]
}