{
	"format_version": "1.21.6",
	"texture_size": [32, 32],
	"textures": {
		"0": "item/custom/airburst_rocket_launcher",
		"particle": "item/custom/airburst_rocket_launcher"
	},
	"elements": [
		{
			"from": [6, 6, 1],
			"to": [10, 10, 15],
			"rotation": {"angle": 0, "axis": "y", "origin": [7, 6, 2]},
			"faces": {
				"north": {"uv": [7, 0, 9, 2], "texture": "#0"},
				"east": {"uv": [7, 0, 0, 2], "texture": "#0"},
				"south": {"uv": [7, 4, 9, 6], "texture": "#0"},
				"west": {"uv": [0, 0, 7, 2], "texture": "#0"},
				"up": {"uv": [2, 9, 0, 2], "texture": "#0"},
				"down": {"uv": [4, 2, 2, 9], "texture": "#0"}
			}
		},
		{
			"from": [5.9, 5.9, 0.9],
			"to": [10.1, 10.1, 15.1],
			"rotation": {"angle": 0, "axis": "y", "origin": [7, 6, 2]},
			"faces": {
				"east": {"uv": [7, 14, 0, 16], "texture": "#0"},
				"west": {"uv": [0, 14, 7, 16], "texture": "#0"},
				"up": {"uv": [16, 7, 14, 0], "texture": "#0"},
				"down": {"uv": [16, 14, 14, 7], "texture": "#0"}
			}
		},
		{
			"from": [6, 6, -2],
			"to": [10, 10, -1],
			"rotation": {"angle": 0, "axis": "y", "origin": [7, 6, -13]},
			"faces": {
				"north": {"uv": [7, 6, 9, 8], "texture": "#0"},
				"east": {"uv": [4, 11, 3.5, 13], "texture": "#0"},
				"south": {"uv": [7.5, 2, 9.5, 4], "texture": "#0"},
				"west": {"uv": [3.5, 11, 4, 13], "texture": "#0"},
				"up": {"uv": [12.5, 10, 10.5, 9.5], "texture": "#0"},
				"down": {"uv": [13, 3.5, 11, 4], "texture": "#0"}
			}
		},
		{
			"from": [6, 6, 17],
			"to": [10, 10, 22],
			"rotation": {"angle": 0, "axis": "y", "origin": [7, 6, 6]},
			"faces": {
				"north": {"uv": [7, 8, 9, 10], "texture": "#0"},
				"east": {"uv": [7.5, 2, 5, 4], "texture": "#0"},
				"south": {"uv": [0, 9, 2, 11], "texture": "#0"},
				"west": {"uv": [5, 2, 7.5, 4], "texture": "#0"},
				"up": {"uv": [7, 6.5, 5, 4], "texture": "#0"},
				"down": {"uv": [7, 6.5, 5, 9], "texture": "#0"}
			}
		},
		{
			"from": [6, 6, 26],
			"to": [10, 10, 27],
			"rotation": {"angle": 0, "axis": "y", "origin": [7, 6, 15]},
			"faces": {
				"north": {"uv": [9, 0, 11, 2], "texture": "#0"},
				"east": {"uv": [12, 4, 11.5, 6], "texture": "#0"},
				"south": {"uv": [2, 9, 4, 11], "texture": "#0"},
				"west": {"uv": [11.5, 4, 12, 6], "texture": "#0"},
				"up": {"uv": [13, 7, 11, 6.5], "texture": "#0"},
				"down": {"uv": [13, 7, 11, 7.5], "texture": "#0"}
			}
		},
		{
			"from": [6.5, 6.5, -1],
			"to": [9.5, 9.5, 1],
			"rotation": {"angle": 0, "axis": "y", "origin": [7, 6, -13]},
			"faces": {
				"east": {"uv": [11.5, 8, 10.5, 9.5], "texture": "#0"},
				"west": {"uv": [10.5, 8, 11.5, 9.5], "texture": "#0"},
				"up": {"uv": [10.5, 11.5, 9, 10.5], "texture": "#0"},
				"down": {"uv": [12, 10.5, 10.5, 11.5], "texture": "#0"}
			}
		},
		{
			"from": [7, 7.25, -4],
			"to": [9, 9, -2],
			"rotation": {"angle": 45, "axis": "z", "origin": [8, 8.125, -6.75]},
			"faces": {
				"east": {"uv": [12.5, 7.5, 11.5, 8.5], "rotation": 270, "texture": "#0"},
				"west": {"uv": [4, 8, 5, 9], "texture": "#0"},
				"up": {"uv": [12.5, 8.5, 11.5, 7.5], "texture": "#0"},
				"down": {"uv": [5, 8, 4, 9], "rotation": 90, "texture": "#0"}
			}
		},
		{
			"from": [7, 7.25, -12],
			"to": [9, 9, -9],
			"rotation": {"angle": 45, "axis": "z", "origin": [8, 8.125, -6.75]},
			"faces": {
				"north": {"uv": [11.5, 8.5, 12.5, 9.5], "texture": "#0"},
				"east": {"uv": [11, 3.5, 12, 2], "rotation": 90, "texture": "#0"},
				"west": {"uv": [11, 1, 12.5, 2], "texture": "#0"},
				"up": {"uv": [12, 3.5, 11, 2], "texture": "#0"},
				"down": {"uv": [12.5, 1, 11, 2], "rotation": 90, "texture": "#0"}
			}
		},
		{
			"from": [7.5, 8.125, -13],
			"to": [8.5, 8.125, -12],
			"rotation": {"angle": 45, "axis": "z", "origin": [8, 8.125, -12.5]},
			"faces": {
				"up": {"uv": [12.5, 2.5, 12, 2], "texture": "#0"},
				"down": {"uv": [12.5, 2.5, 12, 2], "texture": "#0"}
			}
		},
		{
			"from": [8, 7.625, -13],
			"to": [8, 8.625, -12],
			"rotation": {"angle": 45, "axis": "z", "origin": [8, 8.125, -12.5]},
			"faces": {
				"east": {"uv": [12.5, 2.5, 12, 2], "rotation": 270, "texture": "#0"},
				"west": {"uv": [12.5, 2.5, 12, 2], "rotation": 270, "texture": "#0"}
			}
		},
		{
			"from": [6.5, 6.75, -9],
			"to": [9.5, 9.5, -4],
			"rotation": {"angle": 45, "axis": "z", "origin": [8, 8.125, -6.75]},
			"faces": {
				"north": {"uv": [5, 10.5, 6.5, 12], "texture": "#0"},
				"east": {"uv": [9, 6.5, 10.5, 4], "rotation": 90, "texture": "#0"},
				"south": {"uv": [6.5, 10.5, 8, 12], "texture": "#0"},
				"west": {"uv": [4, 9, 6.5, 10.5], "texture": "#0"},
				"up": {"uv": [10.5, 6.5, 9, 4], "texture": "#0"},
				"down": {"uv": [6.5, 9, 4, 10.5], "rotation": 90, "texture": "#0"}
			}
		},
		{
			"from": [6.5, 6.5, 15],
			"to": [9.5, 9.5, 17],
			"rotation": {"angle": 0, "axis": "y", "origin": [7, 6, 3]},
			"faces": {
				"east": {"uv": [1, 11, 0, 12.5], "texture": "#0"},
				"west": {"uv": [0, 11, 1, 12.5], "texture": "#0"},
				"up": {"uv": [12.5, 1, 11, 0], "texture": "#0"},
				"down": {"uv": [2.5, 11, 1, 12], "texture": "#0"}
			}
		},
		{
			"from": [6.5, 6.5, 22],
			"to": [9.5, 9.5, 26],
			"rotation": {"angle": 0, "axis": "y", "origin": [7, 6, 11]},
			"faces": {
				"east": {"uv": [11, 6.5, 9, 8], "texture": "#0"},
				"west": {"uv": [9, 6.5, 11, 8], "texture": "#0"},
				"up": {"uv": [10.5, 10, 9, 8], "texture": "#0"},
				"down": {"uv": [11, 2, 9.5, 4], "texture": "#0"}
			}
		},
		{
			"from": [7, 5, 2],
			"to": [9, 6, 14],
			"rotation": {"angle": 0, "axis": "y", "origin": [7, 4, 2]},
			"faces": {
				"north": {"uv": [11.5, 6, 12.5, 6.5], "texture": "#0"},
				"east": {"uv": [12.5, 10, 6.5, 10.5], "texture": "#0"},
				"south": {"uv": [10, 11.5, 11, 12], "texture": "#0"},
				"west": {"uv": [6.5, 10, 12.5, 10.5], "texture": "#0"},
				"down": {"uv": [5, 2, 4, 8], "texture": "#0"}
			}
		},
		{
			"from": [7, 0.1, 12],
			"to": [9, 5, 13],
			"rotation": {"angle": 0, "axis": "y", "origin": [7, 4, 2]},
			"faces": {
				"north": {"uv": [10.5, 4, 11.5, 6.5], "texture": "#0"},
				"east": {"uv": [3.5, 11, 3, 13.5], "texture": "#0"},
				"west": {"uv": [3, 11, 3.5, 13.5], "texture": "#0"},
				"down": {"uv": [12, 11.5, 11, 12], "texture": "#0"}
			}
		},
		{
			"from": [7.005, 0.005, 13.005],
			"to": [8.995, 4.995, 13.995],
			"rotation": {"angle": 11.5, "axis": "x", "origin": [7, 5, 14]},
			"faces": {
				"east": {"uv": [3, 11.5, 2.5, 14], "texture": "#0"},
				"south": {"uv": [4, 10.5, 5, 13], "texture": "#0"},
				"west": {"uv": [2.5, 11.5, 3, 14], "texture": "#0"}
			}
		},
		{
			"from": [7.5, 1.2, 6.5],
			"to": [8.5, 5.2, 8.5],
			"rotation": {"angle": -22.5, "axis": "x", "origin": [6.5, 3.2, 6.5]},
			"faces": {
				"north": {"uv": [9, 11.5, 9.5, 13.5], "texture": "#0"},
				"east": {"uv": [9, 10.5, 8, 12.5], "texture": "#0"},
				"south": {"uv": [9.5, 11.5, 10, 13.5], "texture": "#0"},
				"west": {"uv": [8, 10.5, 9, 12.5], "texture": "#0"},
				"down": {"uv": [7, 9, 6.5, 10], "texture": "#0"}
			}
		},
		{
			"from": [8, 2, 2],
			"to": [8, 5, 12],
			"rotation": {"angle": 0, "axis": "y", "origin": [7, 3, 2]},
			"faces": {
				"north": {"uv": [0, 0, 0, 2], "texture": "#0"},
				"east": {"uv": [12, 14.5, 7, 16], "texture": "#0"},
				"south": {"uv": [0, 0, 0, 2], "texture": "#0"},
				"west": {"uv": [7, 14.5, 12, 16], "texture": "#0"},
				"up": {"uv": [0, 0, 0, 5], "texture": "#0"},
				"down": {"uv": [0, 0, 0, 5], "texture": "#0"}
			}
		}
	],
	"display": {
		"thirdperson_righthand": {
			"rotation": [0, -10, -9],
			"translation": [1.25, 3.25, 2.5]
		},
		"thirdperson_lefthand": {
			"rotation": [0, -10, -9],
			"translation": [1.25, 3.25, 2.5]
		},
		"firstperson_righthand": {
			"rotation": [5, 7, 5],
			"translation": [11.5, 3.75, 0.25],
			"scale": [1.15, 1.15, 1.15]
		},
		"firstperson_lefthand": {
			"rotation": [5, 7, 5],
			"translation": [11.5, 3.75, 0.25],
			"scale": [1.15, 1.15, 1.15]
		},
		"ground": {
			"rotation": [25, 0, 0],
			"translation": [0, 4, -0.25],
			"scale": [0.4, 0.4, 0.4]
		},
		"gui": {
			"rotation": [25, 135, 0],
			"translation": [0, 0.75, 0],
			"scale": [0.55, 0.55, 0.55]
		}
	}
}