{
	"credit": "Made with Blockbench",
	"texture_size": [32, 32],
	"textures": {
		"0": "item/custom/arc_thrower",
		"particle": "item/custom/arc_thrower"
	},
	"elements": [
		{
			"from": [7.25, 3.5, 0],
			"to": [8.75, 5, 7],
			"rotation": {"angle": 0, "axis": "y", "origin": [-1, 3.5, 0]},
			"faces": {
				"north": {"uv": [6.5, 1.5, 7.5, 2.5], "texture": "#0"},
				"east": {"uv": [5.5, 1.5, 2, 2.5], "texture": "#0"},
				"west": {"uv": [2, 1.5, 5.5, 2.5], "texture": "#0"},
				"up": {"uv": [3, 6, 2, 2.5], "texture": "#0"},
				"down": {"uv": [4, 2.5, 3, 6], "texture": "#0"}
			}
		},
		{
			"from": [7.25, 3.5, 7],
			"to": [8.75, 6, 16],
			"rotation": {"angle": 0, "axis": "y", "origin": [-1, 3.5, 7]},
			"faces": {
				"north": {"uv": [1, 6, 2, 7.5], "texture": "#0"},
				"east": {"uv": [4.5, 0, 0, 1.5], "texture": "#0"},
				"west": {"uv": [0, 0, 4.5, 1.5], "texture": "#0"},
				"up": {"uv": [1, 6, 0, 1.5], "texture": "#0"},
				"down": {"uv": [2, 1.5, 1, 6], "texture": "#0"}
			}
		},
		{
			"from": [7.5, 6, 10],
			"to": [8.5, 7, 12],
			"rotation": {"angle": 0, "axis": "y", "origin": [-1, 6, 7]},
			"faces": {
				"north": {"uv": [7, 3, 7.5, 3.5], "texture": "#0"},
				"east": {"uv": [7.5, 6.5, 6.5, 7], "texture": "#0"},
				"south": {"uv": [7, 3.5, 7.5, 4], "texture": "#0"},
				"west": {"uv": [6.5, 6.5, 7.5, 7], "texture": "#0"},
				"up": {"uv": [7.5, 1, 7, 0], "texture": "#0"}
			}
		},
		{
			"from": [6.5, 4, 8],
			"to": [7.25, 6, 13],
			"rotation": {"angle": 0, "axis": "y", "origin": [-2.5, 3.5, 7]},
			"faces": {
				"north": {"uv": [5, 6.5, 5.5, 7.5], "texture": "#0"},
				"south": {"uv": [5.5, 6.5, 6, 7.5], "texture": "#0"},
				"west": {"uv": [4.5, 0, 7, 1], "texture": "#0"},
				"up": {"uv": [6.5, 6, 6, 3.5], "texture": "#0"},
				"down": {"uv": [6.5, 6, 6, 8.5], "texture": "#0"}
			}
		},
		{
			"from": [7.25, 2.7, 16],
			"to": [8.75, 6, 19],
			"rotation": {"angle": 0, "axis": "y", "origin": [-1, 3.5, 16]},
			"faces": {
				"north": {"uv": [5.5, 1.5, 6.5, 3.5], "texture": "#0"},
				"east": {"uv": [5.5, 2.5, 4, 4.5], "texture": "#0"},
				"south": {"uv": [0, 6, 1, 8], "texture": "#0"},
				"west": {"uv": [4, 2.5, 5.5, 4.5], "texture": "#0"},
				"up": {"uv": [3, 7.5, 2, 6], "texture": "#0"},
				"down": {"uv": [4, 6, 3, 7.5], "texture": "#0"}
			}
		},
		{
			"from": [7.5, 5, -2],
			"to": [8.5, 6, 7],
			"rotation": {"angle": 0, "axis": "y", "origin": [-1, 5, 0]},
			"faces": {
				"north": {"uv": [7, 2.5, 7.5, 3], "texture": "#0"},
				"east": {"uv": [9, 1, 4.5, 1.5], "texture": "#0"},
				"west": {"uv": [4.5, 1, 9, 1.5], "texture": "#0"},
				"up": {"uv": [4.5, 9, 4, 4.5], "texture": "#0"},
				"down": {"uv": [5, 4.5, 4.5, 9], "texture": "#0"}
			}
		},
		{
			"from": [8.501, 5.001, -1.999],
			"to": [7.499, 5.999, 6.999],
			"rotation": {"angle": 0, "axis": "y", "origin": [0, 5, 0]},
			"faces": {
				"north": {"uv": [7, 2.5, 7.5, 3], "texture": "#0"},
				"east": {"uv": [9, 1, 4.5, 1.5], "texture": "#0"},
				"south": {"uv": [7.5, 0, 8, 0.5], "texture": "#0"},
				"west": {"uv": [4.5, 1, 9, 1.5], "texture": "#0"},
				"up": {"uv": [4.5, 9, 4, 4.5], "texture": "#0"},
				"down": {"uv": [5, 4.5, 4.5, 9], "texture": "#0"}
			}
		},
		{
			"from": [7.5, 0, 12],
			"to": [8.5, 4, 14],
			"rotation": {"angle": -22.5, "axis": "x", "origin": [7, -0.5, 12]},
			"faces": {
				"north": {"uv": [6.5, 2.5, 7, 4.5], "texture": "#0"},
				"east": {"uv": [6, 4.5, 5, 6.5], "texture": "#0"},
				"south": {"uv": [6.5, 4.5, 7, 6.5], "texture": "#0"},
				"west": {"uv": [5, 4.5, 6, 6.5], "texture": "#0"},
				"down": {"uv": [6, 3.5, 5.5, 4.5], "texture": "#0"}
			}
		},
		{
			"from": [8, 0.5, 7],
			"to": [8, 3.5, 12],
			"rotation": {"angle": 0, "axis": "y", "origin": [6, 0.5, 10]},
			"faces": {
				"north": {"uv": [0, 0, 0, 1.5], "texture": "#0"},
				"east": {"uv": [10, 1.5, 7.5, 3], "texture": "#0"},
				"south": {"uv": [0, 0, 0, 1.5], "texture": "#0"},
				"west": {"uv": [7.5, 1.5, 10, 3], "texture": "#0"},
				"up": {"uv": [0, 0, 0, 2], "texture": "#0"},
				"down": {"uv": [0, 0, 0, 2], "texture": "#0"}
			}
		},
		{
			"from": [1.6, 4.65, 6],
			"to": [2.6, 8.65, 6],
			"rotation": {"angle": -45, "axis": "z", "origin": [0, 0, 0]},
			"faces": {
				"north": {"uv": [7.5, 3, 8, 5], "texture": "#0"},
				"east": {"uv": [0, 0, 0, 1], "texture": "#0"},
				"south": {"uv": [8, 3, 7.5, 5], "texture": "#0"},
				"west": {"uv": [0, 0, 0, 1], "texture": "#0"},
				"up": {"uv": [0, 0, 0.5, 0], "texture": "#0"},
				"down": {"uv": [0, 0, 0.5, 0], "texture": "#0"}
			}
		}
	],
	"display": {
		"thirdperson_righthand": {
			"rotation": [0, -5, -10],
			"translation": [2.5, 5, -2.5],
			"scale": [1.25, 1.25, 1.25]
		},
		"thirdperson_lefthand": {
			"rotation": [0, -5, -10],
			"translation": [2.5, 5, -2.5],
			"scale": [1.25, 1.25, 1.25]
		},
		"firstperson_righthand": {
			"rotation": [1, -3, 10],
			"translation": [6.5, 8.25, -1.25],
			"scale": [1.25, 1.25, 1.25]
		},
		"firstperson_lefthand": {
			"rotation": [1, -3, 10],
			"translation": [6.5, 8.25, -1.25],
			"scale": [1.25, 1.25, 1.25]
		},
		"ground": {
			"rotation": [25, 0, 0],
			"translation": [0, 4, 1.5],
			"scale": [0.45, 0.45, 0.45]
		},
		"gui": {
			"rotation": [25, 135, 0],
			"translation": [-0.5, 3.5, 0]
		},
		"fixed": {
			"rotation": [0, 90, 0],
			"translation": [-0.75, 5, 0]
		}
	}
}