{
	"credit": "Made with Blockbench",
	"texture_size": [32, 32],
	"textures": {
		"0": "item/custom/blunderbuss",
		"1": "item/custom/big_blunderbuss",
		"particle": "item/custom/blunderbuss"
	},
	"elements": [
		{
			"from": [7.249, 1.999, 23.999],
			"to": [8.751, 4.201, 31.001],
			"rotation": {"angle": 22.5, "axis": "x", "origin": [7, 2, 24]},
			"faces": {
				"east": {"uv": [13.5, 3.5, 10, 4.5], "texture": "#1"},
				"south": {"uv": [11, 8, 13, 10], "texture": "#0"},
				"west": {"uv": [10, 3.5, 13.5, 4.5], "texture": "#1"},
				"up": {"uv": [9, 3.5, 10, 7], "texture": "#1"},
				"down": {"uv": [10, 4.5, 11, 8], "texture": "#1"}
			}
		},
		{
			"from": [7.25, 1.15, 28],
			"to": [8.75, 2.65, 31.2],
			"rotation": {"angle": 0, "axis": "x", "origin": [7, 1.15, 24.2]},
			"faces": {
				"east": {"uv": [12, 6, 9, 8], "texture": "#0"},
				"south": {"uv": [11, 10, 13, 12], "texture": "#0"},
				"west": {"uv": [9, 6, 12, 8], "texture": "#0"},
				"up": {"uv": [11, 11, 9, 8], "texture": "#0"}
			}
		},
		{
			"from": [8, 0, 23],
			"to": [8, 2, 27],
			"rotation": {"angle": 0, "axis": "y", "origin": [7, 0, 23]},
			"faces": {
				"east": {"uv": [13, 4, 9, 6], "texture": "#0"},
				"west": {"uv": [9, 4, 13, 6], "texture": "#0"}
			}
		},
		{
			"from": [5.95, 3, 21.1],
			"to": [5.95, 5, 22.1],
			"rotation": {"angle": 22.5, "axis": "x", "origin": [4.9, 4, 27.1]},
			"faces": {
				"north": {"uv": [0, 0, 0, 2], "texture": "#0"},
				"east": {"uv": [0, 0, 1, 2], "texture": "#0"},
				"south": {"uv": [0, 0, 0, 2], "texture": "#0"},
				"west": {"uv": [0, 0, 1, 2], "texture": "#0"},
				"up": {"uv": [0, 0, 0, 1], "texture": "#0"},
				"down": {"uv": [0, 0, 0, 1], "texture": "#0"}
			}
		},
		{
			"from": [6, 2, 1],
			"to": [10, 6, 25],
			"rotation": {"angle": 0, "axis": "y", "origin": [7, 2, 23]},
			"faces": {
				"north": {"uv": [7, 3.5, 9, 5.5], "texture": "#1"},
				"east": {"uv": [12, 0, 0, 2], "texture": "#1"},
				"south": {"uv": [7, 5.5, 9, 7.5], "texture": "#1"},
				"west": {"uv": [0, 0, 12, 2], "texture": "#1"},
				"up": {"uv": [2, 14, 0, 2], "texture": "#1"},
				"down": {"uv": [4, 2, 2, 14], "texture": "#1"}
			}
		},
		{
			"from": [6.5, 2.5, -16],
			"to": [9.5, 5.5, 1],
			"rotation": {"angle": 0, "axis": "y", "origin": [7, 2, 6]},
			"faces": {
				"north": {"uv": [7, 7.5, 8.5, 9], "texture": "#1"},
				"east": {"uv": [12.5, 2, 4, 3.5], "texture": "#1"},
				"west": {"uv": [4, 2, 12.5, 3.5], "texture": "#1"},
				"up": {"uv": [5.5, 12, 4, 3.5], "texture": "#1"},
				"down": {"uv": [7, 3.5, 5.5, 12], "texture": "#1"}
			}
		}
	],
	"display": {
		"thirdperson_righthand": {
			"rotation": [0, -5, -10],
			"translation": [2.75, 7.25, -20],
			"scale": [1.25, 1.25, 1.25]
		},
		"thirdperson_lefthand": {
			"rotation": [0, -5, -10],
			"translation": [2.75, 7.25, -20],
			"scale": [1.25, 1.25, 1.25]
		},
		"firstperson_righthand": {
			"rotation": [3, -3, 10],
			"translation": [7, 8.75, -17],
			"scale": [1.25, 1.25, 1.25]
		},
		"firstperson_lefthand": {
			"rotation": [3, -3, 10],
			"translation": [7, 8.75, -17],
			"scale": [1.25, 1.25, 1.25]
		},
		"ground": {
			"rotation": [25, 0, 0],
			"translation": [0, 4, 1.5],
			"scale": [0.45, 0.45, 0.45]
		},
		"gui": {
			"rotation": [25, 135, 0],
			"translation": [0.5, 2.5, 0],
			"scale": [0.6, 0.6, 0.6]
		},
		"fixed": {
			"rotation": [0, 90, 0],
			"translation": [0.25, 5, 0]
		}
	}
}