{
	"credit": "Made with Blockbench",
	"textures": {
		"0": "item/custom/blunderbuss",
		"particle": "item/custom/blunderbuss"
	},
	"elements": [
		{
			"from": [7, 2, 0],
			"to": [9, 4, 12],
			"rotation": {"angle": 0, "axis": "y", "origin": [7, 2, 0]},
			"faces": {
				"east": {"uv": [12, 0, 0, 2], "texture": "#0"},
				"south": {"uv": [4, 11, 6, 13], "texture": "#0"},
				"west": {"uv": [0, 0, 12, 2], "texture": "#0"},
				"up": {"uv": [2, 14, 0, 2], "texture": "#0"},
				"down": {"uv": [4, 2, 2, 14], "texture": "#0"}
			}
		},
		{
			"from": [6.75, 1.75, 0],
			"to": [9.25, 4.25, 2],
			"rotation": {"angle": 0, "axis": "y", "origin": [7, 2, 0]},
			"faces": {
				"north": {"uv": [6, 4, 9, 7], "texture": "#0"},
				"east": {"uv": [8, 10, 6, 13], "texture": "#0"},
				"south": {"uv": [6, 7, 9, 10], "texture": "#0"},
				"west": {"uv": [6, 10, 8, 13], "texture": "#0"},
				"up": {"uv": [14, 4, 11, 2], "texture": "#0"},
				"down": {"uv": [11, 11, 8, 13], "texture": "#0"}
			}
		},
		{
			"from": [7.249, 1.999, 7.999],
			"to": [8.751, 4.001, 15.001],
			"rotation": {"angle": 22.5, "axis": "x", "origin": [7, 2, 8]},
			"faces": {
				"east": {"uv": [11, 2, 4, 4], "texture": "#0"},
				"south": {"uv": [11, 8, 13, 10], "texture": "#0"},
				"west": {"uv": [4, 2, 11, 4], "texture": "#0"},
				"down": {"uv": [6, 4, 4, 11], "texture": "#0"}
			}
		},
		{
			"from": [7.25, 1.15, 12],
			"to": [8.75, 2.65, 15.2],
			"rotation": {"angle": 0, "axis": "x", "origin": [7, 1.15, 8.2]},
			"faces": {
				"east": {"uv": [12, 6, 9, 8], "texture": "#0"},
				"south": {"uv": [11, 10, 13, 12], "texture": "#0"},
				"west": {"uv": [9, 6, 12, 8], "texture": "#0"},
				"up": {"uv": [11, 11, 9, 8], "texture": "#0"}
			}
		},
		{
			"from": [8, 0, 7],
			"to": [8, 2, 11],
			"rotation": {"angle": 0, "axis": "y", "origin": [7, 0, 7]},
			"faces": {
				"east": {"uv": [13, 4, 9, 6], "texture": "#0"},
				"west": {"uv": [9, 4, 13, 6], "texture": "#0"}
			}
		},
		{
			"from": [6.9, 4, 8.1],
			"to": [6.9, 6, 9.1],
			"rotation": {"angle": 22.5, "axis": "x", "origin": [4.9, 4, 7.1]},
			"faces": {
				"north": {"uv": [0, 0, 0, 2], "texture": "#0"},
				"east": {"uv": [0, 0, 1, 2], "texture": "#0"},
				"south": {"uv": [0, 0, 0, 2], "texture": "#0"},
				"west": {"uv": [0, 0, 1, 2], "texture": "#0"},
				"up": {"uv": [0, 0, 0, 1], "texture": "#0"},
				"down": {"uv": [0, 0, 0, 1], "texture": "#0"}
			}
		}
	],
	"display": {
		"thirdperson_righthand": {
			"rotation": [0, -5, -10],
			"translation": [1, 7.25, -1.25],
			"scale": [1.25, 1.25, 1.25]
		},
		"thirdperson_lefthand": {
			"rotation": [0, -5, -10],
			"translation": [1, 7.25, -1.25],
			"scale": [1.25, 1.25, 1.25]
		},
		"firstperson_righthand": {
			"rotation": [-2, -3, 10],
			"translation": [6.5, 9.5, -2.75],
			"scale": [1.25, 1.25, 1.25]
		},
		"firstperson_lefthand": {
			"rotation": [4, -3, 10],
			"translation": [6.5, 9, -1],
			"scale": [1.25, 1.25, 1.25]
		},
		"ground": {
			"rotation": [25, 0, 0],
			"translation": [0, 4, 1.5],
			"scale": [0.45, 0.45, 0.45]
		},
		"gui": {
			"rotation": [25, 135, 0],
			"translation": [0.25, 5.25, 0]
		},
		"fixed": {
			"rotation": [0, 90, 0],
			"translation": [0.25, 5, 0]
		}
	}
}