{
	"format_version": "1.21.6",
	"texture_size": [32, 32],
	"textures": {
		"0": "item/custom/flamethrower",
		"particle": "item/custom/flamethrower"
	},
	"elements": [
		{
			"from": [7.35, 4.5, -8],
			"to": [8.65, 5.8, 3],
			"rotation": {"angle": 0, "axis": "y", "origin": [6.5, 4, -2]},
			"faces": {
				"north": {"uv": [7, 7.5, 7.5, 8], "texture": "#0"},
				"east": {"uv": [12, 1.5, 6.5, 2], "texture": "#0"},
				"west": {"uv": [6.5, 1.5, 12, 2], "texture": "#0"},
				"up": {"uv": [7.5, 7.5, 7, 2], "texture": "#0"},
				"down": {"uv": [0.5, 7.5, 0, 13], "texture": "#0"}
			}
		},
		{
			"from": [7.995, 2.995, -9.005],
			"to": [8.005, 4.005, 3.005],
			"rotation": {"angle": 0, "axis": "y", "origin": [6.5, 3, -2]},
			"faces": {
				"east": {"uv": [12, 0, 6, 0.5], "texture": "#0"},
				"west": {"uv": [6, 0, 12, 0.5], "texture": "#0"}
			}
		},
		{
			"from": [8, 3, -9],
			"to": [8, 5, -8],
			"rotation": {"angle": -37.5, "axis": "x", "origin": [6.5, 3, -9]},
			"faces": {
				"east": {"uv": [9.5, 5.5, 9, 6.5], "texture": "#0"},
				"west": {"uv": [9, 5.5, 9.5, 6.5], "texture": "#0"}
			}
		},
		{
			"from": [8, 4, -8],
			"to": [8, 5, -7],
			"rotation": {"angle": 0, "axis": "y", "origin": [6.5, 3, -2]},
			"faces": {
				"east": {"uv": [9.5, 3, 9, 3.5], "texture": "#0"},
				"west": {"uv": [9, 3, 9.5, 3.5], "texture": "#0"}
			}
		},
		{
			"from": [7, 4, 3],
			"to": [9, 6, 5],
			"rotation": {"angle": 0, "axis": "y", "origin": [6.5, 4, 6]},
			"faces": {
				"north": {"uv": [8, 5, 9, 6], "texture": "#0"},
				"east": {"uv": [9, 6, 8, 7], "texture": "#0"},
				"west": {"uv": [8, 6, 9, 7], "texture": "#0"},
				"up": {"uv": [8, 9, 7, 8], "texture": "#0"},
				"down": {"uv": [9, 7, 8, 8], "texture": "#0"}
			}
		},
		{
			"from": [7, 4, 17],
			"to": [9, 6, 23],
			"rotation": {"angle": 0, "axis": "y", "origin": [6.5, 4, 6]},
			"faces": {
				"east": {"uv": [9, 0.5, 6, 1.5], "texture": "#0"},
				"south": {"uv": [9, 2, 10, 3], "texture": "#0"},
				"west": {"uv": [6, 0.5, 9, 1.5], "texture": "#0"},
				"up": {"uv": [7, 6, 6, 3], "texture": "#0"},
				"down": {"uv": [7, 6, 6, 9], "texture": "#0"}
			}
		},
		{
			"from": [7.5, 2, 22],
			"to": [8.5, 4, 23],
			"rotation": {"angle": 0, "axis": "y", "origin": [6.5, 4, 6]},
			"faces": {
				"north": {"uv": [4, 9, 4.5, 10], "texture": "#0"},
				"east": {"uv": [9.5, 4.5, 9, 5.5], "texture": "#0"},
				"south": {"uv": [4.5, 9, 5, 10], "texture": "#0"},
				"west": {"uv": [9, 4.5, 9.5, 5.5], "texture": "#0"},
				"down": {"uv": [9, 4.5, 8.5, 5], "texture": "#0"}
			}
		},
		{
			"from": [8, 1, 16],
			"to": [8, 4, 23],
			"rotation": {"angle": 0, "axis": "y", "origin": [6.5, 4, 5]},
			"faces": {
				"east": {"uv": [6.5, 1.5, 3, 3], "texture": "#0"},
				"west": {"uv": [3, 1.5, 6.5, 3], "texture": "#0"}
			}
		},
		{
			"from": [6.5, 3.5, 5],
			"to": [9.5, 6.5, 17],
			"rotation": {"angle": 0, "axis": "y", "origin": [6.5, 4, 6]},
			"faces": {
				"north": {"uv": [7.5, 2, 9, 3.5], "texture": "#0"},
				"east": {"uv": [6, 0, 0, 1.5], "texture": "#0"},
				"south": {"uv": [3.5, 7.5, 5, 9], "texture": "#0"},
				"west": {"uv": [0, 0, 6, 1.5], "texture": "#0"},
				"up": {"uv": [1.5, 7.5, 0, 1.5], "texture": "#0"},
				"down": {"uv": [3, 1.5, 1.5, 7.5], "texture": "#0"}
			}
		},
		{
			"from": [7.5, 2, 3],
			"to": [8.5, 4, 5],
			"rotation": {"angle": 0, "axis": "y", "origin": [6.5, 2, 6]},
			"faces": {
				"north": {"uv": [6.5, 2, 7, 3], "texture": "#0"},
				"east": {"uv": [9, 8, 8, 9], "texture": "#0"},
				"south": {"uv": [3.5, 9, 4, 10], "texture": "#0"},
				"west": {"uv": [8, 8, 9, 9], "texture": "#0"}
			}
		},
		{
			"from": [7, 2, 3],
			"to": [9, 4, 5],
			"rotation": {"angle": 37.5, "axis": "x", "origin": [7, 2, 3]},
			"faces": {
				"north": {"uv": [8.5, 3.5, 9.5, 4.5], "texture": "#0"},
				"east": {"uv": [1.5, 9, 0.5, 10], "texture": "#0"},
				"west": {"uv": [0.5, 9, 1.5, 10], "texture": "#0"},
				"up": {"uv": [10, 1.5, 9, 0.5], "texture": "#0"},
				"down": {"uv": [2.5, 9, 1.5, 10], "texture": "#0"}
			}
		},
		{
			"from": [6.5, 1.5, 5],
			"to": [9.5, 4.5, 11],
			"rotation": {"angle": 37.5, "axis": "x", "origin": [7, 2, 3]},
			"faces": {
				"north": {"uv": [0.5, 7.5, 2, 9], "texture": "#0"},
				"east": {"uv": [6, 3, 3, 4.5], "texture": "#0"},
				"south": {"uv": [2, 7.5, 3.5, 9], "texture": "#0"},
				"west": {"uv": [3, 3, 6, 4.5], "texture": "#0"},
				"up": {"uv": [4.5, 7.5, 3, 4.5], "texture": "#0"},
				"down": {"uv": [6, 4.5, 4.5, 7.5], "texture": "#0"}
			}
		},
		{
			"from": [7.5, 4, 4],
			"to": [8.5, 7, 6],
			"rotation": {"angle": 37.5, "axis": "x", "origin": [7, 2, 3]},
			"faces": {
				"north": {"uv": [2.5, 9, 3, 10.5], "texture": "#0"},
				"east": {"uv": [8.5, 3.5, 7.5, 5], "texture": "#0"},
				"south": {"uv": [3, 9, 3.5, 10.5], "texture": "#0"},
				"west": {"uv": [7.5, 3.5, 8.5, 5], "texture": "#0"}
			}
		},
		{
			"from": [7.5, 4.5, 10],
			"to": [8.5, 10.5, 11],
			"rotation": {"angle": 37.5, "axis": "x", "origin": [7, 2, 3]},
			"faces": {
				"north": {"uv": [5, 7.5, 5.5, 10.5], "texture": "#0"},
				"east": {"uv": [6, 7.5, 5.5, 10.5], "texture": "#0"},
				"south": {"uv": [7.5, 5, 8, 8], "texture": "#0"},
				"west": {"uv": [5.5, 7.5, 6, 10.5], "texture": "#0"}
			}
		},
		{
			"from": [8, 6.5, 8],
			"to": [8, 10.5, 10],
			"rotation": {"angle": 37.5, "axis": "x", "origin": [7, 2, 3]},
			"faces": {
				"north": {"uv": [5, 7.5, 5.5, 10.5], "texture": "#0"},
				"east": {"uv": [7, 9, 6, 11], "texture": "#0"},
				"south": {"uv": [7.5, 5, 8, 8], "texture": "#0"},
				"west": {"uv": [6, 9, 7, 11], "texture": "#0"}
			}
		}
	],
	"display": {
		"thirdperson_righthand": {
			"rotation": [5, -10, 0],
			"translation": [1.5, 4.75, -2.5],
			"scale": [0.9, 0.9, 0.9]
		},
		"thirdperson_lefthand": {
			"rotation": [5, -10, 0],
			"translation": [1.5, 4.75, -2.5],
			"scale": [0.9, 0.9, 0.9]
		},
		"firstperson_righthand": {
			"rotation": [5, 0, 10],
			"translation": [6.5, 4.75, -1.25],
			"scale": [0.9, 0.9, 0.9]
		},
		"firstperson_lefthand": {
			"rotation": [5, 0, 10],
			"translation": [6.5, 4.75, -1.25],
			"scale": [0.9, 0.9, 0.9]
		},
		"gui": {
			"rotation": [25, 135, 0],
			"translation": [0.5, 2.5, 0],
			"scale": [0.65, 0.65, 0.65]
		}
	}
}