{
	"credit": "Made with Blockbench",
	"textures": {
		"0": "item/custom/blunderbuss",
		"1": "item/custom/grapple_gun",
		"particle": "item/custom/blunderbuss"
	},
	"elements": [
		{
			"from": [7, 2, 2],
			"to": [9, 4, 12],
			"rotation": {"angle": 0, "axis": "y", "origin": [7, 2, 0]},
			"faces": {
				"north": {"uv": [0, 0, 2, 2], "texture": "#1"},
				"east": {"uv": [12, 0, 2, 2], "texture": "#0"},
				"south": {"uv": [4, 11, 6, 13], "texture": "#0"},
				"west": {"uv": [2, 0, 12, 2], "texture": "#0"},
				"up": {"uv": [2, 12, 0, 2], "texture": "#0"},
				"down": {"uv": [4, 2, 2, 12], "texture": "#0"}
			}
		},
		{
			"from": [7.249, 1.999, 7.999],
			"to": [8.751, 4.001, 15.001],
			"rotation": {"angle": 22.5, "axis": "x", "origin": [7, 2, 8]},
			"faces": {
				"east": {"uv": [11, 2, 4, 4], "texture": "#0"},
				"south": {"uv": [11, 8, 13, 10], "texture": "#0"},
				"west": {"uv": [4, 2, 11, 4], "texture": "#0"},
				"down": {"uv": [6, 4, 4, 11], "texture": "#0"}
			}
		},
		{
			"from": [7.25, 1.15, 12],
			"to": [8.75, 2.65, 15.2],
			"rotation": {"angle": 0, "axis": "x", "origin": [7, 1.15, 8.2]},
			"faces": {
				"east": {"uv": [12, 6, 9, 8], "texture": "#0"},
				"south": {"uv": [11, 10, 13, 12], "texture": "#0"},
				"west": {"uv": [9, 6, 12, 8], "texture": "#0"},
				"up": {"uv": [11, 11, 9, 8], "texture": "#0"}
			}
		},
		{
			"from": [8, 0, 7],
			"to": [8, 2, 11],
			"rotation": {"angle": 0, "axis": "y", "origin": [7, 0, 7]},
			"faces": {
				"east": {"uv": [13, 4, 9, 6], "texture": "#0"},
				"west": {"uv": [9, 4, 13, 6], "texture": "#0"}
			}
		},
		{
			"from": [6.9, 4, 8.1],
			"to": [6.9, 6, 9.1],
			"rotation": {"angle": 22.5, "axis": "x", "origin": [4.9, 4, 7.1]},
			"faces": {
				"north": {"uv": [0, 0, 0, 2], "texture": "#0"},
				"east": {"uv": [0, 0, 1, 2], "texture": "#0"},
				"south": {"uv": [0, 0, 0, 2], "texture": "#0"},
				"west": {"uv": [0, 0, 1, 2], "texture": "#0"},
				"up": {"uv": [0, 0, 0, 1], "texture": "#0"},
				"down": {"uv": [0, 0, 0, 1], "texture": "#0"}
			}
		},
		{
			"from": [7.5, 2, -6],
			"to": [8.5, 4, 2],
			"faces": {
				"north": {"uv": [2, 2, 3, 4], "texture": "#1"},
				"east": {"uv": [10, 0, 2, 2], "texture": "#1"},
				"south": {"uv": [0, 0, 1, 2], "texture": "#1"},
				"west": {"uv": [2, 0, 10, 2], "texture": "#1"},
				"up": {"uv": [0, 2, 1, 10], "texture": "#1"},
				"down": {"uv": [1, 2, 2, 10], "texture": "#1"}
			}
		},
		{
			"from": [8, 0.55, -9.8],
			"to": [8, 1.55, -7.05],
			"rotation": {"angle": 45, "axis": "x", "origin": [8, 3, -8]},
			"faces": {
				"north": {"uv": [0, 5, 0, 0], "texture": "#1"},
				"east": {"uv": [6, 4, 3, 3], "texture": "#1"},
				"south": {"uv": [0, 5, 0, 0], "texture": "#1"},
				"west": {"uv": [3, 4, 6, 3], "texture": "#1"},
				"up": {"uv": [0, 6, 0, 0], "texture": "#1"},
				"down": {"uv": [0, 6, 0, 0], "texture": "#1"}
			}
		},
		{
			"from": [7.995, 2.495, -11.005],
			"to": [8.005, 3.505, -4.995],
			"rotation": {"angle": 0, "axis": "z", "origin": [8, 3, -8]},
			"faces": {
				"north": {"uv": [0, 0, 0, 5], "texture": "#1"},
				"east": {"uv": [9, 2, 3, 3], "texture": "#1"},
				"south": {"uv": [0, 0, 0, 5], "texture": "#1"},
				"west": {"uv": [3, 2, 9, 3], "texture": "#1"},
				"up": {"uv": [0, 0, 0, 6], "texture": "#1"},
				"down": {"uv": [0, 0, 0, 6], "texture": "#1"}
			}
		},
		{
			"from": [8, 4.45, -9.8],
			"to": [8, 5.45, -7.05],
			"rotation": {"angle": -45, "axis": "x", "origin": [8, 3, -8]},
			"faces": {
				"north": {"uv": [0, 0, 0, 5], "texture": "#1"},
				"east": {"uv": [6, 3, 3, 4], "texture": "#1"},
				"south": {"uv": [0, 0, 0, 5], "texture": "#1"},
				"west": {"uv": [3, 3, 6, 4], "texture": "#1"},
				"up": {"uv": [0, 0, 0, 6], "texture": "#1"},
				"down": {"uv": [0, 0, 0, 6], "texture": "#1"}
			}
		},
		{
			"from": [9.45, 3, -9.8],
			"to": [10.45, 3, -7.05],
			"rotation": {"angle": 45, "axis": "y", "origin": [8, 3, -8]},
			"faces": {
				"north": {"uv": [0, 5, 0, 0], "rotation": 90, "texture": "#1"},
				"east": {"uv": [0, 6, 0, 0], "rotation": 270, "texture": "#1"},
				"south": {"uv": [0, 5, 0, 0], "rotation": 270, "texture": "#1"},
				"west": {"uv": [0, 6, 0, 0], "rotation": 270, "texture": "#1"},
				"up": {"uv": [6, 4, 3, 3], "rotation": 270, "texture": "#1"},
				"down": {"uv": [3, 4, 6, 3], "rotation": 270, "texture": "#1"}
			}
		},
		{
			"from": [7.495, 2.995, -11.005],
			"to": [8.505, 3.005, -4.995],
			"rotation": {"angle": 0, "axis": "z", "origin": [8, 3, -8]},
			"faces": {
				"north": {"uv": [0, 0, 0, 5], "rotation": 90, "texture": "#1"},
				"east": {"uv": [0, 0, 0, 6], "rotation": 270, "texture": "#1"},
				"south": {"uv": [0, 0, 0, 5], "rotation": 270, "texture": "#1"},
				"west": {"uv": [0, 0, 0, 6], "rotation": 270, "texture": "#1"},
				"up": {"uv": [9, 2, 3, 3], "rotation": 270, "texture": "#1"},
				"down": {"uv": [3, 2, 9, 3], "rotation": 270, "texture": "#1"}
			}
		},
		{
			"from": [5.55, 3, -9.8],
			"to": [6.55, 3, -7.05],
			"rotation": {"angle": -45, "axis": "y", "origin": [8, 3, -8]},
			"faces": {
				"north": {"uv": [0, 0, 0, 5], "rotation": 90, "texture": "#1"},
				"east": {"uv": [0, 0, 0, 6], "rotation": 270, "texture": "#1"},
				"south": {"uv": [0, 0, 0, 5], "rotation": 270, "texture": "#1"},
				"west": {"uv": [0, 0, 0, 6], "rotation": 270, "texture": "#1"},
				"up": {"uv": [6, 3, 3, 4], "rotation": 270, "texture": "#1"},
				"down": {"uv": [3, 3, 6, 4], "rotation": 270, "texture": "#1"}
			}
		},
		{
			"from": [6, 1.5, 4],
			"to": [10, 4.5, 7],
			"rotation": {"angle": -45, "axis": "x", "origin": [6.5, 3, 5.5]},
			"faces": {
				"north": {"uv": [5, 7, 9, 10], "texture": "#1"},
				"east": {"uv": [5, 4, 2, 7], "texture": "#1"},
				"south": {"uv": [5, 7, 9, 4], "texture": "#1"},
				"west": {"uv": [2, 4, 5, 7], "texture": "#1"},
				"up": {"uv": [5, 4, 9, 7], "texture": "#1"},
				"down": {"uv": [9, 7, 5, 10], "texture": "#1"}
			}
		},
		{
			"from": [5.75, 1.25, 3.75],
			"to": [10.25, 4.75, 7.25],
			"rotation": {"angle": -45, "axis": "x", "origin": [6.5, 3, 5.5]},
			"faces": {
				"north": {"uv": [4, 10, 8, 13], "texture": "#1"},
				"east": {"uv": [3, 13, 0, 16], "texture": "#1"},
				"south": {"uv": [0, 13, 4, 10], "texture": "#1"},
				"west": {"uv": [0, 13, 3, 16], "texture": "#1"},
				"up": {"uv": [0, 10, 4, 13], "texture": "#1"},
				"down": {"uv": [8, 10, 4, 13], "texture": "#1"}
			}
		}
	],
	"display": {
		"thirdperson_righthand": {
			"rotation": [0, -5, -10],
			"translation": [0, 7.25, 0.25],
			"scale": [1.25, 1.25, 1.25]
		},
		"thirdperson_lefthand": {
			"rotation": [0, -5, -10],
			"translation": [0, 7.25, 0.25],
			"scale": [1.25, 1.25, 1.25]
		},
		"firstperson_righthand": {
			"rotation": [-2, -3, 10],
			"translation": [6.5, 9.5, -2.5],
			"scale": [1.25, 1.25, 1.25]
		},
		"firstperson_lefthand": {
			"rotation": [-2, -3, 10],
			"translation": [6.5, 9.5, -2.5],
			"scale": [1.25, 1.25, 1.25]
		},
		"ground": {
			"rotation": [25, 0, 0],
			"translation": [0, 4, 1.5],
			"scale": [0.45, 0.45, 0.45]
		},
		"gui": {
			"rotation": [25, 135, 0],
			"translation": [4, 5.25, 0]
		},
		"fixed": {
			"rotation": [0, 90, 0],
			"translation": [0.25, 5, 0]
		}
	},
	"groups": [
		0,
		1,
		2,
		3,
		4,
		5,
		{
			"name": "group",
			"origin": [8, 3, -9],
			"color": 0,
			"children": [6, 7, 8]
		},
		{
			"name": "group",
			"origin": [8, 3, -9],
			"color": 0,
			"children": [9, 10, 11]
		},
		12,
		13
	]
}