{
	"format_version": "1.21.6",
	"credit": "Made with Blockbench",
	"textures": {
		"0": "item/custom/laser_gun_green",
		"particle": "item/custom/laser_gun_green"
	},
	"elements": [
		{
			"from": [6.999, -5.001, 10.999],
			"to": [9.001, 0.101, 13.001],
			"rotation": {"angle": -22.5, "axis": "x", "origin": [0, -1, 0]},
			"faces": {
				"north": {"uv": [4, 2, 6, 7], "texture": "#0"},
				"east": {"uv": [2, 7, 0, 12], "texture": "#0"},
				"south": {"uv": [6, 2, 8, 7], "texture": "#0"},
				"west": {"uv": [0, 7, 2, 12], "texture": "#0"},
				"down": {"uv": [11, 8, 9, 10], "texture": "#0"}
			}
		},
		{
			"from": [7, 3, 4],
			"to": [9, 4, 11],
			"rotation": {"angle": 0, "axis": "x", "origin": [0, -1, 0]},
			"faces": {
				"north": {"uv": [9, 10, 11, 11], "texture": "#0"},
				"east": {"uv": [9, 7, 2, 8], "texture": "#0"},
				"west": {"uv": [2, 7, 9, 8], "texture": "#0"},
				"up": {"uv": [2, 7, 0, 0], "texture": "#0"},
				"down": {"uv": [4, 0, 2, 7], "texture": "#0"}
			}
		},
		{
			"from": [6.998, 3.998, 8.998],
			"to": [9.002, 5.002, 11.602],
			"rotation": {"angle": 0, "axis": "x", "origin": [0, -1, 0]},
			"faces": {
				"north": {"uv": [11, 0, 13, 1], "texture": "#0"},
				"east": {"uv": [13, 4, 10, 5], "texture": "#0"},
				"west": {"uv": [10, 4, 13, 5], "texture": "#0"},
				"up": {"uv": [10, 5, 8, 2], "texture": "#0"}
			}
		},
		{
			"from": [7.501, 3.001, 3.001],
			"to": [8.499, 4.999, 9.999],
			"rotation": {"angle": 0, "axis": "x", "origin": [0, -1, 0]},
			"faces": {
				"east": {"uv": [11, 0, 4, 2], "texture": "#0"},
				"west": {"uv": [4, 0, 11, 2], "texture": "#0"},
				"up": {"uv": [3, 15, 2, 8], "texture": "#0"},
				"down": {"uv": [4, 8, 3, 15], "texture": "#0"}
			}
		},
		{
			"from": [7, 3, 0],
			"to": [9, 5, 3],
			"rotation": {"angle": 0, "axis": "x", "origin": [0, -1, 0]},
			"faces": {
				"north": {"uv": [10, 2, 12, 4], "texture": "#0"},
				"east": {"uv": [7, 8, 4, 10], "texture": "#0"},
				"south": {"uv": [4, 10, 6, 12], "texture": "#0"},
				"west": {"uv": [4, 8, 7, 10], "texture": "#0"},
				"up": {"uv": [9, 11, 7, 8], "texture": "#0"},
				"down": {"uv": [11, 5, 9, 8], "texture": "#0"}
			}
		},
		{
			"from": [8, 0, 5.5],
			"to": [8, 3, 11.5],
			"faces": {
				"east": {"uv": [10, 13, 4, 16], "texture": "#0"},
				"west": {"uv": [4, 13, 10, 16], "texture": "#0"}
			}
		},
		{
			"from": [8, 5, 0],
			"to": [8, 6, 2],
			"faces": {
				"east": {"uv": [15, 0, 13, 1], "texture": "#0"},
				"west": {"uv": [13, 0, 15, 1], "texture": "#0"}
			}
		}
	],
	"display": {
		"thirdperson_righthand": {
			"rotation": [5, -20, 0],
			"translation": [1.5, 7.25, 0],
			"scale": [1.25, 1.25, 1.25]
		},
		"thirdperson_lefthand": {
			"rotation": [5, -20, 0],
			"translation": [1.5, 7.25, 0],
			"scale": [1.25, 1.25, 1.25]
		},
		"firstperson_righthand": {
			"rotation": [1, -3, 10],
			"translation": [6.5, 8.25, -1.25],
			"scale": [1.25, 1.25, 1.25]
		},
		"firstperson_lefthand": {
			"rotation": [1, -3, 10],
			"translation": [6.5, 8.25, -1.25],
			"scale": [1.25, 1.25, 1.25]
		},
		"ground": {
			"rotation": [25, 0, 0],
			"translation": [0, 4, 1.5],
			"scale": [0.45, 0.45, 0.45]
		},
		"gui": {
			"rotation": [25, 135, 0],
			"translation": [0.75, 5.25, 0]
		},
		"fixed": {
			"rotation": [0, 90, 0],
			"translation": [1.25, 5, 0]
		}
	}
}