{
	"credit": "Made with Blockbench",
	"textures": {
		"0": "item/custom/blunderbuss",
		"1": "item/custom/machine_gun",
		"particle": "item/custom/blunderbuss"
	},
	"elements": [
		{
			"from": [7, 3, 4],
			"to": [9, 5, 13],
			"rotation": {"angle": 0, "axis": "y", "origin": [8, 3, 4]},
			"faces": {
				"north": {"uv": [7, 7, 9, 9], "texture": "#1"},
				"east": {"uv": [9, 0, 0, 2], "texture": "#1"},
				"south": {"uv": [8, 3, 10, 5], "texture": "#1"},
				"west": {"uv": [0, 0, 9, 2], "texture": "#1"},
				"up": {"uv": [2, 11, 0, 2], "texture": "#1"},
				"down": {"uv": [4, 2, 2, 11], "texture": "#1"}
			}
		},
		{
			"from": [7.5, 4, -1],
			"to": [8.5, 5, 4],
			"rotation": {"angle": 0, "axis": "y", "origin": [8, 3, -5]},
			"faces": {
				"north": {"uv": [6, 8, 7, 9], "texture": "#1"},
				"east": {"uv": [11, 2, 6, 3], "texture": "#1"},
				"west": {"uv": [6, 2, 11, 3], "texture": "#1"},
				"up": {"uv": [7, 8, 6, 3], "texture": "#1"},
				"down": {"uv": [5, 6, 4, 11], "texture": "#1"}
			}
		},
		{
			"from": [7.249, 2.999, 8.999],
			"to": [8.751, 5.001, 16.001],
			"rotation": {"angle": 22.5, "axis": "x", "origin": [7, 3, 9]},
			"faces": {
				"east": {"uv": [11, 2, 4, 4], "texture": "#0"},
				"south": {"uv": [11, 8, 13, 10], "texture": "#0"},
				"west": {"uv": [4, 2, 11, 4], "texture": "#0"},
				"down": {"uv": [6, 4, 4, 11], "texture": "#0"}
			}
		},
		{
			"from": [7.25, 2.15, 13],
			"to": [8.75, 3.65, 16.2],
			"rotation": {"angle": 0, "axis": "y", "origin": [7, 2.15, 9.2]},
			"faces": {
				"east": {"uv": [12, 6, 9, 8], "texture": "#0"},
				"south": {"uv": [11, 10, 13, 12], "texture": "#0"},
				"west": {"uv": [9, 6, 12, 8], "texture": "#0"},
				"up": {"uv": [11, 11, 9, 8], "texture": "#0"}
			}
		},
		{
			"from": [7.5, -1, 5],
			"to": [8.5, 3, 7],
			"rotation": {"angle": 0, "axis": "y", "origin": [6.5, 0, 5]},
			"faces": {
				"north": {"uv": [5, 6, 6, 10], "texture": "#1"},
				"east": {"uv": [6, 2, 4, 6], "texture": "#1"},
				"south": {"uv": [7, 3, 8, 7], "texture": "#1"},
				"west": {"uv": [4, 2, 6, 6], "texture": "#1"},
				"down": {"uv": [9, 5, 8, 7], "texture": "#1"}
			}
		},
		{
			"from": [8, 5, -1],
			"to": [8, 6, 0],
			"rotation": {"angle": 0, "axis": "y", "origin": [7, 5, -1]},
			"faces": {
				"north": {"uv": [0, 0, 0, 1], "texture": "#1"},
				"east": {"uv": [9, 0, 10, 1], "texture": "#1"},
				"south": {"uv": [0, 0, 0, 1], "texture": "#1"},
				"west": {"uv": [10, 0, 9, 1], "texture": "#1"},
				"up": {"uv": [0, 0, 0, 1], "texture": "#1"},
				"down": {"uv": [0, 0, 0, 1], "texture": "#1"}
			}
		},
		{
			"from": [8, 1, 8],
			"to": [8, 3, 12],
			"rotation": {"angle": 0, "axis": "y", "origin": [7, 1, 8]},
			"faces": {
				"east": {"uv": [13, 4, 9, 6], "texture": "#0"},
				"west": {"uv": [9, 4, 13, 6], "texture": "#0"}
			}
		}
	],
	"display": {
		"thirdperson_righthand": {
			"rotation": [0, -5, -10],
			"translation": [1, 7.25, -1.25],
			"scale": [1.25, 1.25, 1.25]
		},
		"thirdperson_lefthand": {
			"rotation": [0, -5, -10],
			"translation": [1, 7.25, -1.25],
			"scale": [1.25, 1.25, 1.25]
		},
		"firstperson_righthand": {
			"rotation": [1, -3, 10],
			"translation": [6.5, 8.25, -1.25],
			"scale": [1.25, 1.25, 1.25]
		},
		"firstperson_lefthand": {
			"rotation": [1, -3, 10],
			"translation": [6.5, 8.25, -1.25],
			"scale": [1.25, 1.25, 1.25]
		},
		"ground": {
			"rotation": [25, 0, 0],
			"translation": [0, 4, 1.5],
			"scale": [0.45, 0.45, 0.45]
		},
		"gui": {
			"rotation": [25, 135, 0],
			"translation": [0.25, 5.25, 0]
		},
		"fixed": {
			"rotation": [0, 90, 0],
			"translation": [0.25, 5, 0]
		}
	}
}