{
	"format_version": "1.21.6",
	"credit": "Made with Blockbench",
	"texture_size": [64, 64],
	"textures": {
		"0": "item/custom/missile_launcher",
		"particle": "item/custom/missile_launcher"
	},
	"elements": [
		{
			"from": [5, 4, -6],
			"to": [11, 10, 22],
			"rotation": {"angle": 0, "axis": "y", "origin": [7, 4, 0]},
			"faces": {
				"north": {"uv": [3, 1.5, 4.5, 3], "texture": "#0"},
				"east": {"uv": [7, 0, 0, 1.5], "texture": "#0"},
				"south": {"uv": [3, 3, 4.5, 4.5], "texture": "#0"},
				"west": {"uv": [0, 0, 7, 1.5], "texture": "#0"},
				"up": {"uv": [1.5, 8.5, 0, 1.5], "texture": "#0"},
				"down": {"uv": [3, 1.5, 1.5, 8.5], "texture": "#0"}
			}
		},
		{
			"from": [7.5, -2, 4],
			"to": [8.5, 4, 6],
			"rotation": {"angle": 0, "axis": "y", "origin": [6.5, 0, 4]},
			"faces": {
				"north": {"uv": [4, 4.5, 4.25, 6], "texture": "#0"},
				"east": {"uv": [5, 2.75, 4.5, 4.25], "texture": "#0"},
				"south": {"uv": [4.25, 4.5, 4.5, 6], "texture": "#0"},
				"west": {"uv": [4.5, 2.75, 5, 4.25], "texture": "#0"},
				"down": {"uv": [5.25, 2.75, 5, 3.25], "texture": "#0"}
			}
		},
		{
			"from": [7, -0.75, 14],
			"to": [9, 4.25, 16.5],
			"rotation": {"angle": -22.5, "axis": "x", "origin": [7, 1.25, 14]},
			"faces": {
				"north": {"uv": [3, 4.5, 3.5, 5.75], "texture": "#0"},
				"east": {"uv": [4.5, 1.5, 5.25, 2.75], "texture": "#0"},
				"south": {"uv": [3.5, 4.5, 4, 5.75], "texture": "#0"},
				"west": {"uv": [4.5, 1.5, 5.25, 2.75], "texture": "#0"},
				"down": {"uv": [5, 4.25, 4.5, 5], "texture": "#0"}
			}
		},
		{
			"from": [5.5, 7.25, -8],
			"to": [7.75, 9.5, -6],
			"rotation": {"angle": 0, "axis": "y", "origin": [5.75, 7, -8]},
			"faces": {
				"east": {"uv": [5.75, 1.5, 5.25, 2], "texture": "#0"},
				"south": {"uv": [0, 0, 0.4375, 0.4375], "texture": "#0"},
				"west": {"uv": [5.25, 1.5, 5.75, 2], "texture": "#0"},
				"up": {"uv": [5.75, 1.5, 6.25, 2], "texture": "#0"},
				"down": {"uv": [5.75, 2, 6.25, 2.5], "texture": "#0"}
			}
		},
		{
			"from": [5.495, 7.245, -6.005],
			"to": [7.755, 9.505, -7.995],
			"rotation": {"angle": 0, "axis": "y", "origin": [3.75, 7, -8]},
			"faces": {
				"north": {"uv": [4.5, 5, 5, 5.5], "rotation": 180, "texture": "#0"},
				"east": {"uv": [5.25, 2, 5.75, 1.5], "rotation": 180, "texture": "#0"},
				"south": {"uv": [4.5, 5, 5, 5.5], "rotation": 180, "texture": "#0"},
				"west": {"uv": [5.25, 2, 5.75, 1.5], "rotation": 180, "texture": "#0"},
				"up": {"uv": [6.25, 2.5, 5.75, 2], "rotation": 180, "texture": "#0"},
				"down": {"uv": [6.25, 2.5, 5.75, 2], "rotation": 180, "texture": "#0"}
			}
		},
		{
			"from": [8.25, 7.25, -8],
			"to": [10.5, 9.5, -6],
			"rotation": {"angle": 0, "axis": "y", "origin": [8.5, 7, -8]},
			"faces": {
				"east": {"uv": [5.75, 1.5, 5.25, 2], "texture": "#0"},
				"south": {"uv": [0, 0, 0.4375, 0.4375], "texture": "#0"},
				"west": {"uv": [5.25, 1.5, 5.75, 2], "texture": "#0"},
				"up": {"uv": [5.75, 1.5, 6.25, 2], "texture": "#0"},
				"down": {"uv": [5.75, 2, 6.25, 2.5], "texture": "#0"}
			}
		},
		{
			"from": [8.245, 7.245, -6.005],
			"to": [10.505, 9.505, -7.995],
			"rotation": {"angle": 0, "axis": "y", "origin": [6.5, 7, -8]},
			"faces": {
				"north": {"uv": [4.5, 5, 5, 5.5], "rotation": 180, "texture": "#0"},
				"east": {"uv": [5.25, 2, 5.75, 1.5], "rotation": 180, "texture": "#0"},
				"south": {"uv": [4.5, 5, 5, 5.5], "rotation": 180, "texture": "#0"},
				"west": {"uv": [5.25, 2, 5.75, 1.5], "rotation": 180, "texture": "#0"},
				"up": {"uv": [6.25, 2.5, 5.75, 2], "rotation": 180, "texture": "#0"},
				"down": {"uv": [5.75, 2, 6.25, 2.5], "rotation": 180, "texture": "#0"}
			}
		},
		{
			"from": [8.25, 4.5, -8],
			"to": [10.5, 6.75, -6],
			"rotation": {"angle": 0, "axis": "y", "origin": [8.5, 4.25, -8]},
			"faces": {
				"east": {"uv": [5.75, 1.5, 5.25, 2], "texture": "#0"},
				"south": {"uv": [0, 0, 0.4375, 0.4375], "texture": "#0"},
				"west": {"uv": [5.25, 1.5, 5.75, 2], "texture": "#0"},
				"up": {"uv": [5.75, 1.5, 6.25, 2], "texture": "#0"},
				"down": {"uv": [5.75, 2, 6.25, 2.5], "texture": "#0"}
			}
		},
		{
			"from": [8.245, 4.495, -6.005],
			"to": [10.505, 6.755, -7.995],
			"rotation": {"angle": 0, "axis": "y", "origin": [6.5, 4.25, -8]},
			"faces": {
				"north": {"uv": [4.5, 5, 5, 5.5], "rotation": 180, "texture": "#0"},
				"east": {"uv": [5.25, 2, 5.75, 1.5], "rotation": 180, "texture": "#0"},
				"south": {"uv": [4.5, 5, 5, 5.5], "rotation": 180, "texture": "#0"},
				"west": {"uv": [5.25, 2, 5.75, 1.5], "rotation": 180, "texture": "#0"},
				"up": {"uv": [6.25, 2.5, 5.75, 2], "rotation": 180, "texture": "#0"},
				"down": {"uv": [5.75, 2, 6.25, 2.5], "rotation": 180, "texture": "#0"}
			}
		},
		{
			"from": [5.5, 4.5, -8],
			"to": [7.75, 6.75, -6],
			"rotation": {"angle": 0, "axis": "y", "origin": [5.75, 4.25, -8]},
			"faces": {
				"east": {"uv": [5.75, 1.5, 5.25, 2], "texture": "#0"},
				"south": {"uv": [0, 0, 0.4375, 0.4375], "texture": "#0"},
				"west": {"uv": [5.25, 1.5, 5.75, 2], "texture": "#0"},
				"up": {"uv": [5.75, 1.5, 6.25, 2], "texture": "#0"},
				"down": {"uv": [5.75, 2, 6.25, 2.5], "texture": "#0"}
			}
		},
		{
			"from": [5.495, 4.495, -6.005],
			"to": [7.755, 6.755, -7.995],
			"rotation": {"angle": 0, "axis": "y", "origin": [3.75, 4.25, -8]},
			"faces": {
				"north": {"uv": [4.5, 5, 5, 5.5], "rotation": 180, "texture": "#0"},
				"east": {"uv": [5.25, 2, 5.75, 1.5], "rotation": 180, "texture": "#0"},
				"south": {"uv": [4.5, 5, 5, 5.5], "rotation": 180, "texture": "#0"},
				"west": {"uv": [5.25, 2, 5.75, 1.5], "rotation": 180, "texture": "#0"},
				"up": {"uv": [6.25, 2.5, 5.75, 2], "rotation": 180, "texture": "#0"},
				"down": {"uv": [5.75, 2, 6.25, 2.5], "rotation": 180, "texture": "#0"}
			}
		},
		{
			"from": [4, 6, 2],
			"to": [5, 9, 7],
			"rotation": {"angle": 0, "axis": "y", "origin": [3, 6, 2]},
			"faces": {
				"north": {"uv": [6.5, 1.75, 6.25, 2.5], "texture": "#0"},
				"east": {"uv": [0, 0, 1.25, 0.75], "texture": "#0"},
				"south": {"uv": [6.25, 1.75, 6.5, 2.5], "texture": "#0"},
				"west": {"uv": [5.25, 2.5, 6.5, 3.25], "texture": "#0"},
				"up": {"uv": [5.25, 3.25, 6.5, 3.5], "rotation": 90, "texture": "#0"},
				"down": {"uv": [6.5, 3.25, 5.25, 3.5], "rotation": 90, "texture": "#0"}
			}
		},
		{
			"from": [0, 6, 2],
			"to": [4, 9, 2],
			"rotation": {"angle": 0, "axis": "y", "origin": [0, 7, 2]},
			"faces": {
				"north": {"uv": [6, 3.5, 5, 4.25], "texture": "#0"},
				"east": {"uv": [0, 0, 0, 0.75], "texture": "#0"},
				"south": {"uv": [5, 3.5, 6, 4.25], "texture": "#0"},
				"west": {"uv": [0, 0, 0, 0.75], "texture": "#0"},
				"up": {"uv": [0, 0, 1, 0], "texture": "#0"},
				"down": {"uv": [0, 0, 1, 0], "texture": "#0"}
			}
		},
		{
			"from": [1.4, 7.45, 2],
			"to": [1.55, 7.6, 2],
			"rotation": {"angle": 0, "axis": "y", "origin": [-0.35, 7.2, 2]},
			"faces": {
				"north": {"uv": [5.25, 3.25, 5, 3.5], "texture": "#0"},
				"east": {"uv": [0, 0, 0, 0.75], "texture": "#0"},
				"south": {"uv": [5.25, 3.25, 5, 3.5], "texture": "#0"},
				"west": {"uv": [0, 0, 0, 0.75], "texture": "#0"},
				"up": {"uv": [0, 0, 1, 0], "texture": "#0"},
				"down": {"uv": [0, 0, 1, 0], "texture": "#0"}
			}
		},
		{
			"from": [11, 10, 0],
			"to": [13, 10, 16],
			"rotation": {"angle": 45, "axis": "z", "origin": [11, 10, 0]},
			"faces": {
				"north": {"uv": [0, 0, 0.5, 0], "texture": "#0"},
				"east": {"uv": [0, 0, 4, 0], "texture": "#0"},
				"south": {"uv": [0, 0, 0.5, 0], "texture": "#0"},
				"west": {"uv": [0, 0, 4, 0], "texture": "#0"},
				"up": {"uv": [3, 5.75, 3.5, 9.75], "texture": "#0"},
				"down": {"uv": [3, 5.75, 3.5, 9.75], "texture": "#0"}
			}
		},
		{
			"from": [8, 1, 10],
			"to": [8, 4, 14.25],
			"rotation": {"angle": 0, "axis": "y", "origin": [6, 2, 12]},
			"faces": {
				"north": {"uv": [0, 0, 0, 0.75], "texture": "#0"},
				"east": {"uv": [6, 4.25, 5, 5], "texture": "#0"},
				"south": {"uv": [0, 0, 0, 0.75], "texture": "#0"},
				"west": {"uv": [5, 4.25, 6, 5], "texture": "#0"},
				"up": {"uv": [0, 0, 0, 1.0625], "texture": "#0"},
				"down": {"uv": [0, 0, 0, 1.0625], "texture": "#0"}
			}
		}
	],
	"display": {
		"thirdperson_righthand": {
			"rotation": [0, -10, -9],
			"translation": [2.75, 3.25, 2.25]
		},
		"thirdperson_lefthand": {
			"rotation": [0, -10, -9],
			"translation": [2.75, 3.25, 2.25]
		},
		"firstperson_righthand": {
			"rotation": [2, 0, 0],
			"translation": [8.75, 8.5, 0.5]
		},
		"firstperson_lefthand": {
			"rotation": [5, 0, 0],
			"translation": [2, 8.5, 0.5]
		},
		"ground": {
			"rotation": [25, 0, 0],
			"translation": [0, 4, 0.75],
			"scale": [0.4, 0.4, 0.4]
		},
		"gui": {
			"rotation": [25, 135, 0],
			"translation": [0.25, 1, 0],
			"scale": [0.65, 0.65, 0.65]
		}
	},
	"groups": [
		0,
		1,
		2,
		{
			"name": "group",
			"origin": [5.75, 7, -8],
			"color": 0,
			"children": [3, 4]
		},
		{
			"name": "group",
			"origin": [5.75, 7, -8],
			"color": 0,
			"children": [5, 6]
		},
		{
			"name": "group",
			"origin": [5.75, 7, -8],
			"color": 0,
			"children": [7, 8]
		},
		{
			"name": "group",
			"origin": [5.75, 7, -8],
			"color": 0,
			"children": [9, 10]
		},
		11,
		12,
		13,
		14,
		15
	]
}