{
	"credit": "Made with Blockbench",
	"texture_size": [32, 32],
	"textures": {
		"0": "item/custom/blunderbuss",
		"2": "item/custom/potato_machine_gun",
		"particle": "item/custom/blunderbuss"
	},
	"elements": [
		{
			"from": [7.249, 2.999, 8.999],
			"to": [8.751, 5.001, 16.001],
			"rotation": {"angle": 22.5, "axis": "x", "origin": [7, 3, 9]},
			"faces": {
				"east": {"uv": [11, 2, 4, 4], "texture": "#0"},
				"south": {"uv": [11, 8, 13, 10], "texture": "#0"},
				"west": {"uv": [4, 2, 11, 4], "texture": "#0"},
				"down": {"uv": [6, 4, 4, 11], "texture": "#0"}
			}
		},
		{
			"from": [7.25, 2.15, 13],
			"to": [8.75, 3.65, 16.2],
			"rotation": {"angle": 0, "axis": "y", "origin": [7, 2.15, 9.2]},
			"faces": {
				"east": {"uv": [12, 6, 9, 8], "texture": "#0"},
				"south": {"uv": [11, 10, 13, 12], "texture": "#0"},
				"west": {"uv": [9, 6, 12, 8], "texture": "#0"},
				"up": {"uv": [11, 11, 9, 8], "texture": "#0"}
			}
		},
		{
			"from": [8, 1, 8],
			"to": [8, 3, 12],
			"rotation": {"angle": 0, "axis": "y", "origin": [7, 1, 8]},
			"faces": {
				"east": {"uv": [13, 4, 9, 6], "texture": "#0"},
				"west": {"uv": [9, 4, 13, 6], "texture": "#0"}
			}
		},
		{
			"from": [6, 3, -6],
			"to": [10, 7, 13],
			"rotation": {"angle": 0, "axis": "y", "origin": [7, 3, 11]},
			"faces": {
				"north": {"uv": [4, 2, 6, 4], "texture": "#2"},
				"east": {"uv": [9.5, 0, 0, 2], "texture": "#2"},
				"south": {"uv": [4, 4, 6, 6], "texture": "#2"},
				"west": {"uv": [0, 0, 9.5, 2], "texture": "#2"},
				"up": {"uv": [2, 11.5, 0, 2], "texture": "#2"},
				"down": {"uv": [4, 2, 2, 11.5], "texture": "#2"}
			}
		},
		{
			"from": [4, 4, 4],
			"to": [6, 6, 7],
			"rotation": {"angle": 0, "axis": "y", "origin": [4, 4, 4]},
			"faces": {
				"north": {"uv": [6, 3, 7, 4], "texture": "#2"},
				"east": {"uv": [7.5, 2, 6, 3], "texture": "#2"},
				"south": {"uv": [6, 3, 7, 4], "texture": "#2"},
				"west": {"uv": [6, 2, 7.5, 3], "texture": "#2"},
				"up": {"uv": [7, 3, 8.5, 4], "rotation": 90, "texture": "#2"},
				"down": {"uv": [7.5, 2, 9, 3], "rotation": 90, "texture": "#2"}
			}
		},
		{
			"from": [9.995, 3.895, 4.995],
			"to": [12.105, 6.105, 6.005],
			"rotation": {"angle": 0, "axis": "y", "origin": [10, 4, 4]},
			"faces": {
				"east": {"uv": [7, 4, 6.5, 5], "texture": "#2"},
				"up": {"uv": [7.5, 4, 8, 5], "rotation": 90, "texture": "#2"},
				"down": {"uv": [7, 4, 7.5, 5], "rotation": 90, "texture": "#2"}
			}
		},
		{
			"from": [10, 4, 4],
			"to": [12, 6, 7],
			"rotation": {"angle": 0, "axis": "y", "origin": [10, 4, 4]},
			"faces": {
				"north": {"uv": [6, 3, 7, 4], "texture": "#2"},
				"east": {"uv": [7.5, 2, 6, 3], "texture": "#2"},
				"south": {"uv": [7, 3, 6, 4], "texture": "#2"},
				"west": {"uv": [6, 2, 7.5, 3], "texture": "#2"},
				"up": {"uv": [8.5, 3, 7, 4], "rotation": 90, "texture": "#2"},
				"down": {"uv": [7.5, 2, 9, 3], "rotation": 90, "texture": "#2"}
			}
		},
		{
			"from": [9.995, 3.895, 8.995],
			"to": [12.105, 6.105, 10.005],
			"rotation": {"angle": 0, "axis": "y", "origin": [10, 4, 8]},
			"faces": {
				"east": {"uv": [7, 4, 6.5, 5], "texture": "#2"},
				"up": {"uv": [7.5, 4, 8, 5], "rotation": 90, "texture": "#2"},
				"down": {"uv": [7, 4, 7.5, 5], "rotation": 90, "texture": "#2"}
			}
		},
		{
			"from": [10, 4, 8],
			"to": [12, 6, 11],
			"rotation": {"angle": 0, "axis": "y", "origin": [10, 4, 8]},
			"faces": {
				"north": {"uv": [6, 3, 7, 4], "texture": "#2"},
				"east": {"uv": [7.5, 2, 6, 3], "texture": "#2"},
				"south": {"uv": [7, 3, 6, 4], "texture": "#2"},
				"west": {"uv": [6, 2, 7.5, 3], "texture": "#2"},
				"up": {"uv": [7, 3, 8.5, 4], "rotation": 90, "texture": "#2"},
				"down": {"uv": [7.5, 2, 9, 3], "rotation": 90, "texture": "#2"}
			}
		},
		{
			"from": [4, 1.5, 4],
			"to": [6, 3.5, 7],
			"rotation": {"angle": 0, "axis": "y", "origin": [4, 1.5, 4]},
			"faces": {
				"north": {"uv": [6, 3, 7, 4], "texture": "#2"},
				"east": {"uv": [7.5, 2, 6, 3], "texture": "#2"},
				"south": {"uv": [7, 3, 6, 4], "texture": "#2"},
				"west": {"uv": [6, 2, 7.5, 3], "texture": "#2"},
				"up": {"uv": [7, 3, 8.5, 4], "rotation": 90, "texture": "#2"},
				"down": {"uv": [7.5, 2, 9, 3], "rotation": 90, "texture": "#2"}
			}
		},
		{
			"from": [4, -1, 4],
			"to": [6, 1, 7],
			"rotation": {"angle": 0, "axis": "y", "origin": [4, -1, 4]},
			"faces": {
				"north": {"uv": [7, 3, 6, 4], "texture": "#2"},
				"east": {"uv": [7.5, 2, 6, 3], "texture": "#2"},
				"south": {"uv": [6, 3, 7, 4], "texture": "#2"},
				"west": {"uv": [7.5, 2, 6, 3], "texture": "#2"},
				"up": {"uv": [7, 3, 8.5, 4], "rotation": 90, "texture": "#2"},
				"down": {"uv": [7.5, 2, 9, 3], "rotation": 90, "texture": "#2"}
			}
		},
		{
			"from": [2, 7, 3],
			"to": [6, 7, 8],
			"rotation": {"angle": 22.5, "axis": "z", "origin": [6, 7, 5]},
			"faces": {
				"up": {"uv": [4, 6, 6, 8.5], "texture": "#2"},
				"down": {"uv": [6, 6, 4, 8.5], "texture": "#2"}
			}
		},
		{
			"from": [4.995, -0.005, 3.995],
			"to": [6.005, 5.005, 4.005],
			"rotation": {"angle": 0, "axis": "y", "origin": [4, 0, 2]},
			"faces": {
				"north": {"uv": [6, 4, 6.5, 6.5], "texture": "#2"},
				"south": {"uv": [6.5, 4, 6, 6.5], "texture": "#2"}
			}
		},
		{
			"from": [4.995, -0.005, 6.995],
			"to": [6.005, 5.005, 7.005],
			"rotation": {"angle": 0, "axis": "y", "origin": [4, 0, 5]},
			"faces": {
				"north": {"uv": [6, 4, 6.5, 6.5], "texture": "#2"},
				"south": {"uv": [6.5, 4, 6, 6.5], "texture": "#2"}
			}
		},
		{
			"from": [8, 7, -6],
			"to": [8, 9, -4],
			"rotation": {"angle": 0, "axis": "y", "origin": [7, 7, -6]},
			"faces": {
				"east": {"uv": [7.5, 5, 6.5, 6], "texture": "#2"},
				"west": {"uv": [6.5, 5, 7.5, 6], "texture": "#2"},
				"down": {"uv": [0, 0, 0, 1], "texture": "#2"}
			}
		}
	],
	"display": {
		"thirdperson_righthand": {
			"rotation": [0, -5, -10],
			"translation": [1.5, 3.25, 2]
		},
		"thirdperson_lefthand": {
			"rotation": [0, -5, -10],
			"translation": [1.5, 3.25, 2]
		},
		"firstperson_righthand": {
			"rotation": [1, 2, 10],
			"translation": [8.5, 4.5, -1.25],
			"scale": [1.25, 1.25, 1.25]
		},
		"firstperson_lefthand": {
			"rotation": [1, 2, 10],
			"translation": [8.5, 4.5, -1.25],
			"scale": [1.25, 1.25, 1.25]
		},
		"ground": {
			"rotation": [25, 0, 0],
			"translation": [0, 4, 2],
			"scale": [0.45, 0.45, 0.45]
		},
		"gui": {
			"rotation": [25, 135, 0],
			"translation": [1.75, 3.75, 0],
			"scale": [0.75, 0.75, 0.75]
		},
		"fixed": {
			"rotation": [0, 90, 0],
			"translation": [2.75, 3.25, 0]
		}
	},
	"groups": [
		0,
		1,
		2,
		3,
		4,
		{
			"name": "group",
			"origin": [10, 4, 4],
			"color": 0,
			"children": [5, 6]
		},
		{
			"name": "group",
			"origin": [10, 4, 4],
			"color": 0,
			"children": [7, 8]
		},
		9,
		10,
		11,
		12,
		13,
		14
	]
}