{
	"credit": "Made with Blockbench",
	"textures": {
		"0": "item/custom/blunderbuss",
		"1": "item/custom/machine_gun",
		"2": "item/custom/revolver",
		"particle": "item/custom/blunderbuss"
	},
	"elements": [
		{
			"from": [7.5, 4, -0.75],
			"to": [8.5, 5, 4.25],
			"rotation": {"angle": 0, "axis": "y", "origin": [8, 3, -5]},
			"faces": {
				"north": {"uv": [6, 8, 7, 9], "texture": "#1"},
				"east": {"uv": [11, 2, 6, 3], "texture": "#1"},
				"west": {"uv": [6, 2, 11, 3], "texture": "#1"},
				"up": {"uv": [7, 8, 6, 3], "texture": "#1"},
				"down": {"uv": [5, 6, 4, 11], "texture": "#1"}
			}
		},
		{
			"from": [8, 5, -0.75],
			"to": [8, 6, 0.25],
			"rotation": {"angle": 0, "axis": "y", "origin": [7, 5, -1]},
			"faces": {
				"north": {"uv": [0, 0, 0, 1], "texture": "#1"},
				"east": {"uv": [9, 0, 10, 1], "texture": "#1"},
				"south": {"uv": [0, 0, 0, 1], "texture": "#1"},
				"west": {"uv": [10, 0, 9, 1], "texture": "#1"},
				"up": {"uv": [0, 0, 0, 1], "texture": "#1"},
				"down": {"uv": [0, 0, 0, 1], "texture": "#1"}
			}
		},
		{
			"from": [7.25, 2, 4.25],
			"to": [8.75, 5, 10.25],
			"rotation": {"angle": 0, "axis": "y", "origin": [7, 3, 4]},
			"faces": {
				"north": {"uv": [2, 3, 4, 6], "texture": "#2"},
				"east": {"uv": [6, 0, 0, 3], "texture": "#2"},
				"south": {"uv": [4, 3, 6, 6], "texture": "#2"},
				"west": {"uv": [0, 0, 6, 3], "texture": "#2"},
				"up": {"uv": [0, 3, 2, 9], "texture": "#2"},
				"down": {"uv": [6, 0, 8, 6], "texture": "#2"}
			}
		},
		{
			"from": [6.75, 2.5, 6.25],
			"to": [9.25, 4.5, 9.25],
			"rotation": {"angle": 0, "axis": "z", "origin": [7, 2.25, 6]},
			"faces": {
				"north": {"uv": [2, 6, 5, 8], "texture": "#2"},
				"east": {"uv": [8, 6, 5, 8], "texture": "#2"},
				"south": {"uv": [5, 6, 2, 8], "texture": "#2"},
				"west": {"uv": [5, 6, 8, 8], "texture": "#2"},
				"up": {"uv": [8, 0, 11, 3], "texture": "#2"},
				"down": {"uv": [8, 3, 11, 6], "texture": "#2"}
			}
		},
		{
			"from": [7, -1.65, 11],
			"to": [9, 2.35, 13],
			"rotation": {"angle": -22.5, "axis": "x", "origin": [7, -2, 11]},
			"faces": {
				"north": {"uv": [2, 8, 4, 12], "texture": "#2"},
				"east": {"uv": [2, 9, 0, 13], "texture": "#2"},
				"south": {"uv": [4, 8, 6, 12], "texture": "#2"},
				"west": {"uv": [0, 9, 2, 13], "texture": "#2"},
				"up": {"uv": [6, 10, 8, 12], "texture": "#2"},
				"down": {"uv": [6, 8, 8, 10], "texture": "#2"}
			}
		},
		{
			"from": [7.252, 2.352, 11.002],
			"to": [8.748, 4.748, 12.998],
			"rotation": {"angle": -22.5, "axis": "x", "origin": [7, -2, 11]},
			"faces": {
				"east": {"uv": [13, 0, 11, 3], "texture": "#2"},
				"south": {"uv": [13, 0, 15, 3], "texture": "#2"},
				"west": {"uv": [11, 0, 13, 3], "texture": "#2"}
			}
		},
		{
			"from": [8, 3.2, 9.8],
			"to": [8, 5.2, 10.8],
			"rotation": {"angle": 45, "axis": "x", "origin": [8, 3.45, 10.8]},
			"faces": {
				"north": {"uv": [0, 0, 0, 2], "rotation": 180, "texture": "#2"},
				"east": {"uv": [11, 3, 13, 4], "rotation": 270, "texture": "#2"},
				"south": {"uv": [0, 0, 0, 2], "texture": "#2"},
				"west": {"uv": [11, 3, 13, 4], "rotation": 270, "texture": "#2"},
				"up": {"uv": [0, 0, 0, 1], "texture": "#2"},
				"down": {"uv": [0, 0, 0, 1], "rotation": 180, "texture": "#2"}
			}
		},
		{
			"from": [8, 0, 6.25],
			"to": [8, 2, 10.25],
			"rotation": {"angle": 0, "axis": "y", "origin": [7, 1, 8]},
			"faces": {
				"east": {"uv": [13, 4, 9, 6], "texture": "#0"},
				"west": {"uv": [9, 4, 13, 6], "texture": "#0"}
			}
		}
	],
	"display": {
		"thirdperson_righthand": {
			"rotation": [0, -5, -10],
			"translation": [1, 7.25, -1.25],
			"scale": [1.25, 1.25, 1.25]
		},
		"thirdperson_lefthand": {
			"rotation": [0, -5, -10],
			"translation": [1, 7.25, -1.25],
			"scale": [1.25, 1.25, 1.25]
		},
		"firstperson_righthand": {
			"rotation": [1, -3, 10],
			"translation": [6.5, 8.25, -1.25],
			"scale": [1.25, 1.25, 1.25]
		},
		"firstperson_lefthand": {
			"rotation": [1, -3, 10],
			"translation": [6.5, 8.25, -1.25],
			"scale": [1.25, 1.25, 1.25]
		},
		"ground": {
			"rotation": [25, 0, 0],
			"translation": [0, 4, 1.5],
			"scale": [0.45, 0.45, 0.45]
		},
		"gui": {
			"rotation": [25, 135, 0],
			"translation": [1, 5, 0]
		},
		"fixed": {
			"rotation": [0, 90, 0],
			"translation": [0.25, 5, 0]
		}
	}
}