{
	"credit": "Made with Blockbench",
	"texture_size": [32, 32],
	"textures": {
		"0": "item/custom/stasis_rifle",
		"particle": "item/custom/stasis_rifle"
	},
	"elements": [
		{
			"from": [7.5, 3, -2],
			"to": [8.5, 4, 7],
			"rotation": {"angle": 0, "axis": "y", "origin": [6.5, 3, 0]},
			"faces": {
				"east": {"uv": [9, 3, 4.5, 3.5], "texture": "#0"},
				"west": {"uv": [4.5, 3, 9, 3.5], "texture": "#0"},
				"up": {"uv": [2, 9.5, 1.5, 5], "texture": "#0"},
				"down": {"uv": [5.5, 3.5, 5, 8], "texture": "#0"}
			}
		},
		{
			"from": [7.5, 5, -2],
			"to": [8.5, 6, 7],
			"rotation": {"angle": 0, "axis": "y", "origin": [6.5, 5, 0]},
			"faces": {
				"east": {"uv": [9.5, 0, 5, 0.5], "texture": "#0"},
				"west": {"uv": [5, 0, 9.5, 0.5], "texture": "#0"},
				"up": {"uv": [2.5, 10, 2, 5.5], "texture": "#0"},
				"down": {"uv": [3, 5.5, 2.5, 10], "texture": "#0"}
			}
		},
		{
			"from": [7.5, 3, -3],
			"to": [8.5, 6, -2],
			"rotation": {"angle": 0, "axis": "y", "origin": [6.5, 5, -7]},
			"faces": {
				"north": {"uv": [0, 6.5, 0.5, 8], "texture": "#0"},
				"east": {"uv": [6.5, 0.5, 6, 2], "texture": "#0"},
				"south": {"uv": [0.5, 6.5, 1, 8], "texture": "#0"},
				"west": {"uv": [6, 0.5, 6.5, 2], "texture": "#0"},
				"up": {"uv": [5.5, 1, 5, 0.5], "texture": "#0"},
				"down": {"uv": [7, 0.5, 6.5, 1], "texture": "#0"}
			}
		},
		{
			"from": [7.3, 2.8, -3.2],
			"to": [8.7, 6.2, -1.8],
			"rotation": {"angle": 0, "axis": "y", "origin": [6.5, 5, -7]},
			"faces": {
				"north": {"uv": [1, 7.5, 1.5, 9], "texture": "#0"},
				"up": {"uv": [0.5, 8.5, 0, 8], "texture": "#0"},
				"down": {"uv": [0.5, 8.5, 0, 9], "texture": "#0"}
			}
		},
		{
			"from": [8.7, 2.8, -3.2],
			"to": [7.3, 6.2, -1.8],
			"rotation": {"angle": 0, "axis": "y", "origin": [6.5, 5, -7]},
			"faces": {
				"north": {"uv": [1, 7.5, 1.5, 9], "texture": "#0"},
				"up": {"uv": [0.5, 8.5, 0, 8], "texture": "#0"},
				"down": {"uv": [0.5, 8.5, 0, 9], "texture": "#0"}
			}
		},
		{
			"from": [6.7, 3.95, 16.2],
			"to": [9.3, 6.55, 18.8],
			"rotation": {"angle": 0, "axis": "y", "origin": [6.5, 6.25, 11]},
			"faces": {
				"north": {"uv": [7, 0.5, 8.5, 2], "texture": "#0"},
				"east": {"uv": [3.5, 4, 2, 5.5], "texture": "#0"},
				"south": {"uv": [10, 1.5, 11.5, 3], "texture": "#0"},
				"west": {"uv": [2, 4, 3.5, 5.5], "texture": "#0"},
				"up": {"uv": [10, 2, 8.5, 0.5], "texture": "#0"},
				"down": {"uv": [11.5, 0, 10, 1.5], "texture": "#0"}
			}
		},
		{
			"from": [6.5, 3.75, 16],
			"to": [9.5, 6.75, 19],
			"rotation": {"angle": 0, "axis": "y", "origin": [6.5, 6.25, 11]},
			"faces": {
				"north": {"uv": [3.5, 0, 5, 1.5], "texture": "#0"},
				"south": {"uv": [4, 1.5, 5.5, 3], "texture": "#0"},
				"up": {"uv": [5, 5.5, 3.5, 4], "texture": "#0"},
				"down": {"uv": [1.5, 5, 0, 6.5], "texture": "#0"}
			}
		},
		{
			"from": [9.5, 3.75, 16],
			"to": [6.5, 6.75, 19],
			"rotation": {"angle": 0, "axis": "y", "origin": [6.5, 6.25, 11]},
			"faces": {
				"north": {"uv": [3.5, 0, 5, 1.5], "texture": "#0"},
				"south": {"uv": [4, 1.5, 5.5, 3], "texture": "#0"},
				"up": {"uv": [5, 5.5, 3.5, 4], "texture": "#0"},
				"down": {"uv": [1.5, 5, 0, 6.5], "texture": "#0"}
			}
		},
		{
			"from": [7, 3, 7],
			"to": [9, 6, 14],
			"rotation": {"angle": 0, "axis": "y", "origin": [6.5, 5, 2]},
			"faces": {
				"north": {"uv": [3, 5.5, 4, 7], "texture": "#0"},
				"east": {"uv": [3.5, 0, 0, 1.5], "texture": "#0"},
				"south": {"uv": [5.5, 3.5, 6.5, 5], "texture": "#0"},
				"west": {"uv": [0, 0, 3.5, 1.5], "texture": "#0"},
				"up": {"uv": [1, 5, 0, 1.5], "texture": "#0"},
				"down": {"uv": [2, 1.5, 1, 5], "texture": "#0"}
			}
		},
		{
			"from": [7.5, 3, 14],
			"to": [8.5, 6, 18],
			"rotation": {"angle": 0, "axis": "x", "origin": [6.5, 5, 9]},
			"faces": {
				"east": {"uv": [4, 1.5, 2, 3], "texture": "#0"},
				"west": {"uv": [2, 1.5, 4, 3], "texture": "#0"},
				"up": {"uv": [6, 7, 5.5, 5], "texture": "#0"},
				"down": {"uv": [6.5, 5, 6, 7], "texture": "#0"}
			}
		},
		{
			"from": [7.501, 9.251, 15.751],
			"to": [8.499, 11.499, 20.749],
			"rotation": {"angle": 45, "axis": "x", "origin": [6.5, 5, 9]},
			"faces": {
				"east": {"uv": [4.5, 3, 2, 4], "texture": "#0"},
				"south": {"uv": [1, 6.5, 1.5, 7.5], "texture": "#0"},
				"west": {"uv": [2, 3, 4.5, 4], "texture": "#0"},
				"up": {"uv": [4.5, 8, 4, 5.5], "texture": "#0"},
				"down": {"uv": [5, 5.5, 4.5, 8], "texture": "#0"}
			}
		},
		{
			"from": [7.5, 12, 14],
			"to": [8.5, 14, 16.25],
			"rotation": {"angle": 45, "axis": "x", "origin": [6.5, 5.25, 9]},
			"faces": {
				"north": {"uv": [6.5, 1.5, 7, 2.5], "texture": "#0"},
				"east": {"uv": [6.5, 2, 5.5, 3], "texture": "#0"},
				"south": {"uv": [6.5, 3.5, 7, 4.5], "texture": "#0"},
				"west": {"uv": [5.5, 2, 6.5, 3], "texture": "#0"},
				"up": {"uv": [7, 5.5, 6.5, 4.5], "texture": "#0"}
			}
		},
		{
			"from": [8, 1, 14],
			"to": [8, 3, 19],
			"rotation": {"angle": 0, "axis": "y", "origin": [0, 3, 0]},
			"faces": {
				"north": {"uv": [0, 0, 0, 1], "texture": "#0"},
				"east": {"uv": [9.5, 2, 7, 3], "texture": "#0"},
				"south": {"uv": [0, 0, 0, 1], "texture": "#0"},
				"west": {"uv": [7, 2, 9.5, 3], "texture": "#0"},
				"up": {"uv": [0, 0, 0, 2.5], "texture": "#0"},
				"down": {"uv": [0, 0, 0, 2.5], "texture": "#0"}
			}
		}
	],
	"display": {
		"thirdperson_righthand": {
			"rotation": [0, -5, -10],
			"translation": [2.5, 5.5, -6.75],
			"scale": [1.1, 1.1, 1.1]
		},
		"thirdperson_lefthand": {
			"rotation": [0, -5, -10],
			"translation": [2.5, 5.5, -6.75],
			"scale": [1.1, 1.1, 1.1]
		},
		"firstperson_righthand": {
			"rotation": [1, -3, 10],
			"translation": [6.5, 6.5, -1.25],
			"scale": [0.8, 0.8, 0.8]
		},
		"firstperson_lefthand": {
			"rotation": [1, -3, 10],
			"translation": [6.5, 6.5, -1.25],
			"scale": [0.8, 0.8, 0.8]
		},
		"ground": {
			"rotation": [25, 0, 0],
			"translation": [0, 4, 1.5],
			"scale": [0.45, 0.45, 0.45]
		},
		"gui": {
			"rotation": [25, 135, 0],
			"translation": [-0.5, 2.25, 0],
			"scale": [0.9, 0.9, 0.9]
		},
		"fixed": {
			"rotation": [0, 90, 0],
			"translation": [-0.75, 5, 0]
		}
	}
}