{
	"format_version": "1.21.6",
	"textures": {
		"1": "item/prop_items/airburst_missile"
	},
	"elements": [
		{
			"from": [7, 7, 5],
			"to": [9, 9, 16],
			"rotation": {"angle": 0, "axis": "y", "origin": [7, 7, 0]},
			"faces": {
				"north": {"uv": [4, 2, 6, 4], "texture": "#1"},
				"east": {"uv": [11, 0, 0, 2], "texture": "#1"},
				"south": {"uv": [4, 4, 6, 6], "texture": "#1"},
				"west": {"uv": [0, 0, 11, 2], "texture": "#1"},
				"up": {"uv": [2, 13, 0, 2], "texture": "#1"},
				"down": {"uv": [4, 2, 2, 13], "texture": "#1"}
			}
		},
		{
			"from": [6.85, 6.85, 14.85],
			"to": [9.15, 9.15, 16.15],
			"rotation": {"angle": 0, "axis": "y", "origin": [7, 7, 0]},
			"faces": {
				"east": {"uv": [6, 6, 7, 8], "texture": "#1"},
				"south": {"uv": [6, 2, 8, 4], "texture": "#1"},
				"west": {"uv": [6, 6, 7, 8], "texture": "#1"},
				"up": {"uv": [6, 9, 4, 8], "texture": "#1"},
				"down": {"uv": [6, 9, 4, 10], "texture": "#1"}
			}
		},
		{
			"from": [8, 9, 5],
			"to": [8, 11, 7],
			"rotation": {"angle": 0, "axis": "y", "origin": [8, 8, 5]},
			"faces": {
				"north": {"uv": [0, 0, 0, 2], "texture": "#1"},
				"east": {"uv": [6, 6, 4, 8], "texture": "#1"},
				"south": {"uv": [0, 0, 0, 2], "texture": "#1"},
				"west": {"uv": [4, 6, 6, 8], "texture": "#1"},
				"up": {"uv": [0, 0, 0, 2], "texture": "#1"},
				"down": {"uv": [0, 0, 0, 2], "texture": "#1"}
			}
		},
		{
			"from": [8, 9, 14],
			"to": [8, 11, 16],
			"rotation": {"angle": 0, "axis": "y", "origin": [8, 8, 5]},
			"faces": {
				"north": {"uv": [0, 0, 0, 2], "texture": "#1"},
				"east": {"uv": [8, 4, 6, 6], "texture": "#1"},
				"south": {"uv": [0, 0, 0, 2], "texture": "#1"},
				"west": {"uv": [6, 4, 8, 6], "texture": "#1"},
				"up": {"uv": [0, 0, 0, 2], "texture": "#1"},
				"down": {"uv": [0, 0, 0, 2], "texture": "#1"}
			}
		},
		{
			"from": [5, 8, 5],
			"to": [7, 8, 7],
			"rotation": {"angle": 0, "axis": "z", "origin": [8, 8, 5]},
			"faces": {
				"north": {"uv": [0, 0, 0, 2], "rotation": 90, "texture": "#1"},
				"east": {"uv": [0, 0, 0, 2], "rotation": 270, "texture": "#1"},
				"south": {"uv": [0, 0, 0, 2], "rotation": 270, "texture": "#1"},
				"west": {"uv": [0, 0, 0, 2], "rotation": 270, "texture": "#1"},
				"up": {"uv": [6, 6, 4, 8], "rotation": 270, "texture": "#1"},
				"down": {"uv": [4, 6, 6, 8], "rotation": 270, "texture": "#1"}
			}
		},
		{
			"from": [5, 8, 14],
			"to": [7, 8, 16],
			"rotation": {"angle": 0, "axis": "z", "origin": [8, 8, 5]},
			"faces": {
				"north": {"uv": [0, 0, 0, 2], "rotation": 90, "texture": "#1"},
				"east": {"uv": [0, 0, 0, 2], "rotation": 270, "texture": "#1"},
				"south": {"uv": [0, 0, 0, 2], "rotation": 270, "texture": "#1"},
				"west": {"uv": [0, 0, 0, 2], "rotation": 270, "texture": "#1"},
				"up": {"uv": [8, 4, 6, 6], "rotation": 270, "texture": "#1"},
				"down": {"uv": [6, 4, 8, 6], "rotation": 270, "texture": "#1"}
			}
		},
		{
			"from": [8, 5, 5],
			"to": [8, 7, 7],
			"rotation": {"angle": 0, "axis": "z", "origin": [8, 8, 5]},
			"faces": {
				"north": {"uv": [0, 0, 0, 2], "rotation": 180, "texture": "#1"},
				"east": {"uv": [4, 6, 6, 8], "rotation": 180, "texture": "#1"},
				"south": {"uv": [0, 0, 0, 2], "rotation": 180, "texture": "#1"},
				"west": {"uv": [6, 6, 4, 8], "rotation": 180, "texture": "#1"},
				"up": {"uv": [0, 0, 0, 2], "rotation": 180, "texture": "#1"},
				"down": {"uv": [0, 0, 0, 2], "rotation": 180, "texture": "#1"}
			}
		},
		{
			"from": [8, 5, 14],
			"to": [8, 7, 16],
			"rotation": {"angle": 0, "axis": "z", "origin": [8, 8, 5]},
			"faces": {
				"north": {"uv": [0, 0, 0, 2], "rotation": 180, "texture": "#1"},
				"east": {"uv": [6, 4, 8, 6], "rotation": 180, "texture": "#1"},
				"south": {"uv": [0, 0, 0, 2], "rotation": 180, "texture": "#1"},
				"west": {"uv": [8, 4, 6, 6], "rotation": 180, "texture": "#1"},
				"up": {"uv": [0, 0, 0, 2], "rotation": 180, "texture": "#1"},
				"down": {"uv": [0, 0, 0, 2], "rotation": 180, "texture": "#1"}
			}
		},
		{
			"from": [9, 8, 5],
			"to": [11, 8, 7],
			"rotation": {"angle": 0, "axis": "z", "origin": [8, 8, 5]},
			"faces": {
				"north": {"uv": [0, 0, 0, 2], "rotation": 270, "texture": "#1"},
				"east": {"uv": [0, 0, 0, 2], "rotation": 90, "texture": "#1"},
				"south": {"uv": [0, 0, 0, 2], "rotation": 90, "texture": "#1"},
				"west": {"uv": [0, 0, 0, 2], "rotation": 90, "texture": "#1"},
				"up": {"uv": [4, 6, 6, 8], "rotation": 90, "texture": "#1"},
				"down": {"uv": [6, 6, 4, 8], "rotation": 90, "texture": "#1"}
			}
		},
		{
			"from": [9, 8, 14],
			"to": [11, 8, 16],
			"rotation": {"angle": 0, "axis": "z", "origin": [8, 8, 5]},
			"faces": {
				"north": {"uv": [0, 0, 0, 2], "rotation": 270, "texture": "#1"},
				"east": {"uv": [0, 0, 0, 2], "rotation": 90, "texture": "#1"},
				"south": {"uv": [0, 0, 0, 2], "rotation": 90, "texture": "#1"},
				"west": {"uv": [0, 0, 0, 2], "rotation": 90, "texture": "#1"},
				"up": {"uv": [6, 4, 8, 6], "rotation": 90, "texture": "#1"},
				"down": {"uv": [8, 4, 6, 6], "rotation": 90, "texture": "#1"}
			}
		},
		{
			"from": [7, 7.25, 3],
			"to": [9, 9, 5],
			"rotation": {"angle": 45, "axis": "z", "origin": [8, 8.125, 0.25]},
			"faces": {
				"east": {"uv": [12, 10, 10, 12], "rotation": 270, "texture": "#1"},
				"west": {"uv": [11, 5, 13, 7], "texture": "#1"},
				"up": {"uv": [12, 12, 10, 10], "texture": "#1"},
				"down": {"uv": [13, 5, 11, 7], "rotation": 90, "texture": "#1"}
			}
		},
		{
			"from": [7, 7.25, -5],
			"to": [9, 9, -2],
			"rotation": {"angle": 45, "axis": "z", "origin": [8, 8.125, 0.25]},
			"faces": {
				"north": {"uv": [10, 12, 12, 14], "texture": "#1"},
				"east": {"uv": [11, 5, 13, 2], "rotation": 90, "texture": "#1"},
				"west": {"uv": [11, 0, 14, 2], "texture": "#1"},
				"up": {"uv": [13, 5, 11, 2], "texture": "#1"},
				"down": {"uv": [14, 0, 11, 2], "rotation": 90, "texture": "#1"}
			}
		},
		{
			"from": [7.5, 8.125, -6],
			"to": [8.5, 8.125, -5],
			"rotation": {"angle": 45, "axis": "z", "origin": [8, 8.125, -5.5]},
			"faces": {
				"north": {"uv": [14, 3, 13, 2], "texture": "#1"},
				"east": {"uv": [14, 3, 13, 2], "texture": "#1"},
				"south": {"uv": [14, 3, 13, 2], "texture": "#1"},
				"west": {"uv": [14, 3, 13, 2], "texture": "#1"},
				"up": {"uv": [14, 3, 13, 2], "texture": "#1"},
				"down": {"uv": [14, 3, 13, 2], "texture": "#1"}
			}
		},
		{
			"from": [8, 7.625, -6],
			"to": [8, 8.625, -5],
			"rotation": {"angle": 45, "axis": "z", "origin": [8, 8.125, -5.5]},
			"faces": {
				"north": {"uv": [14, 3, 13, 2], "texture": "#1"},
				"east": {"uv": [14, 3, 13, 2], "texture": "#1"},
				"south": {"uv": [14, 3, 13, 2], "texture": "#1"},
				"west": {"uv": [14, 3, 13, 2], "texture": "#1"},
				"up": {"uv": [14, 3, 13, 2], "texture": "#1"},
				"down": {"uv": [14, 3, 13, 2], "texture": "#1"}
			}
		},
		{
			"from": [6.5, 6.75, -2],
			"to": [9.5, 9.5, 3],
			"rotation": {"angle": 45, "axis": "z", "origin": [8, 8.125, 0.25]},
			"faces": {
				"north": {"uv": [4, 10, 7, 13], "texture": "#1"},
				"east": {"uv": [8, 7, 11, 2], "rotation": 90, "texture": "#1"},
				"south": {"uv": [7, 10, 10, 13], "texture": "#1"},
				"west": {"uv": [7, 7, 12, 10], "texture": "#1"},
				"up": {"uv": [11, 7, 8, 2], "texture": "#1"},
				"down": {"uv": [12, 7, 7, 10], "rotation": 90, "texture": "#1"}
			}
		}
	],
	"groups": [
		0,
		1,
		{
			"name": "group",
			"origin": [8, 8, 5],
			"color": 0,
			"children": [2, 3]
		},
		{
			"name": "group",
			"origin": [8, 8, 5],
			"color": 0,
			"children": [4, 5]
		},
		{
			"name": "group",
			"origin": [8, 8, 5],
			"color": 0,
			"children": [6, 7]
		},
		{
			"name": "group",
			"origin": [8, 8, 5],
			"color": 0,
			"children": [8, 9]
		},
		{
			"name": "group",
			"origin": [8, 8, 5],
			"color": 0,
			"children": []
		},
		{
			"name": "group",
			"origin": [8, 8, 5],
			"color": 0,
			"children": []
		},
		{
			"name": "group",
			"origin": [8, 8, 5],
			"color": 0,
			"children": []
		},
		10,
		11,
		12,
		13,
		14
	]
}