{
	"credit": "Made with Blockbench",
	"textures": {
		"0": "item/prop_items/explosive_lit",
		"particle": "item/prop_items/explosive_lit"
	},
	"elements": [
		{
			"from": [4, 0, 3],
			"to": [12, 3, 13],
			"rotation": {"angle": 0, "axis": "y", "origin": [7, 0, 7]},
			"faces": {
				"north": {"uv": [10, 8, 13, 16], "rotation": 90, "texture": "#0"},
				"east": {"uv": [10, 10, 0, 13], "texture": "#0"},
				"south": {"uv": [0, 13, 8, 16], "texture": "#0"},
				"west": {"uv": [0, 10, 10, 13], "texture": "#0"},
				"up": {"uv": [0, 0, 8, 10], "texture": "#0"},
				"down": {"uv": [10, 12, 0, 13], "rotation": 90, "texture": "#0"}
			}
		},
		{
			"from": [6, 0, 2],
			"to": [10, 3, 3],
			"rotation": {"angle": 0, "axis": "y", "origin": [7, 0, 1]},
			"faces": {
				"north": {"uv": [12, 0, 16, 3], "texture": "#0"},
				"east": {"uv": [11, 0, 12, 3], "texture": "#0"},
				"south": {"uv": [12, 0, 16, 3], "texture": "#0"},
				"west": {"uv": [8, 3, 9, 6], "texture": "#0"},
				"up": {"uv": [12, 3, 16, 4], "texture": "#0"},
				"down": {"uv": [12, 3, 16, 4], "texture": "#0"}
			}
		},
		{
			"from": [6.495, 2.995, 7.495],
			"to": [9.505, 3.005, 10.505],
			"rotation": {"angle": 0, "axis": "y", "origin": [6.5, 3, 7.5]},
			"faces": {
				"north": {"uv": [8, 0, 11, 0], "texture": "#0"},
				"east": {"uv": [8, 0, 12, 0], "texture": "#0"},
				"south": {"uv": [8, 0, 11, 0], "texture": "#0"},
				"west": {"uv": [8, 0, 12, 0], "texture": "#0"},
				"up": {"uv": [8, 0, 11, 3], "texture": "#0"},
				"down": {"uv": [8, 0, 11, 3], "texture": "#0"}
			}
		},
		{
			"from": [3, 0, 6],
			"to": [4, 2, 8],
			"rotation": {"angle": 0, "axis": "y", "origin": [2, 0, 6]},
			"faces": {
				"north": {"uv": [3, 11, 4, 13], "texture": "#0"},
				"east": {"uv": [3, 11, 5, 13], "texture": "#0"},
				"south": {"uv": [4, 11, 5, 13], "texture": "#0"},
				"west": {"uv": [3, 11, 5, 13], "texture": "#0"},
				"up": {"uv": [3, 11, 5, 12], "rotation": 90, "texture": "#0"},
				"down": {"uv": [3, 12, 5, 13], "rotation": 90, "texture": "#0"}
			}
		},
		{
			"from": [12, 0, 6],
			"to": [13, 2, 8],
			"rotation": {"angle": 0, "axis": "y", "origin": [14, 0, 6]},
			"faces": {
				"north": {"uv": [4, 11, 3, 13], "texture": "#0"},
				"east": {"uv": [5, 11, 3, 13], "texture": "#0"},
				"south": {"uv": [5, 11, 4, 13], "texture": "#0"},
				"west": {"uv": [5, 11, 3, 13], "texture": "#0"},
				"up": {"uv": [3, 12, 5, 11], "rotation": 90, "texture": "#0"},
				"down": {"uv": [3, 13, 5, 12], "rotation": 90, "texture": "#0"}
			}
		},
		{
			"from": [11.995, 1.995, 5.995],
			"to": [12.005, 10.005, 7.005],
			"rotation": {"angle": 22.5, "axis": "x", "origin": [12, 2, 6]},
			"faces": {
				"north": {"uv": [13, 8, 13, 16], "texture": "#0"},
				"east": {"uv": [13, 8, 14, 16], "texture": "#0"},
				"south": {"uv": [13, 8, 13, 16], "texture": "#0"},
				"west": {"uv": [13, 8, 14, 16], "texture": "#0"},
				"up": {"uv": [0, 0, 0, 1], "texture": "#0"},
				"down": {"uv": [0, 0, 0, 1], "texture": "#0"}
			}
		}
	],
	"display": {
		"thirdperson_righthand": {
			"rotation": [45, 45, 0],
			"translation": [0, 2.5, 1.25],
			"scale": [0.5, 0.5, 0.5]
		},
		"thirdperson_lefthand": {
			"rotation": [45, 45, 0],
			"translation": [0, 2.5, 1.25],
			"scale": [0.5, 0.5, 0.5]
		},
		"firstperson_righthand": {
			"rotation": [15, 45, 0],
			"translation": [0.5, 6.25, 1.25],
			"scale": [0.85, 0.85, 0.85]
		},
		"firstperson_lefthand": {
			"rotation": [15, 45, 0],
			"translation": [0.5, 6.25, 1.25],
			"scale": [0.85, 0.85, 0.85]
		},
		"ground": {
			"translation": [0, 4, 0],
			"scale": [0.35, 0.35, 0.35]
		},
		"gui": {
			"rotation": [35, 135, 0],
			"translation": [0, 3.5, 0]
		},
		"head": {
			"translation": [0, 5.5, 0],
			"scale": [1.5, 1.5, 1.5]
		}
	}
}