{
	"format_version": "1.9.0",
	"texture_size": [32, 32],
	"textures": {
		"0": "item/prop_items/fuel_cell_empty",
		"particle": "item/prop_items/fuel_cell_empty"
	},
	"elements": [
		{
			"from": [3, 0, 3],
			"to": [13, 2, 13],
			"faces": {
				"north": {"uv": [5, 5, 10, 6], "texture": "#0"},
				"east": {"uv": [5, 5, 10, 6], "texture": "#0"},
				"south": {"uv": [5, 5, 10, 6], "texture": "#0"},
				"west": {"uv": [5, 5, 10, 6], "texture": "#0"},
				"up": {"uv": [5, 5, 0, 0], "texture": "#0"},
				"down": {"uv": [5, 5, 0, 10], "texture": "#0"}
			}
		},
		{
			"from": [3, 12, 3],
			"to": [13, 14, 13],
			"rotation": {"angle": 0, "axis": "y", "origin": [0, 16, 0]},
			"faces": {
				"north": {"uv": [5, 6, 10, 5], "texture": "#0"},
				"east": {"uv": [5, 6, 10, 5], "texture": "#0"},
				"south": {"uv": [5, 6, 10, 5], "texture": "#0"},
				"west": {"uv": [5, 6, 10, 5], "texture": "#0"},
				"up": {"uv": [5, 10, 0, 5], "texture": "#0"},
				"down": {"uv": [5, 0, 0, 5], "texture": "#0"}
			}
		},
		{
			"from": [5, 14, 8],
			"to": [11, 17, 8],
			"faces": {
				"north": {"uv": [5, 6, 8, 7.5], "texture": "#0"},
				"east": {"uv": [0, 0, 0, 1.5], "texture": "#0"},
				"south": {"uv": [8, 6, 5, 7.5], "texture": "#0"},
				"west": {"uv": [0, 0, 0, 1.5], "texture": "#0"},
				"up": {"uv": [3, 0, 0, 0], "texture": "#0"},
				"down": {"uv": [3, 0, 0, 0], "texture": "#0"}
			}
		},
		{
			"from": [4, 2, 4],
			"to": [12, 12, 12],
			"faces": {
				"north": {"uv": [5, 0, 9, 5], "texture": "#0"},
				"east": {"uv": [5, 0, 9, 5], "texture": "#0"},
				"south": {"uv": [5, 0, 9, 5], "texture": "#0"},
				"west": {"uv": [5, 0, 9, 5], "texture": "#0"}
			}
		}
	],
	"display": {
		"thirdperson_righthand": {
			"rotation": [69, 45, 0],
			"translation": [0, -3.75, -4.5],
			"scale": [0.65, 0.65, 0.65]
		},
		"thirdperson_lefthand": {
			"rotation": [69, 45, 0],
			"translation": [0, -3.75, -4.5],
			"scale": [0.65, 0.65, 0.65]
		},
		"firstperson_righthand": {
			"rotation": [10, 35, -5],
			"translation": [0, 3, 0],
			"scale": [0.75, 0.75, 0.75]
		},
		"firstperson_lefthand": {
			"rotation": [10, 35, -5],
			"translation": [0, 3, 0],
			"scale": [0.75, 0.75, 0.75]
		},
		"ground": {
			"translation": [0, 4, 0],
			"scale": [0.3, 0.3, 0.3]
		},
		"gui": {
			"rotation": [30, 45, 0],
			"translation": [0, 0.5, 0],
			"scale": [0.8, 0.8, 0.8]
		}
	}
}