{
	"format_version": "1.21.6",
	"textures": {
		"0": "item/prop_items/laser",
		"particle": "item/prop_items/laser"
	},
	"elements": [
		{
			"from": [7.5, 7.5, -6.75],
			"to": [8.5, 8.5, 23.75],
			"faces": {
				"north": {"uv": [0, 0, 2, 2], "texture": "#0", "tintindex": 0},
				"east": {"uv": [0, 0, 2, 2], "texture": "#0", "tintindex": 0},
				"south": {"uv": [0, 0, 2, 2], "texture": "#0", "tintindex": 0},
				"west": {"uv": [0, 0, 2, 2], "texture": "#0", "tintindex": 0},
				"up": {"uv": [0, 0, 2, 2], "texture": "#0", "tintindex": 0},
				"down": {"uv": [0, 0, 2, 2], "texture": "#0", "tintindex": 0}
			}
		},
		{
			"from": [9, 9, 24.5],
			"to": [7, 7, -7.5],
			"faces": {
				"north": {"uv": [2, 0, 4, 2], "rotation": 180, "texture": "#0", "tintindex": 1},
				"east": {"uv": [2, 0, 4, 2], "rotation": 180, "texture": "#0", "tintindex": 1},
				"south": {"uv": [2, 0, 4, 2], "rotation": 180, "texture": "#0", "tintindex": 1},
				"west": {"uv": [2, 0, 4, 2], "rotation": 180, "texture": "#0", "tintindex": 1},
				"up": {"uv": [2, 0, 4, 2], "rotation": 180, "texture": "#0", "tintindex": 1},
				"down": {"uv": [2, 0, 4, 2], "rotation": 180, "texture": "#0", "tintindex": 1}
			}
		}
	]
}