{
	"format_version": "1.21.6",
	"textures": {
		"2": "item/prop_items/marshmallow_stick_1",
		"3": "item/prop_items/marshmallow_stick_2",
		"particle": "item/prop_items/marshmallow_stick_1"
	},
	"elements": [
		{
			"name": "marshmallow_stick_1_0",
			"from": [7.5, 14, 0],
			"to": [8.5, 16, 2],
			"rotation": {"angle": 0, "axis": "y", "origin": [7.5, 0, 16]},
			"faces": {
				"north": {"uv": [15, 0, 16, 2], "texture": "#2"},
				"east": {"uv": [14, 0, 16, 2], "texture": "#2"},
				"south": {"uv": [14, 0, 15, 2], "texture": "#2"},
				"west": {"uv": [16, 0, 14, 2], "texture": "#2"},
				"up": {"uv": [14, 0, 16, 1], "rotation": 270, "texture": "#2"},
				"down": {"uv": [14, 1, 16, 2], "rotation": 90, "texture": "#2"}
			}
		},
		{
			"name": "marshmallow_stick_1_1",
			"from": [7.5, 7, 7],
			"to": [8.5, 9, 9],
			"rotation": {"angle": 0, "axis": "y", "origin": [7.5, 0, 16]},
			"faces": {
				"north": {"uv": [8, 7, 9, 9], "texture": "#2"},
				"east": {"uv": [7, 7, 9, 9], "texture": "#2"},
				"south": {"uv": [7, 7, 8, 9], "texture": "#2"},
				"west": {"uv": [9, 7, 7, 9], "texture": "#2"},
				"up": {"uv": [7, 7, 9, 8], "rotation": 270, "texture": "#2"},
				"down": {"uv": [7, 8, 9, 9], "rotation": 90, "texture": "#2"}
			}
		},
		{
			"name": "marshmallow_stick_1_2",
			"from": [7.5, 5, 9],
			"to": [8.5, 8, 10],
			"rotation": {"angle": 0, "axis": "y", "origin": [7.5, 0, 16]},
			"faces": {
				"north": {"uv": [6, 8, 7, 11], "texture": "#2"},
				"east": {"uv": [6, 8, 7, 11], "texture": "#2"},
				"south": {"uv": [6, 8, 7, 11], "texture": "#2"},
				"west": {"uv": [7, 8, 6, 11], "texture": "#2"},
				"up": {"uv": [6, 8, 7, 9], "rotation": 270, "texture": "#2"},
				"down": {"uv": [6, 10, 7, 11], "rotation": 90, "texture": "#2"}
			}
		},
		{
			"name": "marshmallow_stick_1_3",
			"from": [7.5, 4, 10],
			"to": [8.5, 7, 11],
			"rotation": {"angle": 0, "axis": "y", "origin": [7.5, 0, 16]},
			"faces": {
				"north": {"uv": [5, 9, 6, 12], "texture": "#2"},
				"east": {"uv": [5, 9, 6, 12], "texture": "#2"},
				"south": {"uv": [5, 9, 6, 12], "texture": "#2"},
				"west": {"uv": [6, 9, 5, 12], "texture": "#2"},
				"up": {"uv": [5, 9, 6, 10], "rotation": 270, "texture": "#2"},
				"down": {"uv": [5, 11, 6, 12], "rotation": 90, "texture": "#2"}
			}
		},
		{
			"name": "marshmallow_stick_1_4",
			"from": [7.5, 6, 8],
			"to": [8.5, 7, 9],
			"rotation": {"angle": 0, "axis": "y", "origin": [7.5, 0, 16]},
			"faces": {
				"north": {"uv": [7, 9, 8, 10], "texture": "#2"},
				"east": {"uv": [7, 9, 8, 10], "texture": "#2"},
				"south": {"uv": [7, 9, 8, 10], "texture": "#2"},
				"west": {"uv": [8, 9, 7, 10], "texture": "#2"},
				"up": {"uv": [7, 9, 8, 10], "rotation": 270, "texture": "#2"},
				"down": {"uv": [7, 9, 8, 10], "rotation": 90, "texture": "#2"}
			}
		},
		{
			"name": "marshmallow_stick_1_5",
			"from": [7.5, 3, 11],
			"to": [8.5, 6, 12],
			"rotation": {"angle": 0, "axis": "y", "origin": [7.5, 0, 16]},
			"faces": {
				"north": {"uv": [4, 10, 5, 13], "texture": "#2"},
				"east": {"uv": [4, 10, 5, 13], "texture": "#2"},
				"south": {"uv": [4, 10, 5, 13], "texture": "#2"},
				"west": {"uv": [5, 10, 4, 13], "texture": "#2"},
				"up": {"uv": [4, 10, 5, 11], "rotation": 270, "texture": "#2"},
				"down": {"uv": [4, 12, 5, 13], "rotation": 90, "texture": "#2"}
			}
		},
		{
			"name": "marshmallow_stick_1_6",
			"from": [7.5, 2, 12],
			"to": [8.5, 5, 13],
			"rotation": {"angle": 0, "axis": "y", "origin": [7.5, 0, 16]},
			"faces": {
				"north": {"uv": [3, 11, 4, 14], "texture": "#2"},
				"east": {"uv": [3, 11, 4, 14], "texture": "#2"},
				"south": {"uv": [3, 11, 4, 14], "texture": "#2"},
				"west": {"uv": [4, 11, 3, 14], "texture": "#2"},
				"up": {"uv": [3, 11, 4, 12], "rotation": 270, "texture": "#2"},
				"down": {"uv": [3, 13, 4, 14], "rotation": 90, "texture": "#2"}
			}
		},
		{
			"name": "marshmallow_stick_1_7",
			"from": [7.5, 1, 13],
			"to": [8.5, 4, 14],
			"rotation": {"angle": 0, "axis": "y", "origin": [7.5, 0, 16]},
			"faces": {
				"north": {"uv": [2, 12, 3, 15], "texture": "#2"},
				"east": {"uv": [2, 12, 3, 15], "texture": "#2"},
				"south": {"uv": [2, 12, 3, 15], "texture": "#2"},
				"west": {"uv": [3, 12, 2, 15], "texture": "#2"},
				"up": {"uv": [2, 12, 3, 13], "rotation": 270, "texture": "#2"},
				"down": {"uv": [2, 14, 3, 15], "rotation": 90, "texture": "#2"}
			}
		},
		{
			"name": "marshmallow_stick_1_8",
			"from": [7.5, 0, 14],
			"to": [8.5, 3, 15],
			"rotation": {"angle": 0, "axis": "y", "origin": [7.5, 0, 16]},
			"faces": {
				"north": {"uv": [1, 13, 2, 16], "texture": "#2"},
				"east": {"uv": [1, 13, 2, 16], "texture": "#2"},
				"south": {"uv": [1, 13, 2, 16], "texture": "#2"},
				"west": {"uv": [2, 13, 1, 16], "texture": "#2"},
				"up": {"uv": [1, 13, 2, 14], "rotation": 270, "texture": "#2"},
				"down": {"uv": [1, 15, 2, 16], "rotation": 90, "texture": "#2"}
			}
		},
		{
			"name": "marshmallow_stick_1_9",
			"from": [7.5, 0, 15],
			"to": [8.5, 2, 16],
			"rotation": {"angle": 0, "axis": "y", "origin": [7.5, 0, 16]},
			"faces": {
				"north": {"uv": [0, 14, 1, 16], "texture": "#2"},
				"east": {"uv": [0, 14, 1, 16], "texture": "#2"},
				"south": {"uv": [0, 14, 1, 16], "texture": "#2"},
				"west": {"uv": [1, 14, 0, 16], "texture": "#2"},
				"up": {"uv": [0, 14, 1, 15], "rotation": 270, "texture": "#2"},
				"down": {"uv": [0, 15, 1, 16], "rotation": 90, "texture": "#2"}
			}
		},
		{
			"name": "marshmallow_stick_2_0",
			"from": [7.5, 8, 3],
			"to": [8.5, 16, 5],
			"rotation": {"angle": 0, "axis": "y", "origin": [7.5, 0, 16]},
			"faces": {
				"north": {"uv": [12, 0, 13, 8], "texture": "#3", "tintindex": 0},
				"east": {"uv": [11, 0, 13, 8], "texture": "#3", "tintindex": 0},
				"south": {"uv": [11, 0, 12, 8], "texture": "#3", "tintindex": 0},
				"west": {"uv": [13, 0, 11, 8], "texture": "#3", "tintindex": 0},
				"up": {"uv": [11, 0, 13, 1], "rotation": 270, "texture": "#3", "tintindex": 0},
				"down": {"uv": [11, 7, 13, 8], "rotation": 90, "texture": "#3", "tintindex": 0}
			}
		},
		{
			"name": "marshmallow_stick_2_1",
			"from": [7.5, 7, 5],
			"to": [8.5, 15, 6],
			"rotation": {"angle": 0, "axis": "y", "origin": [7.5, 0, 16]},
			"faces": {
				"north": {"uv": [10, 1, 11, 9], "texture": "#3", "tintindex": 0},
				"east": {"uv": [10, 1, 11, 9], "texture": "#3", "tintindex": 0},
				"south": {"uv": [10, 1, 11, 9], "texture": "#3", "tintindex": 0},
				"west": {"uv": [11, 1, 10, 9], "texture": "#3", "tintindex": 0},
				"up": {"uv": [10, 1, 11, 2], "rotation": 270, "texture": "#3", "tintindex": 0},
				"down": {"uv": [10, 8, 11, 9], "rotation": 90, "texture": "#3", "tintindex": 0}
			}
		},
		{
			"name": "marshmallow_stick_2_2",
			"from": [7.5, 9, 2],
			"to": [8.5, 15, 3],
			"rotation": {"angle": 0, "axis": "y", "origin": [7.5, 0, 16]},
			"faces": {
				"north": {"uv": [13, 1, 14, 7], "texture": "#3", "tintindex": 0},
				"east": {"uv": [13, 1, 14, 7], "texture": "#3", "tintindex": 0},
				"south": {"uv": [13, 1, 14, 7], "texture": "#3", "tintindex": 0},
				"west": {"uv": [14, 1, 13, 7], "texture": "#3", "tintindex": 0},
				"up": {"uv": [13, 1, 14, 2], "rotation": 270, "texture": "#3", "tintindex": 0},
				"down": {"uv": [13, 6, 14, 7], "rotation": 90, "texture": "#3", "tintindex": 0}
			}
		},
		{
			"name": "marshmallow_stick_2_3",
			"from": [7.5, 8, 6],
			"to": [8.5, 14, 7],
			"rotation": {"angle": 0, "axis": "y", "origin": [7.5, 0, 16]},
			"faces": {
				"north": {"uv": [9, 2, 10, 8], "texture": "#3", "tintindex": 0},
				"east": {"uv": [9, 2, 10, 8], "texture": "#3", "tintindex": 0},
				"south": {"uv": [9, 2, 10, 8], "texture": "#3", "tintindex": 0},
				"west": {"uv": [10, 2, 9, 8], "texture": "#3", "tintindex": 0},
				"up": {"uv": [9, 2, 10, 3], "rotation": 270, "texture": "#3", "tintindex": 0},
				"down": {"uv": [9, 7, 10, 8], "rotation": 90, "texture": "#3", "tintindex": 0}
			}
		},
		{
			"name": "marshmallow_stick_2_4",
			"from": [7.5, 10, 1],
			"to": [8.5, 14, 2],
			"rotation": {"angle": 0, "axis": "y", "origin": [7.5, 0, 16]},
			"faces": {
				"north": {"uv": [14, 2, 15, 6], "texture": "#3", "tintindex": 0},
				"east": {"uv": [14, 2, 15, 6], "texture": "#3", "tintindex": 0},
				"south": {"uv": [14, 2, 15, 6], "texture": "#3", "tintindex": 0},
				"west": {"uv": [15, 2, 14, 6], "texture": "#3", "tintindex": 0},
				"up": {"uv": [14, 2, 15, 3], "rotation": 270, "texture": "#3", "tintindex": 0},
				"down": {"uv": [14, 5, 15, 6], "rotation": 90, "texture": "#3", "tintindex": 0}
			}
		},
		{
			"name": "marshmallow_stick_2_5",
			"from": [7.5, 9, 7],
			"to": [8.5, 13, 8],
			"rotation": {"angle": 0, "axis": "y", "origin": [7.5, 0, 16]},
			"faces": {
				"north": {"uv": [8, 3, 9, 7], "texture": "#3", "tintindex": 0},
				"east": {"uv": [8, 3, 9, 7], "texture": "#3", "tintindex": 0},
				"south": {"uv": [8, 3, 9, 7], "texture": "#3", "tintindex": 0},
				"west": {"uv": [9, 3, 8, 7], "texture": "#3", "tintindex": 0},
				"up": {"uv": [8, 3, 9, 4], "rotation": 270, "texture": "#3", "tintindex": 0},
				"down": {"uv": [8, 6, 9, 7], "rotation": 90, "texture": "#3", "tintindex": 0}
			}
		},
		{
			"name": "marshmallow_stick_2_6",
			"from": [7.5, 11, 0],
			"to": [8.5, 13, 1],
			"rotation": {"angle": 0, "axis": "y", "origin": [7.5, 0, 16]},
			"faces": {
				"north": {"uv": [15, 3, 16, 5], "texture": "#3", "tintindex": 0},
				"east": {"uv": [15, 3, 16, 5], "texture": "#3", "tintindex": 0},
				"south": {"uv": [15, 3, 16, 5], "texture": "#3", "tintindex": 0},
				"west": {"uv": [16, 3, 15, 5], "texture": "#3", "tintindex": 0},
				"up": {"uv": [15, 3, 16, 4], "rotation": 270, "texture": "#3", "tintindex": 0},
				"down": {"uv": [15, 4, 16, 5], "rotation": 90, "texture": "#3", "tintindex": 0}
			}
		},
		{
			"name": "marshmallow_stick_2_7",
			"from": [7.5, 10, 8],
			"to": [8.5, 12, 9],
			"rotation": {"angle": 0, "axis": "y", "origin": [7.5, 0, 16]},
			"faces": {
				"north": {"uv": [7, 4, 8, 6], "texture": "#3", "tintindex": 0},
				"east": {"uv": [7, 4, 8, 6], "texture": "#3", "tintindex": 0},
				"south": {"uv": [7, 4, 8, 6], "texture": "#3", "tintindex": 0},
				"west": {"uv": [8, 4, 7, 6], "texture": "#3", "tintindex": 0},
				"up": {"uv": [7, 4, 8, 5], "rotation": 270, "texture": "#3", "tintindex": 0},
				"down": {"uv": [7, 5, 8, 6], "rotation": 90, "texture": "#3", "tintindex": 0}
			}
		},
		{
			"name": "marshmallow_stick_2_8",
			"from": [7.5, 7, 4],
			"to": [8.5, 8, 5],
			"rotation": {"angle": 0, "axis": "y", "origin": [7.5, 0, 16]},
			"faces": {
				"north": {"uv": [11, 8, 12, 9], "texture": "#3", "tintindex": 0},
				"east": {"uv": [11, 8, 12, 9], "texture": "#3", "tintindex": 0},
				"south": {"uv": [11, 8, 12, 9], "texture": "#3", "tintindex": 0},
				"west": {"uv": [12, 8, 11, 9], "texture": "#3", "tintindex": 0},
				"up": {"uv": [11, 8, 12, 9], "rotation": 270, "texture": "#3", "tintindex": 0},
				"down": {"uv": [11, 8, 12, 9], "rotation": 90, "texture": "#3", "tintindex": 0}
			}
		}
	],
	"gui_light": "front",
	"display": {
		"thirdperson_righthand": {
			"rotation": [40, 5, 0],
			"translation": [-0.25, 5.75, 1.25]
		},
		"thirdperson_lefthand": {
			"rotation": [40, 5, 0],
			"translation": [-0.25, 5.75, 1.25]
		},
		"firstperson_righthand": {
			"rotation": [15, 0, 0],
			"translation": [5, 1.75, -3]
		},
		"firstperson_lefthand": {
			"rotation": [15, 0, 0],
			"translation": [5, 1.75, -3]
		},
		"ground": {
			"rotation": [90, 0, 0],
			"translation": [0, 2, 0],
			"scale": [0.5, 0.5, 0.5]
		},
		"gui": {
			"rotation": [0, -90, 0]
		},
		"head": {
			"rotation": [0, 90, 0],
			"translation": [0, 13, 7]
		},
		"fixed": {
			"rotation": [0, -90, 0]
		}
	},
	"groups": [
		{
			"name": "marshmallow_stick_1",
			"origin": [8, 8, 8],
			"color": 0,
			"children": [0, 1, 2, 3, 4, 5, 6, 7, 8, 9]
		},
		{
			"name": "marshmallow_stick_2",
			"origin": [8, 8, 8],
			"color": 0,
			"children": [10, 11, 12, 13, 14, 15, 16, 17, 18]
		}
	]
}