{
	"format_version": "1.21.6",
	"texture_size": [32, 32],
	"textures": {
		"0": "item/prop_items/missile",
		"particle": "item/prop_items/missile"
	},
	"elements": [
		{
			"from": [7, 7, 0],
			"to": [9, 9, 16],
			"rotation": {"angle": 0, "axis": "y", "origin": [7, 7, 0]},
			"faces": {
				"north": {"uv": [2, 1, 3, 2], "texture": "#0"},
				"east": {"uv": [8, 0, 0, 1], "texture": "#0"},
				"south": {"uv": [2, 2, 3, 3], "texture": "#0"},
				"west": {"uv": [0, 0, 8, 1], "texture": "#0"},
				"up": {"uv": [1, 9, 0, 1], "texture": "#0"},
				"down": {"uv": [2, 1, 1, 9], "texture": "#0"}
			}
		},
		{
			"from": [6.85, 6.85, 14.85],
			"to": [9.15, 9.15, 16.15],
			"rotation": {"angle": 0, "axis": "y", "origin": [7, 7, 0]},
			"faces": {
				"east": {"uv": [3, 3, 3.5, 4], "texture": "#0"},
				"south": {"uv": [3, 2, 4, 3], "texture": "#0"},
				"west": {"uv": [3, 3, 3.5, 4], "texture": "#0"},
				"up": {"uv": [4.5, 3.5, 3.5, 3], "texture": "#0"},
				"down": {"uv": [4.5, 3.5, 3.5, 4], "texture": "#0"}
			}
		},
		{
			"from": [8, 9, 5],
			"to": [8, 11, 7],
			"rotation": {"angle": 0, "axis": "y", "origin": [8, 8, 5]},
			"faces": {
				"north": {"uv": [0, 0, 0, 1], "texture": "#0"},
				"east": {"uv": [4, 1, 3, 2], "texture": "#0"},
				"south": {"uv": [0, 0, 0, 1], "texture": "#0"},
				"west": {"uv": [3, 1, 4, 2], "texture": "#0"},
				"up": {"uv": [0, 1, 0, 0], "texture": "#0"},
				"down": {"uv": [0, 0, 0, 1], "texture": "#0"}
			}
		},
		{
			"from": [8, 9, 14],
			"to": [8, 11, 16],
			"rotation": {"angle": 0, "axis": "y", "origin": [8, 8, 5]},
			"faces": {
				"north": {"uv": [0, 0, 0, 1], "texture": "#0"},
				"east": {"uv": [3, 3, 2, 4], "texture": "#0"},
				"south": {"uv": [0, 0, 0, 1], "texture": "#0"},
				"west": {"uv": [2, 3, 3, 4], "texture": "#0"},
				"up": {"uv": [0, 1, 0, 0], "texture": "#0"},
				"down": {"uv": [0, 0, 0, 1], "texture": "#0"}
			}
		},
		{
			"from": [5, 8, 5],
			"to": [7, 8, 7],
			"rotation": {"angle": 0, "axis": "z", "origin": [8, 8, 5]},
			"faces": {
				"north": {"uv": [0, 0, 0, 1], "rotation": 90, "texture": "#0"},
				"east": {"uv": [0, 0, 0, 1], "rotation": 270, "texture": "#0"},
				"south": {"uv": [0, 0, 0, 1], "rotation": 270, "texture": "#0"},
				"west": {"uv": [0, 1, 0, 0], "rotation": 270, "texture": "#0"},
				"up": {"uv": [4, 1, 3, 2], "rotation": 270, "texture": "#0"},
				"down": {"uv": [3, 1, 4, 2], "rotation": 270, "texture": "#0"}
			}
		},
		{
			"from": [5, 8, 14],
			"to": [7, 8, 16],
			"rotation": {"angle": 0, "axis": "z", "origin": [8, 8, 5]},
			"faces": {
				"north": {"uv": [0, 0, 0, 1], "rotation": 90, "texture": "#0"},
				"east": {"uv": [0, 0, 0, 1], "rotation": 270, "texture": "#0"},
				"south": {"uv": [0, 0, 0, 1], "rotation": 270, "texture": "#0"},
				"west": {"uv": [0, 1, 0, 0], "rotation": 270, "texture": "#0"},
				"up": {"uv": [3, 3, 2, 4], "rotation": 270, "texture": "#0"},
				"down": {"uv": [2, 3, 3, 4], "rotation": 270, "texture": "#0"}
			}
		},
		{
			"from": [8, 5, 5],
			"to": [8, 7, 7],
			"rotation": {"angle": 0, "axis": "z", "origin": [8, 8, 5]},
			"faces": {
				"north": {"uv": [0, 0, 0, 1], "rotation": 180, "texture": "#0"},
				"east": {"uv": [3, 1, 4, 2], "rotation": 180, "texture": "#0"},
				"south": {"uv": [0, 0, 0, 1], "rotation": 180, "texture": "#0"},
				"west": {"uv": [4, 1, 3, 2], "rotation": 180, "texture": "#0"},
				"up": {"uv": [0, 0, 0, 1], "rotation": 180, "texture": "#0"},
				"down": {"uv": [0, 1, 0, 0], "rotation": 180, "texture": "#0"}
			}
		},
		{
			"from": [8, 5, 14],
			"to": [8, 7, 16],
			"rotation": {"angle": 0, "axis": "z", "origin": [8, 8, 5]},
			"faces": {
				"north": {"uv": [0, 0, 0, 1], "rotation": 180, "texture": "#0"},
				"east": {"uv": [2, 3, 3, 4], "rotation": 180, "texture": "#0"},
				"south": {"uv": [0, 0, 0, 1], "rotation": 180, "texture": "#0"},
				"west": {"uv": [3, 3, 2, 4], "rotation": 180, "texture": "#0"},
				"up": {"uv": [0, 0, 0, 1], "rotation": 180, "texture": "#0"},
				"down": {"uv": [0, 1, 0, 0], "rotation": 180, "texture": "#0"}
			}
		},
		{
			"from": [9, 8, 5],
			"to": [11, 8, 7],
			"rotation": {"angle": 0, "axis": "z", "origin": [8, 8, 5]},
			"faces": {
				"north": {"uv": [0, 0, 0, 1], "rotation": 270, "texture": "#0"},
				"east": {"uv": [0, 1, 0, 0], "rotation": 90, "texture": "#0"},
				"south": {"uv": [0, 0, 0, 1], "rotation": 90, "texture": "#0"},
				"west": {"uv": [0, 0, 0, 1], "rotation": 90, "texture": "#0"},
				"up": {"uv": [3, 1, 4, 2], "rotation": 90, "texture": "#0"},
				"down": {"uv": [4, 1, 3, 2], "rotation": 90, "texture": "#0"}
			}
		},
		{
			"from": [9, 8, 14],
			"to": [11, 8, 16],
			"rotation": {"angle": 0, "axis": "z", "origin": [8, 8, 5]},
			"faces": {
				"north": {"uv": [0, 0, 0, 1], "rotation": 270, "texture": "#0"},
				"east": {"uv": [0, 1, 0, 0], "rotation": 90, "texture": "#0"},
				"south": {"uv": [0, 0, 0, 1], "rotation": 90, "texture": "#0"},
				"west": {"uv": [0, 0, 0, 1], "rotation": 90, "texture": "#0"},
				"up": {"uv": [2, 3, 3, 4], "rotation": 90, "texture": "#0"},
				"down": {"uv": [3, 3, 2, 4], "rotation": 90, "texture": "#0"}
			}
		}
	],
	"groups": [
		0,
		1,
		{
			"name": "group",
			"origin": [8, 8, 5],
			"color": 0,
			"children": [2, 3]
		},
		{
			"name": "group",
			"origin": [8, 8, 5],
			"color": 0,
			"children": [4, 5]
		},
		{
			"name": "group",
			"origin": [8, 8, 5],
			"color": 0,
			"children": [6, 7]
		},
		{
			"name": "group",
			"origin": [8, 8, 5],
			"color": 0,
			"children": [8, 9]
		}
	]
}