{
	"parent": "minecraft:item/dynamic_model/painting_base",
	"format_version": "1.21.6",
	"textures": {
		"0": "item/prop_items/painting_frame",
		"particle": "item/prop_items/painting_frame"
	},
	"elements": [
		{
			"from": [0, 0, 0.01],
			"to": [16, 16, 0.509],
			"faces": {
				"north": {"uv": [0, 0, 16, 16], "texture": "#0"},
				"east": {"uv": [0, 0, 0.499, 16], "texture": "#0"},
				"south": {"uv": [0, 0, 16, 16], "texture": "#0"},
				"west": {"uv": [0, 0, 0.499, 16], "texture": "#0"},
				"up": {"uv": [0, 0, 16, 0.499], "texture": "#0"},
				"down": {"uv": [0, 0, 16, 0.499], "texture": "#0"}
			}
		}
	]
}