{
	"credit": "Made with Blockbench",
	"texture_size": [128, 128],
	"textures": {
		"0": "item/prop_items/radar",
		"particle": "item/prop_items/radar"
	},
	"elements": [
		{
			"from": [7.5, 0, -3],
			"to": [8.5, 1, 19],
			"faces": {
				"north": {"uv": [5.875, 1.25, 6, 1.375], "texture": "#0"},
				"east": {"uv": [8.125, 5.125, 5.375, 5.25], "texture": "#0"},
				"south": {"uv": [5.875, 1.375, 6, 1.5], "texture": "#0"},
				"west": {"uv": [5.375, 5.125, 8.125, 5.25], "texture": "#0"},
				"up": {"uv": [1.625, 8.25, 1.5, 5.5], "texture": "#0"},
				"down": {"uv": [1.75, 5.5, 1.625, 8.25], "texture": "#0"}
			}
		},
		{
			"from": [7.5, 23, -3],
			"to": [8.5, 24, 19],
			"faces": {
				"north": {"uv": [5.875, 1.25, 6, 1.375], "texture": "#0"},
				"east": {"uv": [8.125, 5.125, 5.375, 5.25], "texture": "#0"},
				"south": {"uv": [5.875, 1.375, 6, 1.5], "texture": "#0"},
				"west": {"uv": [5.375, 5.125, 8.125, 5.25], "texture": "#0"},
				"up": {"uv": [1.625, 8.25, 1.5, 5.5], "texture": "#0"},
				"down": {"uv": [1.75, 5.5, 1.625, 8.25], "texture": "#0"}
			}
		},
		{
			"from": [8, 0, -15.5],
			"to": [9, 1, 0.5],
			"rotation": {"angle": 22.5, "axis": "y", "origin": [0, 0, 0]},
			"faces": {
				"north": {"uv": [5.875, 1.5, 6, 1.625], "texture": "#0"},
				"east": {"uv": [7.25, 5.625, 5.25, 5.75], "texture": "#0"},
				"south": {"uv": [5.875, 1.625, 6, 1.75], "texture": "#0"},
				"west": {"uv": [5.25, 5.625, 7.25, 5.75], "texture": "#0"},
				"up": {"uv": [3.375, 7.75, 3.25, 5.75], "texture": "#0"},
				"down": {"uv": [3.5, 5.75, 3.375, 7.75], "texture": "#0"}
			}
		},
		{
			"from": [8, 23, -15.5],
			"to": [9, 24, 0.5],
			"rotation": {"angle": 22.5, "axis": "y", "origin": [0, 0, 0]},
			"faces": {
				"north": {"uv": [5.875, 1.5, 6, 1.625], "texture": "#0"},
				"east": {"uv": [7.25, 5.625, 5.25, 5.75], "texture": "#0"},
				"south": {"uv": [5.875, 1.625, 6, 1.75], "texture": "#0"},
				"west": {"uv": [5.25, 5.625, 7.25, 5.75], "texture": "#0"},
				"up": {"uv": [3.375, 7.75, 3.25, 5.75], "texture": "#0"},
				"down": {"uv": [3.5, 5.75, 3.375, 7.75], "texture": "#0"}
			}
		},
		{
			"from": [8.5, 1, -14.5],
			"to": [8.5, 23, 0.5],
			"rotation": {"angle": 22.5, "axis": "y", "origin": [0, 0, 0]},
			"faces": {
				"north": {"uv": [0, 0, 0, 2.75], "texture": "#0"},
				"east": {"uv": [4.625, 2.75, 2.75, 5.5], "texture": "#0"},
				"south": {"uv": [0, 0, 0, 2.75], "texture": "#0"},
				"west": {"uv": [2.75, 2.75, 4.625, 5.5], "texture": "#0"},
				"up": {"uv": [0, 1.875, 0, 0], "texture": "#0"},
				"down": {"uv": [0, 0, 0, 1.875], "texture": "#0"}
			}
		},
		{
			"from": [8, 1, -15.5],
			"to": [9, 23, -14.5],
			"rotation": {"angle": 22.5, "axis": "y", "origin": [0, 0, 0]},
			"faces": {
				"north": {"uv": [1.75, 5.5, 1.875, 8.25], "texture": "#0"},
				"east": {"uv": [2.25, 5.5, 2.125, 8.25], "texture": "#0"},
				"south": {"uv": [2, 5.5, 2.125, 8.25], "texture": "#0"},
				"west": {"uv": [2.125, 5.5, 2.25, 8.25], "texture": "#0"},
				"up": {"uv": [6, 1.875, 5.875, 1.75], "texture": "#0"},
				"down": {"uv": [6, 1.875, 5.875, 2], "texture": "#0"}
			}
		},
		{
			"from": [8, 0, 15.5],
			"to": [9, 1, 31.5],
			"rotation": {"angle": -22.5, "axis": "y", "origin": [0, 0, 16]},
			"faces": {
				"north": {"uv": [6, 1.625, 5.875, 1.75], "texture": "#0"},
				"east": {"uv": [5.25, 5.625, 7.25, 5.75], "texture": "#0"},
				"south": {"uv": [6, 1.5, 5.875, 1.625], "texture": "#0"},
				"west": {"uv": [7.25, 5.625, 5.25, 5.75], "texture": "#0"},
				"up": {"uv": [3.375, 5.75, 3.25, 7.75], "texture": "#0"},
				"down": {"uv": [3.5, 7.75, 3.375, 5.75], "texture": "#0"}
			}
		},
		{
			"from": [8, 1, 30.5],
			"to": [9, 23, 31.5],
			"rotation": {"angle": -22.5, "axis": "y", "origin": [0, 0, 16]},
			"faces": {
				"north": {"uv": [2.125, 5.5, 2, 8.25], "texture": "#0"},
				"east": {"uv": [2.125, 5.5, 2.25, 8.25], "texture": "#0"},
				"south": {"uv": [1.875, 5.5, 1.75, 8.25], "texture": "#0"},
				"west": {"uv": [2.25, 5.5, 2.125, 8.25], "texture": "#0"},
				"up": {"uv": [6, 1.75, 5.875, 1.875], "texture": "#0"},
				"down": {"uv": [6, 2, 5.875, 1.875], "texture": "#0"}
			}
		},
		{
			"from": [8, 23, 15.5],
			"to": [9, 24, 31.5],
			"rotation": {"angle": -22.5, "axis": "y", "origin": [0, 0, 16]},
			"faces": {
				"north": {"uv": [6, 1.625, 5.875, 1.75], "texture": "#0"},
				"east": {"uv": [5.25, 5.625, 7.25, 5.75], "texture": "#0"},
				"south": {"uv": [6, 1.5, 5.875, 1.625], "texture": "#0"},
				"west": {"uv": [7.25, 5.625, 5.25, 5.75], "texture": "#0"},
				"up": {"uv": [3.375, 5.75, 3.25, 7.75], "texture": "#0"},
				"down": {"uv": [3.5, 7.75, 3.375, 5.75], "texture": "#0"}
			}
		},
		{
			"from": [8.5, 1, 15.5],
			"to": [8.5, 23, 30.5],
			"rotation": {"angle": -22.5, "axis": "y", "origin": [0, 0, 16]},
			"faces": {
				"north": {"uv": [0, 0, 0, 2.75], "texture": "#0"},
				"east": {"uv": [2.75, 2.75, 4.625, 5.5], "texture": "#0"},
				"south": {"uv": [0, 0, 0, 2.75], "texture": "#0"},
				"west": {"uv": [4.625, 2.75, 2.75, 5.5], "texture": "#0"},
				"up": {"uv": [0, 0, 0, 1.875], "texture": "#0"},
				"down": {"uv": [0, 1.875, 0, 0], "texture": "#0"}
			}
		},
		{
			"from": [8, 1, -3],
			"to": [8, 23, 19],
			"faces": {
				"north": {"uv": [0, 0, 0, 2.75], "texture": "#0"},
				"east": {"uv": [2.75, 2.75, 0, 5.5], "texture": "#0"},
				"south": {"uv": [0, 0, 0, 2.75], "texture": "#0"},
				"west": {"uv": [0, 2.75, 2.75, 5.5], "texture": "#0"},
				"up": {"uv": [0, 2.75, 0, 0], "texture": "#0"},
				"down": {"uv": [0, 0, 0, 2.75], "texture": "#0"}
			}
		},
		{
			"from": [-13, 2.9, 7],
			"to": [7, 4.9, 9],
			"rotation": {"angle": -22.5, "axis": "z", "origin": [0, 0, 0]},
			"faces": {
				"north": {"uv": [4.625, 2.75, 7.125, 3], "texture": "#0"},
				"east": {"uv": [5.875, 0, 6.125, 0.25], "texture": "#0"},
				"south": {"uv": [7.125, 2.75, 4.625, 3], "texture": "#0"},
				"west": {"uv": [5.875, 0.25, 6.125, 0.5], "texture": "#0"},
				"up": {"uv": [7.125, 3.5, 4.625, 3.25], "texture": "#0"},
				"down": {"uv": [7.125, 3.5, 4.625, 3.75], "texture": "#0"}
			}
		},
		{
			"from": [-10, 9, 7],
			"to": [7, 10, 9],
			"faces": {
				"north": {"uv": [3.25, 5.5, 5.375, 5.625], "texture": "#0"},
				"east": {"uv": [5.875, 1, 6.125, 1.125], "texture": "#0"},
				"south": {"uv": [5.375, 5.5, 3.25, 5.625], "texture": "#0"},
				"west": {"uv": [5.875, 1.125, 6.125, 1.25], "texture": "#0"},
				"up": {"uv": [6.75, 5.5, 4.625, 5.25], "texture": "#0"},
				"down": {"uv": [7.5, 3.75, 5.375, 4], "texture": "#0"}
			}
		},
		{
			"from": [-11, 7, 6],
			"to": [-8, 12, 10],
			"faces": {
				"north": {"uv": [4.5, 5.75, 4.875, 6.375], "texture": "#0"},
				"east": {"uv": [2.25, 5.5, 2.75, 6.125], "texture": "#0"},
				"south": {"uv": [4.875, 5.75, 4.5, 6.375], "texture": "#0"},
				"west": {"uv": [2.75, 5.5, 3.25, 6.125], "texture": "#0"},
				"up": {"uv": [5.625, 6.25, 5.25, 5.75], "texture": "#0"},
				"down": {"uv": [6, 5.75, 5.625, 6.25], "texture": "#0"}
			}
		},
		{
			"from": [-14, 5, 8],
			"to": [-4, 16, 8],
			"faces": {
				"north": {"uv": [4.625, 0, 5.875, 1.375], "texture": "#0"},
				"east": {"uv": [0, 0, 0, 1.375], "texture": "#0"},
				"south": {"uv": [5.875, 0, 4.625, 1.375], "texture": "#0"},
				"west": {"uv": [0, 0, 0, 1.375], "texture": "#0"},
				"up": {"uv": [1.25, 0, 0, 0], "texture": "#0"},
				"down": {"uv": [1.25, 0, 0, 0], "texture": "#0"}
			}
		},
		{
			"from": [5, 0, 5],
			"to": [11, 4, 11],
			"faces": {
				"north": {"uv": [5.375, 4, 6.125, 4.5], "texture": "#0"},
				"east": {"uv": [5.375, 4.5, 6.125, 5], "texture": "#0"},
				"south": {"uv": [6.125, 4, 5.375, 4.5], "texture": "#0"},
				"west": {"uv": [0.75, 5.5, 1.5, 6], "texture": "#0"},
				"up": {"uv": [5.375, 4.5, 4.625, 3.75], "texture": "#0"},
				"down": {"uv": [5.375, 4.5, 4.625, 5.25], "texture": "#0"}
			}
		},
		{
			"from": [7, 4, 7],
			"to": [9, 12, 9],
			"faces": {
				"north": {"uv": [3.5, 5.75, 3.75, 6.75], "texture": "#0"},
				"east": {"uv": [3.75, 5.75, 3.5, 6.75], "texture": "#0"},
				"south": {"uv": [3.5, 5.75, 3.75, 6.75], "texture": "#0"},
				"west": {"uv": [4.25, 5.75, 4.5, 6.75], "texture": "#0"},
				"up": {"uv": [6.125, 0.75, 5.875, 0.5], "texture": "#0"},
				"down": {"uv": [6.125, 0.75, 5.875, 1], "texture": "#0"}
			}
		},
		{
			"from": [7.75, 12, 7],
			"to": [8.25, 23, 9],
			"faces": {
				"north": {"uv": [1.3125, 2.75, 1.25, 4.125], "texture": "#0"},
				"east": {"uv": [1.5, 2.75, 1.25, 4.125], "texture": "#0"},
				"south": {"uv": [1.5, 2.75, 1.4375, 4.125], "texture": "#0"},
				"west": {"uv": [1.25, 2.75, 1.5, 4.125], "texture": "#0"},
				"up": {"uv": [0, 0, 0.0625, 0.25], "texture": "#0"},
				"down": {"uv": [0, 0, 0.0625, 0.25], "texture": "#0"}
			}
		},
		{
			"from": [-10, 12, 7.5],
			"to": [-7, 13, 8.5],
			"faces": {
				"north": {"uv": [0, 6, 0.375, 6.125], "texture": "#0"},
				"east": {"uv": [0.5, 6.125, 0.625, 6.25], "texture": "#0"},
				"south": {"uv": [0.375, 6, 0, 6.125], "texture": "#0"},
				"west": {"uv": [0.375, 6.125, 0.5, 6.25], "texture": "#0"},
				"up": {"uv": [0.375, 6, 0.75, 6.125], "texture": "#0"},
				"down": {"uv": [0, 6.125, 0.375, 6.25], "texture": "#0"}
			}
		}
	],
	"display": {
		"thirdperson_righthand": {
			"rotation": [0, 30, -25],
			"translation": [0, 1.25, 0],
			"scale": [0.2, 0.2, 0.2]
		},
		"thirdperson_lefthand": {
			"rotation": [0, 30, -25],
			"translation": [0, 1.25, 0],
			"scale": [0.2, 0.2, 0.2]
		},
		"firstperson_righthand": {
			"rotation": [0, 30, -25],
			"translation": [0, 1.25, 0],
			"scale": [0.2, 0.2, 0.2]
		},
		"firstperson_lefthand": {
			"rotation": [0, 30, -25],
			"translation": [0, 1.25, 0],
			"scale": [0.2, 0.2, 0.2]
		},
		"gui": {
			"rotation": [45, 45, 0]
		},
		"head": {
			"rotation": [0, -90, 0],
			"translation": [0, -13, 0],
			"scale": [4, 4, 4]
		}
	}
}