{
	"credit": "Made with Blockbench",
	"textures": {
		"0": "item/prop_items/remote",
		"particle": "item/prop_items/remote"
	},
	"elements": [
		{
			"from": [6, 0, 5],
			"to": [10, 2, 11],
			"rotation": {"angle": 0, "axis": "y", "origin": [7, 0, 7]},
			"faces": {
				"north": {"uv": [6, 2, 10, 4], "texture": "#0"},
				"east": {"uv": [4, 0, 6, 6], "rotation": 90, "texture": "#0"},
				"south": {"uv": [6, 0, 10, 2], "texture": "#0"},
				"west": {"uv": [4, 6, 6, 0], "rotation": 90, "texture": "#0"},
				"up": {"uv": [0, 0, 4, 6], "texture": "#0"},
				"down": {"uv": [12, 0, 16, 6], "texture": "#0"}
			}
		},
		{
			"from": [7, 2, 7.5],
			"to": [9, 3, 9.5],
			"rotation": {"angle": 0, "axis": "y", "origin": [7, 2, 7.5]},
			"faces": {
				"north": {"uv": [12, 2, 10, 3], "texture": "#0"},
				"east": {"uv": [10, 2, 12, 3], "texture": "#0"},
				"south": {"uv": [12, 2, 10, 3], "texture": "#0"},
				"west": {"uv": [10, 2, 12, 3], "texture": "#0"},
				"up": {"uv": [10, 0, 12, 2], "texture": "#0"},
				"down": {"uv": [10, 0, 12, 2], "texture": "#0"}
			}
		},
		{
			"from": [5, 1, 2],
			"to": [6, 1, 6],
			"rotation": {"angle": 0, "axis": "y", "origin": [4, 0, 4]},
			"faces": {
				"north": {"uv": [0, 0, 1, 0], "texture": "#0"},
				"east": {"uv": [0, 0, 4, 0], "texture": "#0"},
				"south": {"uv": [0, 0, 1, 0], "texture": "#0"},
				"west": {"uv": [0, 0, 4, 0], "texture": "#0"},
				"up": {"uv": [0, 6, 1, 10], "texture": "#0"},
				"down": {"uv": [0, 10, 1, 6], "texture": "#0"}
			}
		},
		{
			"from": [5, 0, 6],
			"to": [6, 2, 8],
			"rotation": {"angle": 0, "axis": "y", "origin": [4, 0, 6]},
			"faces": {
				"north": {"uv": [10, 3, 11, 5], "texture": "#0"},
				"east": {"uv": [10, 3, 12, 5], "texture": "#0"},
				"south": {"uv": [11, 3, 12, 5], "texture": "#0"},
				"west": {"uv": [10, 3, 12, 5], "texture": "#0"},
				"up": {"uv": [10, 3, 12, 4], "rotation": 90, "texture": "#0"},
				"down": {"uv": [10, 4, 12, 5], "rotation": 90, "texture": "#0"}
			}
		}
	],
	"display": {
		"thirdperson_righthand": {
			"rotation": [65, 25, 0],
			"translation": [-1, 4, 4.25],
			"scale": [0.75, 0.75, 0.75]
		},
		"thirdperson_lefthand": {
			"rotation": [65, 25, 0],
			"translation": [-1, 4, 4.25],
			"scale": [0.75, 0.75, 0.75]
		},
		"firstperson_righthand": {
			"rotation": [65, 5, 25],
			"translation": [-0.5, 4.5, 4.25]
		},
		"firstperson_lefthand": {
			"rotation": [65, 5, 25],
			"translation": [-0.5, 4.5, 4.25]
		},
		"ground": {
			"rotation": [45, 0, 0],
			"translation": [0, 4, 2.25],
			"scale": [0.5, 0.5, 0.5]
		},
		"gui": {
			"rotation": [60, 10, 0],
			"translation": [0.25, 3, 0]
		},
		"fixed": {
			"rotation": [-90, 180, 0],
			"translation": [0, 0, -16],
			"scale": [2, 2, 2]
		}
	}
}