{
	"credit": "Made with Blockbench",
	"texture_size": [32, 32],
	"textures": {
		"0": "item/prop_items/sandman",
		"particle": "item/prop_items/sandman"
	},
	"elements": [
		{
			"from": [3, 0, 3],
			"to": [13, 10, 13],
			"faces": {
				"north": {"uv": [5, 9, 0, 14], "texture": "#0"},
				"east": {"uv": [0, 0, 5, 5], "texture": "#0"},
				"south": {"uv": [5, 0, 0, 5], "texture": "#0"},
				"west": {"uv": [0, 0, 5, 5], "texture": "#0"},
				"up": {"uv": [5, 0, 10, 5], "texture": "#0"},
				"down": {"uv": [0, 0, 5, 5], "texture": "#0"}
			}
		},
		{
			"from": [4, 10, 4],
			"to": [12, 18, 12],
			"faces": {
				"north": {"uv": [9, 9, 5, 13], "texture": "#0"},
				"east": {"uv": [0, 5, 4, 9], "texture": "#0"},
				"south": {"uv": [4, 5, 0, 9], "texture": "#0"},
				"west": {"uv": [0, 5, 4, 9], "texture": "#0"},
				"up": {"uv": [4, 5, 8, 9], "texture": "#0"},
				"down": {"uv": [0, 5, 4, 9], "texture": "#0"}
			}
		},
		{
			"from": [5, 18, 5],
			"to": [11, 24, 11],
			"faces": {
				"north": {"uv": [11, 5, 8, 8], "texture": "#0"},
				"east": {"uv": [10, 0, 13, 3], "texture": "#0"},
				"south": {"uv": [13, 0, 10, 3], "texture": "#0"},
				"west": {"uv": [10, 0, 13, 3], "texture": "#0"},
				"up": {"uv": [13, 0, 16, 3], "texture": "#0"},
				"down": {"uv": [10, 0, 13, 3], "texture": "#0"}
			}
		},
		{
			"from": [5.5, 23.5, 4.5],
			"to": [12.5, 25.5, 11.5],
			"rotation": {"angle": -22.5, "axis": "z", "origin": [8, 25, 8]},
			"faces": {
				"north": {"uv": [11.5, 3, 12.5, 6.5], "rotation": 90, "texture": "#0"},
				"east": {"uv": [11.5, 3, 12.5, 6.5], "rotation": 90, "texture": "#0"},
				"south": {"uv": [11.5, 3, 12.5, 6.5], "rotation": 90, "texture": "#0"},
				"west": {"uv": [11.5, 3, 12.5, 6.5], "rotation": 90, "texture": "#0"},
				"up": {"uv": [12.5, 3, 16, 6.5], "texture": "#0"},
				"down": {"uv": [12.5, 6.5, 16, 10], "texture": "#0"}
			}
		},
		{
			"from": [12.5, 23.5, 7],
			"to": [16.5, 24.5, 9],
			"rotation": {"angle": -22.5, "axis": "z", "origin": [8, 25, 8]},
			"faces": {
				"north": {"uv": [11, 3, 11.5, 5], "rotation": 90, "texture": "#0"},
				"east": {"uv": [10.5, 3, 11, 4], "rotation": 90, "texture": "#0"},
				"south": {"uv": [11.5, 3, 11, 5], "rotation": 90, "texture": "#0"},
				"west": {"uv": [11.5, 3, 12.5, 6.5], "rotation": 90, "texture": "#0"},
				"up": {"uv": [11.5, 6.5, 12.5, 8.5], "rotation": 90, "texture": "#0"},
				"down": {"uv": [8, 8, 10, 9], "texture": "#0"}
			}
		},
		{
			"from": [-7, 20, 7],
			"to": [3, 21, 9],
			"rotation": {"angle": -45, "axis": "z", "origin": [-1, 16.5, 8]},
			"faces": {
				"north": {"uv": [14, 11, 9, 11.5], "texture": "#0"},
				"east": {"uv": [9, 11, 10, 11.5], "texture": "#0"},
				"south": {"uv": [9, 11.5, 14, 12], "texture": "#0"},
				"west": {"uv": [9.5, 12, 9, 11], "rotation": 90, "texture": "#0"},
				"up": {"uv": [9, 11, 14, 12], "texture": "#0"},
				"down": {"uv": [9, 12, 14, 11], "texture": "#0"}
			}
		},
		{
			"from": [13, 0, 9],
			"to": [23, 1, 11],
			"rotation": {"angle": 45, "axis": "y", "origin": [18, 0.5, 8]},
			"faces": {
				"north": {"uv": [9, 10, 14, 10.5], "texture": "#0"},
				"east": {"uv": [9.5, 10, 9, 11], "rotation": 90, "texture": "#0"},
				"south": {"uv": [14, 10.5, 9, 11], "texture": "#0"},
				"west": {"uv": [10, 10, 9, 10.5], "texture": "#0"},
				"up": {"uv": [14, 10, 9, 11], "texture": "#0"},
				"down": {"uv": [14, 11, 9, 10], "texture": "#0"}
			}
		}
	],
	"display": {
		"head": {
			"translation": [0, -27.5, 0],
			"scale": [2, 2, 2]
		}
	}
}