{
	"format_version": "1.21.6",
	"textures": {
		"0": "block/custom/bot_spawner_bottom",
		"1": "block/custom/bot_spawner_side",
		"3": "block/custom/bot_spawner_glow_e",
		"4": "block/custom/bot_spawner_top",
		"5": "block/custom/bot_spawner_glow",
		"particle": "block/custom/bot_spawner_bottom"
	},
	"elements": [
		{
			"from": [0, 0, 0],
			"to": [16, 16, 16],
			"faces": {
				"north": {"uv": [0, 0, 16, 16], "texture": "#1"},
				"east": {"uv": [0, 0, 16, 16], "texture": "#1"},
				"south": {"uv": [0, 0, 16, 16], "texture": "#1"},
				"west": {"uv": [0, 0, 16, 16], "texture": "#1"},
				"up": {"uv": [0, 0, 16, 16], "texture": "#4"},
				"down": {"uv": [0, 0, 16, 16], "texture": "#0"}
			}
		},
		{
			"from": [16, 16, 16],
			"to": [0, 0, 0],
			"faces": {
				"north": {"uv": [0, 0, 16, 16], "rotation": 180, "texture": "#0"},
				"east": {"uv": [0, 0, 16, 16], "rotation": 180, "texture": "#0"},
				"south": {"uv": [0, 0, 16, 16], "rotation": 180, "texture": "#0"},
				"west": {"uv": [0, 0, 16, 16], "rotation": 180, "texture": "#0"},
				"up": {"uv": [0, 0, 16, 16], "rotation": 180, "texture": "#0"},
				"down": {"uv": [0, 0, 16, 16], "rotation": 180, "texture": "#0"}
			}
		},
		{
			"from": [0.005, 11.005, 0.005],
			"to": [15.995, 11.995, 15.995],
			"rotation": {"angle": 0, "axis": "y", "origin": [0, 11, 0]},
			"faces": {
				"north": {"uv": [0, 0, 16, 1], "texture": "#0"},
				"east": {"uv": [0, 0, 16, 1], "texture": "#0"},
				"south": {"uv": [0, 0, 16, 1], "texture": "#0"},
				"west": {"uv": [0, 0, 16, 1], "texture": "#0"},
				"up": {"uv": [0, 0, 16, 16], "texture": "#0"},
				"down": {"uv": [0, 0, 16, 16], "texture": "#0"}
			}
		},
		{
			"from": [3, 12, 9],
			"to": [7, 14, 13],
			"rotation": {"angle": 0, "axis": "y", "origin": [4, 14, 10]},
			"faces": {
				"north": {"uv": [8, 0, 4, 2], "texture": "#5"},
				"east": {"uv": [4, 0, 8, 2], "texture": "#5"},
				"south": {"uv": [8, 0, 4, 2], "texture": "#5"},
				"west": {"uv": [4, 0, 8, 2], "texture": "#5"},
				"up": {"uv": [4, 2, 8, 6], "texture": "#5"}
			}
		},
		{
			"from": [3, 12, 3],
			"to": [7, 14, 7],
			"rotation": {"angle": 0, "axis": "y", "origin": [4, 14, 4]},
			"faces": {
				"north": {"uv": [8, 0, 4, 2], "texture": "#5"},
				"east": {"uv": [4, 0, 8, 2], "texture": "#5"},
				"south": {"uv": [8, 0, 4, 2], "texture": "#5"},
				"west": {"uv": [4, 0, 8, 2], "texture": "#5"},
				"up": {"uv": [4, 2, 8, 6], "texture": "#5"}
			}
		},
		{
			"from": [9, 12, 3],
			"to": [13, 14, 7],
			"rotation": {"angle": 0, "axis": "y", "origin": [10, 14, 4]},
			"faces": {
				"north": {"uv": [8, 0, 4, 2], "texture": "#5"},
				"east": {"uv": [4, 0, 8, 2], "texture": "#5"},
				"south": {"uv": [8, 0, 4, 2], "texture": "#5"},
				"west": {"uv": [4, 0, 8, 2], "texture": "#5"},
				"up": {"uv": [4, 2, 8, 6], "texture": "#5"}
			}
		},
		{
			"from": [9, 12, 9],
			"to": [13, 14, 13],
			"rotation": {"angle": 0, "axis": "y", "origin": [10, 14, 10]},
			"faces": {
				"north": {"uv": [8, 0, 4, 2], "texture": "#5"},
				"east": {"uv": [4, 0, 8, 2], "texture": "#5"},
				"south": {"uv": [8, 0, 4, 2], "texture": "#5"},
				"west": {"uv": [4, 0, 8, 2], "texture": "#5"},
				"up": {"uv": [4, 2, 8, 6], "texture": "#5"}
			}
		},
		{
			"from": [3, 0, 3],
			"to": [7, 11, 7],
			"rotation": {"angle": 0, "axis": "y", "origin": [3, 0, -5]},
			"faces": {
				"north": {"uv": [0, 0, 4, 11], "texture": "#5"},
				"east": {"uv": [4, 0, 0, 11], "texture": "#5"},
				"south": {"uv": [0, 0, 4, 11], "texture": "#5"},
				"west": {"uv": [4, 0, 0, 11], "texture": "#5"}
			}
		},
		{
			"from": [9, 0, 3],
			"to": [13, 11, 7],
			"rotation": {"angle": 0, "axis": "y", "origin": [9, 0, -5]},
			"faces": {
				"north": {"uv": [0, 0, 4, 11], "texture": "#5"},
				"east": {"uv": [4, 0, 0, 11], "texture": "#5"},
				"south": {"uv": [0, 0, 4, 11], "texture": "#5"},
				"west": {"uv": [4, 0, 0, 11], "texture": "#5"}
			}
		},
		{
			"from": [9, 0, 9],
			"to": [13, 11, 13],
			"rotation": {"angle": 0, "axis": "y", "origin": [9, 0, 1]},
			"faces": {
				"north": {"uv": [0, 0, 4, 11], "texture": "#5"},
				"east": {"uv": [4, 0, 0, 11], "texture": "#5"},
				"south": {"uv": [0, 0, 4, 11], "texture": "#5"},
				"west": {"uv": [4, 0, 0, 11], "texture": "#5"}
			}
		},
		{
			"from": [3, 0, 9],
			"to": [7, 11, 13],
			"rotation": {"angle": 0, "axis": "y", "origin": [3, 0, 1]},
			"faces": {
				"north": {"uv": [0, 0, 4, 11], "texture": "#5"},
				"east": {"uv": [4, 0, 0, 11], "texture": "#5"},
				"south": {"uv": [0, 0, 4, 11], "texture": "#5"},
				"west": {"uv": [4, 0, 0, 11], "texture": "#5"}
			}
		},
		{
			"from": [3, 12, 9],
			"to": [7, 14, 13],
			"light_emission": 15,
			"rotation": {"angle": 0, "axis": "y", "origin": [4, 14, 10]},
			"faces": {
				"north": {"uv": [8, 0, 4, 2], "texture": "#3"},
				"east": {"uv": [4, 0, 8, 2], "texture": "#3"},
				"south": {"uv": [8, 0, 4, 2], "texture": "#3"},
				"west": {"uv": [4, 0, 8, 2], "texture": "#3"},
				"up": {"uv": [4, 2, 8, 6], "texture": "#3"}
			}
		},
		{
			"from": [3, 12, 3],
			"to": [7, 14, 7],
			"light_emission": 15,
			"rotation": {"angle": 0, "axis": "y", "origin": [4, 14, 4]},
			"faces": {
				"north": {"uv": [8, 0, 4, 2], "texture": "#3"},
				"east": {"uv": [4, 0, 8, 2], "texture": "#3"},
				"south": {"uv": [8, 0, 4, 2], "texture": "#3"},
				"west": {"uv": [4, 0, 8, 2], "texture": "#3"},
				"up": {"uv": [4, 2, 8, 6], "texture": "#3"}
			}
		},
		{
			"from": [9, 12, 3],
			"to": [13, 14, 7],
			"light_emission": 15,
			"rotation": {"angle": 0, "axis": "y", "origin": [10, 14, 4]},
			"faces": {
				"north": {"uv": [8, 0, 4, 2], "texture": "#3"},
				"east": {"uv": [4, 0, 8, 2], "texture": "#3"},
				"south": {"uv": [8, 0, 4, 2], "texture": "#3"},
				"west": {"uv": [4, 0, 8, 2], "texture": "#3"},
				"up": {"uv": [4, 2, 8, 6], "texture": "#3"}
			}
		},
		{
			"from": [9, 12, 9],
			"to": [13, 14, 13],
			"light_emission": 15,
			"rotation": {"angle": 0, "axis": "y", "origin": [10, 14, 10]},
			"faces": {
				"north": {"uv": [8, 0, 4, 2], "texture": "#3"},
				"east": {"uv": [4, 0, 8, 2], "texture": "#3"},
				"south": {"uv": [8, 0, 4, 2], "texture": "#3"},
				"west": {"uv": [4, 0, 8, 2], "texture": "#3"},
				"up": {"uv": [4, 2, 8, 6], "texture": "#3"}
			}
		},
		{
			"from": [3, 0, 3],
			"to": [7, 11, 7],
			"light_emission": 15,
			"rotation": {"angle": 0, "axis": "y", "origin": [3, 0, -5]},
			"faces": {
				"north": {"uv": [0, 0, 4, 11], "texture": "#3"},
				"east": {"uv": [4, 0, 0, 11], "texture": "#3"},
				"south": {"uv": [0, 0, 4, 11], "texture": "#3"},
				"west": {"uv": [4, 0, 0, 11], "texture": "#3"}
			}
		},
		{
			"from": [9, 0, 3],
			"to": [13, 11, 7],
			"light_emission": 15,
			"rotation": {"angle": 0, "axis": "y", "origin": [9, 0, -5]},
			"faces": {
				"north": {"uv": [0, 0, 4, 11], "texture": "#3"},
				"east": {"uv": [4, 0, 0, 11], "texture": "#3"},
				"south": {"uv": [0, 0, 4, 11], "texture": "#3"},
				"west": {"uv": [4, 0, 0, 11], "texture": "#3"}
			}
		},
		{
			"from": [9, 0, 9],
			"to": [13, 11, 13],
			"light_emission": 15,
			"rotation": {"angle": 0, "axis": "y", "origin": [9, 0, 1]},
			"faces": {
				"north": {"uv": [0, 0, 4, 11], "texture": "#3"},
				"east": {"uv": [4, 0, 0, 11], "texture": "#3"},
				"south": {"uv": [0, 0, 4, 11], "texture": "#3"},
				"west": {"uv": [4, 0, 0, 11], "texture": "#3"}
			}
		},
		{
			"from": [3, 0, 9],
			"to": [7, 11, 13],
			"light_emission": 15,
			"rotation": {"angle": 0, "axis": "y", "origin": [3, 0, 1]},
			"faces": {
				"north": {"uv": [0, 0, 4, 11], "texture": "#3"},
				"east": {"uv": [4, 0, 0, 11], "texture": "#3"},
				"south": {"uv": [0, 0, 4, 11], "texture": "#3"},
				"west": {"uv": [4, 0, 0, 11], "texture": "#3"}
			}
		}
	],
	"groups": [
		0,
		1,
		2,
		{
			"name": "group",
			"origin": [-16, 0, -5],
			"color": 0,
			"children": [
				{
					"name": "group",
					"origin": [4, 14, 10],
					"color": 0,
					"children": [3, 4, 5, 6]
				},
				{
					"name": "group",
					"origin": [-16, 0, -5],
					"color": 0,
					"children": [7, 8, 9, 10]
				}
			]
		},
		{
			"name": "group",
			"origin": [-16, 0, -5],
			"color": 0,
			"children": [
				{
					"name": "group",
					"origin": [4, 14, 10],
					"color": 0,
					"children": [11, 12, 13, 14]
				},
				{
					"name": "group",
					"origin": [-16, 0, -5],
					"color": 0,
					"children": [15, 16, 17, 18]
				}
			]
		}
	]
}