{
	"format_version": "1.21.6",
	"texture_size": [32, 32],
	"textures": {
		"0": "block/custom/icarus_interface",
		"5": "block/custom/icarus_interface_e",
		"particle": "block/custom/icarus_interface"
	},
	"elements": [
		{
			"from": [0, 12, 0],
			"to": [16, 16, 16],
			"rotation": {"angle": 0, "axis": "y", "origin": [0, 12, 0]},
			"faces": {
				"north": {"uv": [8, 6, 16, 8], "texture": "#0"},
				"east": {"uv": [8, 6, 16, 8], "texture": "#0"},
				"south": {"uv": [8, 6, 16, 8], "texture": "#0"},
				"west": {"uv": [8, 6, 16, 8], "texture": "#0"},
				"up": {"uv": [8, 8, 0, 0], "texture": "#0"},
				"down": {"uv": [8, 8, 0, 16], "texture": "#0"}
			}
		},
		{
			"from": [6, 0, 6],
			"to": [10, 12, 10],
			"light_emission": 15,
			"rotation": {"angle": 0, "axis": "y", "origin": [7, 10, 7]},
			"faces": {
				"north": {"uv": [0, 8, 2, 14], "texture": "#5"},
				"east": {"uv": [0, 8, 2, 14], "texture": "#5"},
				"south": {"uv": [0, 8, 2, 14], "texture": "#5"},
				"west": {"uv": [0, 8, 2, 14], "texture": "#5"},
				"down": {"uv": [14, 4, 12, 6], "texture": "#5"}
			}
		},
		{
			"from": [0, 0, 10],
			"to": [6, 4, 16],
			"rotation": {"angle": 0, "axis": "y", "origin": [4, 0, 14]},
			"faces": {
				"north": {"uv": [12, 0, 15, 2], "texture": "#0"},
				"east": {"uv": [15, 0, 12, 2], "texture": "#0"},
				"south": {"uv": [12, 2, 15, 4], "texture": "#0"},
				"west": {"uv": [15, 2, 12, 4], "texture": "#0"},
				"up": {"uv": [13, 11, 10, 8], "texture": "#0"},
				"down": {"uv": [13, 11, 10, 14], "texture": "#0"}
			}
		},
		{
			"from": [10, 0, 10],
			"to": [16, 4, 16],
			"rotation": {"angle": 0, "axis": "y", "origin": [12, 0, 14]},
			"faces": {
				"north": {"uv": [15, 0, 12, 2], "texture": "#0"},
				"east": {"uv": [12, 2, 15, 4], "texture": "#0"},
				"south": {"uv": [15, 2, 12, 4], "texture": "#0"},
				"west": {"uv": [12, 0, 15, 2], "texture": "#0"},
				"up": {"uv": [10, 11, 13, 8], "texture": "#0"},
				"down": {"uv": [10, 11, 13, 14], "texture": "#0"}
			}
		},
		{
			"from": [10, 0, 0],
			"to": [16, 4, 6],
			"rotation": {"angle": 0, "axis": "y", "origin": [12, 0, 2]},
			"faces": {
				"north": {"uv": [12, 2, 15, 4], "texture": "#0"},
				"east": {"uv": [15, 2, 12, 4], "texture": "#0"},
				"south": {"uv": [12, 0, 15, 2], "texture": "#0"},
				"west": {"uv": [15, 0, 12, 2], "texture": "#0"},
				"up": {"uv": [10, 8, 13, 11], "texture": "#0"},
				"down": {"uv": [10, 14, 13, 11], "texture": "#0"}
			}
		},
		{
			"from": [0, 0, 0],
			"to": [6, 4, 6],
			"rotation": {"angle": 0, "axis": "y", "origin": [4, 0, 2]},
			"faces": {
				"north": {"uv": [15, 2, 12, 4], "texture": "#0"},
				"east": {"uv": [12, 0, 15, 2], "texture": "#0"},
				"south": {"uv": [15, 0, 12, 2], "texture": "#0"},
				"west": {"uv": [12, 2, 15, 4], "texture": "#0"},
				"up": {"uv": [13, 8, 10, 11], "texture": "#0"},
				"down": {"uv": [13, 14, 10, 11], "texture": "#0"}
			}
		},
		{
			"from": [6, 0, 10],
			"to": [10, 2, 15],
			"rotation": {"angle": 0, "axis": "y", "origin": [8, 0, 14]},
			"faces": {
				"south": {"uv": [14, 4, 16, 5], "texture": "#0"},
				"up": {"uv": [15, 11, 13, 8.5], "texture": "#0"},
				"down": {"uv": [15, 11.5, 13, 14], "texture": "#0"}
			}
		},
		{
			"from": [6, 0, 1],
			"to": [10, 2, 6],
			"rotation": {"angle": 0, "axis": "y", "origin": [8, 0, 2]},
			"faces": {
				"north": {"uv": [16, 4, 14, 5], "texture": "#0"},
				"up": {"uv": [15, 8.5, 13, 11], "texture": "#0"},
				"down": {"uv": [15, 14, 13, 11.5], "texture": "#0"}
			}
		},
		{
			"from": [10, 0, 6],
			"to": [15, 2, 10],
			"rotation": {"angle": 0, "axis": "y", "origin": [14, 0, 8]},
			"faces": {
				"east": {"uv": [14, 4, 16, 5], "texture": "#0"},
				"up": {"uv": [15, 11, 13, 8.5], "rotation": 270, "texture": "#0"},
				"down": {"uv": [15, 11.5, 13, 14], "rotation": 90, "texture": "#0"}
			}
		},
		{
			"from": [1, 0, 6],
			"to": [6, 2, 10],
			"rotation": {"angle": 0, "axis": "y", "origin": [2, 0, 8]},
			"faces": {
				"west": {"uv": [16, 4, 14, 5], "texture": "#0"},
				"up": {"uv": [15, 8.5, 13, 11], "rotation": 270, "texture": "#0"},
				"down": {"uv": [15, 14, 13, 11.5], "rotation": 90, "texture": "#0"}
			}
		},
		{
			"from": [4, 0, 4],
			"to": [4, 12, 5],
			"rotation": {"angle": 0, "axis": "y", "origin": [8, 0, 8]},
			"faces": {
				"north": {"uv": [8, 0, 12, 6], "texture": "#0"},
				"east": {"uv": [11.5, 0, 12, 6], "texture": "#0"},
				"south": {"uv": [8, 0, 12, 6], "texture": "#0"},
				"west": {"uv": [8, 0, 8.5, 6], "texture": "#0"}
			}
		},
		{
			"from": [4, 0, 5],
			"to": [4, 4, 7],
			"rotation": {"angle": 0, "axis": "y", "origin": [8, 0, 8]},
			"faces": {
				"north": {"uv": [8, 4, 12, 6], "texture": "#0"},
				"east": {"uv": [10.5, 4, 11.5, 6], "texture": "#0"},
				"south": {"uv": [8, 4, 12, 6], "texture": "#0"},
				"west": {"uv": [8.5, 4, 9.5, 6], "texture": "#0"}
			}
		},
		{
			"from": [4, 3, 7],
			"to": [4, 4, 9],
			"rotation": {"angle": 0, "axis": "y", "origin": [8, 0, 8]},
			"faces": {
				"north": {"uv": [8, 4, 12, 4.5], "texture": "#0"},
				"east": {"uv": [9.5, 4, 10.5, 4.5], "texture": "#0"},
				"south": {"uv": [8, 4, 12, 4.5], "texture": "#0"},
				"west": {"uv": [9.5, 4, 10.5, 4.5], "texture": "#0"}
			}
		},
		{
			"from": [4, 0, 9],
			"to": [4, 4, 11],
			"rotation": {"angle": 0, "axis": "y", "origin": [8, 0, 8]},
			"faces": {
				"north": {"uv": [8, 4, 12, 6], "texture": "#0"},
				"east": {"uv": [8.5, 4, 9.5, 6], "texture": "#0"},
				"south": {"uv": [8, 4, 12, 6], "texture": "#0"},
				"west": {"uv": [10.5, 4, 11.5, 6], "texture": "#0"}
			}
		},
		{
			"from": [4, 5, 5],
			"to": [4, 6, 11],
			"rotation": {"angle": 0, "axis": "y", "origin": [8, 0, 8]},
			"faces": {
				"north": {"uv": [8, 3, 12, 3.5], "texture": "#0"},
				"east": {"uv": [8.5, 3, 11.5, 3.5], "texture": "#0"},
				"south": {"uv": [8, 3, 12, 3.5], "texture": "#0"},
				"west": {"uv": [8.5, 3, 11.5, 3.5], "texture": "#0"}
			}
		},
		{
			"from": [4, 6, 6],
			"to": [4, 10, 7],
			"rotation": {"angle": 0, "axis": "y", "origin": [8, 0, 8]},
			"faces": {
				"north": {"uv": [8, 1, 12, 3], "texture": "#0"},
				"east": {"uv": [10.5, 1, 11, 3], "texture": "#0"},
				"south": {"uv": [8, 1, 12, 3], "texture": "#0"},
				"west": {"uv": [9, 1, 9.5, 3], "texture": "#0"}
			}
		},
		{
			"from": [4, 6, 9],
			"to": [4, 10, 10],
			"rotation": {"angle": 0, "axis": "y", "origin": [8, 0, 8]},
			"faces": {
				"north": {"uv": [8, 1, 12, 3], "texture": "#0"},
				"east": {"uv": [9, 1, 9.5, 3], "texture": "#0"},
				"south": {"uv": [8, 1, 12, 3], "texture": "#0"},
				"west": {"uv": [10.5, 1, 11, 3], "texture": "#0"}
			}
		},
		{
			"from": [4, 6, 11],
			"to": [4, 10, 11],
			"rotation": {"angle": 0, "axis": "y", "origin": [8, 0, 8]},
			"faces": {
				"north": {"uv": [8, 1, 12, 3], "texture": "#0"},
				"east": {"uv": [8.5, 1, 8.5, 3], "texture": "#0"},
				"south": {"uv": [8, 1, 12, 3], "texture": "#0"},
				"west": {"uv": [11.5, 1, 11.5, 3], "texture": "#0"}
			}
		},
		{
			"from": [4, 10, 5],
			"to": [4, 11, 11],
			"rotation": {"angle": 0, "axis": "y", "origin": [8, 0, 8]},
			"faces": {
				"north": {"uv": [8, 0.5, 12, 1], "texture": "#0"},
				"east": {"uv": [8.5, 0.5, 11.5, 1], "texture": "#0"},
				"south": {"uv": [8, 0.5, 12, 1], "texture": "#0"},
				"west": {"uv": [8.5, 0.5, 11.5, 1], "texture": "#0"}
			}
		},
		{
			"from": [4, 11, 5],
			"to": [4, 12, 11],
			"rotation": {"angle": 0, "axis": "y", "origin": [8, 0, 8]},
			"faces": {
				"north": {"uv": [8, 0, 12, 0.5], "texture": "#0"},
				"east": {"uv": [8.5, 0, 11.5, 0.5], "texture": "#0"},
				"south": {"uv": [8, 0, 12, 0.5], "texture": "#0"},
				"west": {"uv": [8.5, 0, 11.5, 0.5], "texture": "#0"}
			}
		},
		{
			"from": [4, 0, 11],
			"to": [4, 12, 12],
			"rotation": {"angle": 0, "axis": "y", "origin": [8, 0, 8]},
			"faces": {
				"north": {"uv": [8, 0, 12, 6], "texture": "#0"},
				"east": {"uv": [8, 0, 8.5, 6], "texture": "#0"},
				"south": {"uv": [8, 0, 12, 6], "texture": "#0"},
				"west": {"uv": [11.5, 0, 12, 6], "texture": "#0"}
			}
		},
		{
			"from": [11, 0, 4],
			"to": [12, 12, 4],
			"rotation": {"angle": 0, "axis": "y", "origin": [8, 0, 8]},
			"faces": {
				"north": {"uv": [8, 0, 8.5, 6], "texture": "#0"},
				"east": {"uv": [8, 0, 12, 6], "texture": "#0"},
				"south": {"uv": [11.5, 0, 12, 6], "texture": "#0"},
				"west": {"uv": [8, 0, 12, 6], "texture": "#0"}
			}
		},
		{
			"from": [9, 0, 4],
			"to": [11, 4, 4],
			"rotation": {"angle": 0, "axis": "y", "origin": [8, 0, 8]},
			"faces": {
				"north": {"uv": [8.5, 4, 9.5, 6], "texture": "#0"},
				"east": {"uv": [8, 4, 12, 6], "texture": "#0"},
				"south": {"uv": [10.5, 4, 11.5, 6], "texture": "#0"},
				"west": {"uv": [8, 4, 12, 6], "texture": "#0"}
			}
		},
		{
			"from": [7, 3, 4],
			"to": [9, 4, 4],
			"rotation": {"angle": 0, "axis": "y", "origin": [8, 0, 8]},
			"faces": {
				"north": {"uv": [9.5, 4, 10.5, 4.5], "texture": "#0"},
				"east": {"uv": [8, 4, 12, 4.5], "texture": "#0"},
				"south": {"uv": [9.5, 4, 10.5, 4.5], "texture": "#0"},
				"west": {"uv": [8, 4, 12, 4.5], "texture": "#0"}
			}
		},
		{
			"from": [5, 0, 4],
			"to": [7, 4, 4],
			"rotation": {"angle": 0, "axis": "y", "origin": [8, 0, 8]},
			"faces": {
				"north": {"uv": [10.5, 4, 11.5, 6], "texture": "#0"},
				"east": {"uv": [8, 4, 12, 6], "texture": "#0"},
				"south": {"uv": [8.5, 4, 9.5, 6], "texture": "#0"},
				"west": {"uv": [8, 4, 12, 6], "texture": "#0"}
			}
		},
		{
			"from": [5, 5, 4],
			"to": [11, 6, 4],
			"rotation": {"angle": 0, "axis": "y", "origin": [8, 0, 8]},
			"faces": {
				"north": {"uv": [8.5, 3, 11.5, 3.5], "texture": "#0"},
				"east": {"uv": [8, 3, 12, 3.5], "texture": "#0"},
				"south": {"uv": [8.5, 3, 11.5, 3.5], "texture": "#0"},
				"west": {"uv": [8, 3, 12, 3.5], "texture": "#0"}
			}
		},
		{
			"from": [9, 6, 4],
			"to": [10, 10, 4],
			"rotation": {"angle": 0, "axis": "y", "origin": [8, 0, 8]},
			"faces": {
				"north": {"uv": [9, 1, 9.5, 3], "texture": "#0"},
				"east": {"uv": [8, 1, 12, 3], "texture": "#0"},
				"south": {"uv": [10.5, 1, 11, 3], "texture": "#0"},
				"west": {"uv": [8, 1, 12, 3], "texture": "#0"}
			}
		},
		{
			"from": [6, 6, 4],
			"to": [7, 10, 4],
			"rotation": {"angle": 0, "axis": "y", "origin": [8, 0, 8]},
			"faces": {
				"north": {"uv": [10.5, 1, 11, 3], "texture": "#0"},
				"east": {"uv": [8, 1, 12, 3], "texture": "#0"},
				"south": {"uv": [9, 1, 9.5, 3], "texture": "#0"},
				"west": {"uv": [8, 1, 12, 3], "texture": "#0"}
			}
		},
		{
			"from": [5, 6, 4],
			"to": [5, 10, 4],
			"rotation": {"angle": 0, "axis": "y", "origin": [8, 0, 8]},
			"faces": {
				"north": {"uv": [11.5, 1, 11.5, 3], "texture": "#0"},
				"east": {"uv": [8, 1, 12, 3], "texture": "#0"},
				"south": {"uv": [8.5, 1, 8.5, 3], "texture": "#0"},
				"west": {"uv": [8, 1, 12, 3], "texture": "#0"}
			}
		},
		{
			"from": [5, 10, 4],
			"to": [11, 11, 4],
			"rotation": {"angle": 0, "axis": "y", "origin": [8, 0, 8]},
			"faces": {
				"north": {"uv": [8.5, 0.5, 11.5, 1], "texture": "#0"},
				"east": {"uv": [8, 0.5, 12, 1], "texture": "#0"},
				"south": {"uv": [8.5, 0.5, 11.5, 1], "texture": "#0"},
				"west": {"uv": [8, 0.5, 12, 1], "texture": "#0"}
			}
		},
		{
			"from": [5, 11, 4],
			"to": [11, 12, 4],
			"rotation": {"angle": 0, "axis": "y", "origin": [8, 0, 8]},
			"faces": {
				"north": {"uv": [8.5, 0, 11.5, 0.5], "texture": "#0"},
				"east": {"uv": [8, 0, 12, 0.5], "texture": "#0"},
				"south": {"uv": [8.5, 0, 11.5, 0.5], "texture": "#0"},
				"west": {"uv": [8, 0, 12, 0.5], "texture": "#0"}
			}
		},
		{
			"from": [4, 0, 4],
			"to": [5, 12, 4],
			"rotation": {"angle": 0, "axis": "y", "origin": [8, 0, 8]},
			"faces": {
				"north": {"uv": [11.5, 0, 12, 6], "texture": "#0"},
				"east": {"uv": [8, 0, 12, 6], "texture": "#0"},
				"south": {"uv": [8, 0, 8.5, 6], "texture": "#0"},
				"west": {"uv": [8, 0, 12, 6], "texture": "#0"}
			}
		},
		{
			"from": [12, 0, 11],
			"to": [12, 12, 12],
			"rotation": {"angle": 0, "axis": "y", "origin": [8, 0, 8]},
			"faces": {
				"north": {"uv": [8, 0, 12, 6], "texture": "#0"},
				"east": {"uv": [8, 0, 8.5, 6], "texture": "#0"},
				"south": {"uv": [8, 0, 12, 6], "texture": "#0"},
				"west": {"uv": [11.5, 0, 12, 6], "texture": "#0"}
			}
		},
		{
			"from": [12, 0, 9],
			"to": [12, 4, 11],
			"rotation": {"angle": 0, "axis": "y", "origin": [8, 0, 8]},
			"faces": {
				"north": {"uv": [8, 4, 12, 6], "texture": "#0"},
				"east": {"uv": [8.5, 4, 9.5, 6], "texture": "#0"},
				"south": {"uv": [8, 4, 12, 6], "texture": "#0"},
				"west": {"uv": [10.5, 4, 11.5, 6], "texture": "#0"}
			}
		},
		{
			"from": [12, 3, 7],
			"to": [12, 4, 9],
			"rotation": {"angle": 0, "axis": "y", "origin": [8, 0, 8]},
			"faces": {
				"north": {"uv": [8, 4, 12, 4.5], "texture": "#0"},
				"east": {"uv": [9.5, 4, 10.5, 4.5], "texture": "#0"},
				"south": {"uv": [8, 4, 12, 4.5], "texture": "#0"},
				"west": {"uv": [9.5, 4, 10.5, 4.5], "texture": "#0"}
			}
		},
		{
			"from": [12, 0, 5],
			"to": [12, 4, 7],
			"rotation": {"angle": 0, "axis": "y", "origin": [8, 0, 8]},
			"faces": {
				"north": {"uv": [8, 4, 12, 6], "texture": "#0"},
				"east": {"uv": [10.5, 4, 11.5, 6], "texture": "#0"},
				"south": {"uv": [8, 4, 12, 6], "texture": "#0"},
				"west": {"uv": [8.5, 4, 9.5, 6], "texture": "#0"}
			}
		},
		{
			"from": [12, 5, 5],
			"to": [12, 6, 11],
			"rotation": {"angle": 0, "axis": "y", "origin": [8, 0, 8]},
			"faces": {
				"north": {"uv": [8, 3, 12, 3.5], "texture": "#0"},
				"east": {"uv": [8.5, 3, 11.5, 3.5], "texture": "#0"},
				"south": {"uv": [8, 3, 12, 3.5], "texture": "#0"},
				"west": {"uv": [8.5, 3, 11.5, 3.5], "texture": "#0"}
			}
		},
		{
			"from": [12, 6, 9],
			"to": [12, 10, 10],
			"rotation": {"angle": 0, "axis": "y", "origin": [8, 0, 8]},
			"faces": {
				"north": {"uv": [8, 1, 12, 3], "texture": "#0"},
				"east": {"uv": [9, 1, 9.5, 3], "texture": "#0"},
				"south": {"uv": [8, 1, 12, 3], "texture": "#0"},
				"west": {"uv": [10.5, 1, 11, 3], "texture": "#0"}
			}
		},
		{
			"from": [12, 6, 6],
			"to": [12, 10, 7],
			"rotation": {"angle": 0, "axis": "y", "origin": [8, 0, 8]},
			"faces": {
				"north": {"uv": [8, 1, 12, 3], "texture": "#0"},
				"east": {"uv": [10.5, 1, 11, 3], "texture": "#0"},
				"south": {"uv": [8, 1, 12, 3], "texture": "#0"},
				"west": {"uv": [9, 1, 9.5, 3], "texture": "#0"}
			}
		},
		{
			"from": [12, 6, 5],
			"to": [12, 10, 5],
			"rotation": {"angle": 0, "axis": "y", "origin": [8, 0, 8]},
			"faces": {
				"north": {"uv": [8, 1, 12, 3], "texture": "#0"},
				"east": {"uv": [11.5, 1, 11.5, 3], "texture": "#0"},
				"south": {"uv": [8, 1, 12, 3], "texture": "#0"},
				"west": {"uv": [8.5, 1, 8.5, 3], "texture": "#0"}
			}
		},
		{
			"from": [12, 10, 5],
			"to": [12, 11, 11],
			"rotation": {"angle": 0, "axis": "y", "origin": [8, 0, 8]},
			"faces": {
				"north": {"uv": [8, 0.5, 12, 1], "texture": "#0"},
				"east": {"uv": [8.5, 0.5, 11.5, 1], "texture": "#0"},
				"south": {"uv": [8, 0.5, 12, 1], "texture": "#0"},
				"west": {"uv": [8.5, 0.5, 11.5, 1], "texture": "#0"}
			}
		},
		{
			"from": [12, 11, 5],
			"to": [12, 12, 11],
			"rotation": {"angle": 0, "axis": "y", "origin": [8, 0, 8]},
			"faces": {
				"north": {"uv": [8, 0, 12, 0.5], "texture": "#0"},
				"east": {"uv": [8.5, 0, 11.5, 0.5], "texture": "#0"},
				"south": {"uv": [8, 0, 12, 0.5], "texture": "#0"},
				"west": {"uv": [8.5, 0, 11.5, 0.5], "texture": "#0"}
			}
		},
		{
			"from": [12, 0, 4],
			"to": [12, 12, 5],
			"rotation": {"angle": 0, "axis": "y", "origin": [8, 0, 8]},
			"faces": {
				"north": {"uv": [8, 0, 12, 6], "texture": "#0"},
				"east": {"uv": [11.5, 0, 12, 6], "texture": "#0"},
				"south": {"uv": [8, 0, 12, 6], "texture": "#0"},
				"west": {"uv": [8, 0, 8.5, 6], "texture": "#0"}
			}
		},
		{
			"from": [4, 0, 12],
			"to": [5, 12, 12],
			"rotation": {"angle": 0, "axis": "y", "origin": [8, 0, 8]},
			"faces": {
				"north": {"uv": [11.5, 0, 12, 6], "texture": "#0"},
				"east": {"uv": [8, 0, 12, 6], "texture": "#0"},
				"south": {"uv": [8, 0, 8.5, 6], "texture": "#0"},
				"west": {"uv": [8, 0, 12, 6], "texture": "#0"}
			}
		},
		{
			"from": [5, 0, 12],
			"to": [7, 4, 12],
			"rotation": {"angle": 0, "axis": "y", "origin": [8, 0, 8]},
			"faces": {
				"north": {"uv": [10.5, 4, 11.5, 6], "texture": "#0"},
				"east": {"uv": [8, 4, 12, 6], "texture": "#0"},
				"south": {"uv": [8.5, 4, 9.5, 6], "texture": "#0"},
				"west": {"uv": [8, 4, 12, 6], "texture": "#0"}
			}
		},
		{
			"from": [7, 3, 12],
			"to": [9, 4, 12],
			"rotation": {"angle": 0, "axis": "y", "origin": [8, 0, 8]},
			"faces": {
				"north": {"uv": [9.5, 4, 10.5, 4.5], "texture": "#0"},
				"east": {"uv": [8, 4, 12, 4.5], "texture": "#0"},
				"south": {"uv": [9.5, 4, 10.5, 4.5], "texture": "#0"},
				"west": {"uv": [8, 4, 12, 4.5], "texture": "#0"}
			}
		},
		{
			"from": [9, 0, 12],
			"to": [11, 4, 12],
			"rotation": {"angle": 0, "axis": "y", "origin": [8, 0, 8]},
			"faces": {
				"north": {"uv": [8.5, 4, 9.5, 6], "texture": "#0"},
				"east": {"uv": [8, 4, 12, 6], "texture": "#0"},
				"south": {"uv": [10.5, 4, 11.5, 6], "texture": "#0"},
				"west": {"uv": [8, 4, 12, 6], "texture": "#0"}
			}
		},
		{
			"from": [5, 5, 12],
			"to": [11, 6, 12],
			"rotation": {"angle": 0, "axis": "y", "origin": [8, 0, 8]},
			"faces": {
				"north": {"uv": [8.5, 3, 11.5, 3.5], "texture": "#0"},
				"east": {"uv": [8, 3, 12, 3.5], "texture": "#0"},
				"south": {"uv": [8.5, 3, 11.5, 3.5], "texture": "#0"},
				"west": {"uv": [8, 3, 12, 3.5], "texture": "#0"}
			}
		},
		{
			"from": [6, 6, 12],
			"to": [7, 10, 12],
			"rotation": {"angle": 0, "axis": "y", "origin": [8, 0, 8]},
			"faces": {
				"north": {"uv": [10.5, 1, 11, 3], "texture": "#0"},
				"east": {"uv": [8, 1, 12, 3], "texture": "#0"},
				"south": {"uv": [9, 1, 9.5, 3], "texture": "#0"},
				"west": {"uv": [8, 1, 12, 3], "texture": "#0"}
			}
		},
		{
			"from": [9, 6, 12],
			"to": [10, 10, 12],
			"rotation": {"angle": 0, "axis": "y", "origin": [8, 0, 8]},
			"faces": {
				"north": {"uv": [9, 1, 9.5, 3], "texture": "#0"},
				"east": {"uv": [8, 1, 12, 3], "texture": "#0"},
				"south": {"uv": [10.5, 1, 11, 3], "texture": "#0"},
				"west": {"uv": [8, 1, 12, 3], "texture": "#0"}
			}
		},
		{
			"from": [11, 6, 12],
			"to": [11, 10, 12],
			"rotation": {"angle": 0, "axis": "y", "origin": [8, 0, 8]},
			"faces": {
				"north": {"uv": [8.5, 1, 8.5, 3], "texture": "#0"},
				"east": {"uv": [8, 1, 12, 3], "texture": "#0"},
				"south": {"uv": [11.5, 1, 11.5, 3], "texture": "#0"},
				"west": {"uv": [8, 1, 12, 3], "texture": "#0"}
			}
		},
		{
			"from": [5, 10, 12],
			"to": [11, 11, 12],
			"rotation": {"angle": 0, "axis": "y", "origin": [8, 0, 8]},
			"faces": {
				"north": {"uv": [8.5, 0.5, 11.5, 1], "texture": "#0"},
				"east": {"uv": [8, 0.5, 12, 1], "texture": "#0"},
				"south": {"uv": [8.5, 0.5, 11.5, 1], "texture": "#0"},
				"west": {"uv": [8, 0.5, 12, 1], "texture": "#0"}
			}
		},
		{
			"from": [5, 11, 12],
			"to": [11, 12, 12],
			"rotation": {"angle": 0, "axis": "y", "origin": [8, 0, 8]},
			"faces": {
				"north": {"uv": [8.5, 0, 11.5, 0.5], "texture": "#0"},
				"east": {"uv": [8, 0, 12, 0.5], "texture": "#0"},
				"south": {"uv": [8.5, 0, 11.5, 0.5], "texture": "#0"},
				"west": {"uv": [8, 0, 12, 0.5], "texture": "#0"}
			}
		},
		{
			"from": [11, 0, 12],
			"to": [12, 12, 12],
			"rotation": {"angle": 0, "axis": "y", "origin": [8, 0, 8]},
			"faces": {
				"north": {"uv": [8, 0, 8.5, 6], "texture": "#0"},
				"east": {"uv": [8, 0, 12, 6], "texture": "#0"},
				"south": {"uv": [11.5, 0, 12, 6], "texture": "#0"},
				"west": {"uv": [8, 0, 12, 6], "texture": "#0"}
			}
		},
		{
			"from": [2.995, 16.005, 2.995],
			"to": [3.995, 16.005, 3.995],
			"light_emission": 15,
			"rotation": {"angle": 0, "axis": "y", "origin": [0, 16, 0]},
			"faces": {
				"up": {"uv": [6.50094, 6.50094, 6.00125, 6.00125], "texture": "#5"}
			}
		},
		{
			"from": [2.995, 16.005, 4.995],
			"to": [4.995, 16.005, 6.995],
			"light_emission": 15,
			"rotation": {"angle": 0, "axis": "y", "origin": [0, 16, 0]},
			"faces": {
				"up": {"uv": [6.50094, 5.50156, 5.50156, 4.50219], "texture": "#5"}
			}
		},
		{
			"from": [4.995, 16.005, 2.995],
			"to": [6.995, 16.005, 6.995],
			"light_emission": 15,
			"rotation": {"angle": 0, "axis": "y", "origin": [0, 16, 0]},
			"faces": {
				"up": {"uv": [5.50156, 6.50094, 4.50219, 4.50219], "texture": "#5"}
			}
		},
		{
			"from": [6.995, 16.005, -0.005],
			"to": [8.995, 16.005, 0.995],
			"light_emission": 15,
			"rotation": {"angle": 0, "axis": "y", "origin": [0, 16, 0]},
			"faces": {
				"up": {"uv": [4.50219, 8, 3.50281, 7.50031], "texture": "#5"}
			}
		},
		{
			"from": [6.995, 16.005, 2.995],
			"to": [8.995, 16.005, 6.995],
			"light_emission": 15,
			"rotation": {"angle": 0, "axis": "y", "origin": [0, 16, 0]},
			"faces": {
				"up": {"uv": [4.50219, 6.50094, 3.50281, 4.50219], "texture": "#5"}
			}
		},
		{
			"from": [8.995, 16.005, 2.995],
			"to": [10.995, 16.005, 4.995],
			"light_emission": 15,
			"rotation": {"angle": 0, "axis": "y", "origin": [0, 16, 0]},
			"faces": {
				"up": {"uv": [3.50281, 6.50094, 2.50344, 5.50156], "texture": "#5"}
			}
		},
		{
			"from": [8.995, 16.005, 4.995],
			"to": [12.995, 16.005, 6.995],
			"light_emission": 15,
			"rotation": {"angle": 0, "axis": "y", "origin": [0, 16, 0]},
			"faces": {
				"up": {"uv": [3.50281, 5.50156, 1.50406, 4.50219], "texture": "#5"}
			}
		},
		{
			"from": [-0.005, 16.005, 6.995],
			"to": [16.005, 16.005, 6.995],
			"light_emission": 15,
			"rotation": {"angle": 0, "axis": "y", "origin": [0, 16, 0]},
			"faces": {
				"up": {"uv": [8, 4.50219, 0, 4.50219], "texture": "#5"}
			}
		},
		{
			"from": [-0.005, 16.005, 6.995],
			"to": [0.995, 16.005, 8.995],
			"light_emission": 15,
			"rotation": {"angle": 0, "axis": "y", "origin": [0, 16, 0]},
			"faces": {
				"up": {"uv": [8, 4.50219, 7.50031, 3.50281], "texture": "#5"}
			}
		},
		{
			"from": [-0.005, 13.005, 3.995],
			"to": [-0.005, 15.005, 5.995],
			"light_emission": 15,
			"rotation": {"angle": 0, "axis": "y", "origin": [8, 16, 8]},
			"faces": {
				"west": {"uv": [10.00023, 0.5026, 11.0002, 1.50219], "texture": "#5"}
			}
		},
		{
			"from": [-0.005, 13.005, 6.995],
			"to": [-0.005, 16.005, 8.995],
			"light_emission": 15,
			"rotation": {"angle": 0, "axis": "y", "origin": [8, 16, 8]},
			"faces": {
				"west": {"uv": [11.50018, 0.00281, 12.50014, 1.50219], "texture": "#5"}
			}
		},
		{
			"from": [-0.005, 13.005, 9.995],
			"to": [-0.005, 15.005, 11.995],
			"light_emission": 15,
			"rotation": {"angle": 0, "axis": "y", "origin": [8, 16, 8]},
			"faces": {
				"west": {"uv": [13.00012, 0.5026, 14.00008, 1.50219], "texture": "#5"}
			}
		},
		{
			"from": [10.005, 13.005, -0.005],
			"to": [12.005, 15.005, -0.005],
			"light_emission": 15,
			"rotation": {"angle": 0, "axis": "y", "origin": [8, 16, 8]},
			"faces": {
				"north": {"uv": [10.00023, 0.5026, 11.0002, 1.50219], "texture": "#5"}
			}
		},
		{
			"from": [7.005, 13.005, -0.005],
			"to": [9.005, 16.005, -0.005],
			"light_emission": 15,
			"rotation": {"angle": 0, "axis": "y", "origin": [8, 16, 8]},
			"faces": {
				"north": {"uv": [11.50018, 0.00281, 12.50014, 1.50219], "texture": "#5"}
			}
		},
		{
			"from": [4.005, 13.005, -0.005],
			"to": [6.005, 15.005, -0.005],
			"light_emission": 15,
			"rotation": {"angle": 0, "axis": "y", "origin": [8, 16, 8]},
			"faces": {
				"north": {"uv": [13.00012, 0.5026, 14.00008, 1.50219], "texture": "#5"}
			}
		},
		{
			"from": [16.005, 13.005, 10.005],
			"to": [16.005, 15.005, 12.005],
			"light_emission": 15,
			"rotation": {"angle": 0, "axis": "y", "origin": [8, 16, 8]},
			"faces": {
				"east": {"uv": [10.00023, 0.5026, 11.0002, 1.50219], "texture": "#5"}
			}
		},
		{
			"from": [16.005, 13.005, 7.005],
			"to": [16.005, 16.005, 9.005],
			"light_emission": 15,
			"rotation": {"angle": 0, "axis": "y", "origin": [8, 16, 8]},
			"faces": {
				"east": {"uv": [11.50018, 0.00281, 12.50014, 1.50219], "texture": "#5"}
			}
		},
		{
			"from": [16.005, 13.005, 4.005],
			"to": [16.005, 15.005, 6.005],
			"light_emission": 15,
			"rotation": {"angle": 0, "axis": "y", "origin": [8, 16, 8]},
			"faces": {
				"east": {"uv": [13.00012, 0.5026, 14.00008, 1.50219], "texture": "#5"}
			}
		},
		{
			"from": [3.995, 13.005, 16.005],
			"to": [5.995, 15.005, 16.005],
			"light_emission": 15,
			"rotation": {"angle": 0, "axis": "y", "origin": [8, 16, 8]},
			"faces": {
				"south": {"uv": [10.00023, 0.5026, 11.0002, 1.50219], "texture": "#5"}
			}
		},
		{
			"from": [6.995, 13.005, 16.005],
			"to": [8.995, 16.005, 16.005],
			"light_emission": 15,
			"rotation": {"angle": 0, "axis": "y", "origin": [8, 16, 8]},
			"faces": {
				"south": {"uv": [11.50018, 0.00281, 12.50014, 1.50219], "texture": "#5"}
			}
		},
		{
			"from": [9.995, 13.005, 16.005],
			"to": [11.995, 15.005, 16.005],
			"light_emission": 15,
			"rotation": {"angle": 0, "axis": "y", "origin": [8, 16, 8]},
			"faces": {
				"south": {"uv": [13.00012, 0.5026, 14.00008, 1.50219], "texture": "#5"}
			}
		},
		{
			"from": [-0.005, 16.005, 6.995],
			"to": [0.995, 16.005, 8.995],
			"light_emission": 15,
			"rotation": {"angle": 0, "axis": "y", "origin": [0, 16, 0]},
			"faces": {
				"up": {"uv": [8, 4.50219, 7.50031, 3.50281], "texture": "#5"}
			}
		},
		{
			"from": [2.995, 16.005, 6.995],
			"to": [12.995, 16.005, 8.995],
			"light_emission": 15,
			"rotation": {"angle": 0, "axis": "y", "origin": [0, 16, 0]},
			"faces": {
				"up": {"uv": [6.50094, 4.50219, 1.50406, 3.50281], "texture": "#5"}
			}
		},
		{
			"from": [14.995, 16.005, 6.995],
			"to": [16.005, 16.005, 8.995],
			"light_emission": 15,
			"rotation": {"angle": 0, "axis": "y", "origin": [0, 16, 0]},
			"faces": {
				"up": {"uv": [0.50468, 4.50219, 0, 3.50281], "texture": "#5"}
			}
		},
		{
			"from": [2.995, 16.005, 8.995],
			"to": [6.995, 16.005, 10.995],
			"light_emission": 15,
			"rotation": {"angle": 0, "axis": "y", "origin": [0, 16, 0]},
			"faces": {
				"up": {"uv": [6.50094, 3.50281, 4.50219, 2.50344], "texture": "#5"}
			}
		},
		{
			"from": [2.995, 16.005, 11.995],
			"to": [3.995, 16.005, 12.995],
			"light_emission": 15,
			"rotation": {"angle": 0, "axis": "y", "origin": [0, 16, 0]},
			"faces": {
				"up": {"uv": [6.50094, 2.00375, 6.00125, 1.50406], "texture": "#5"}
			}
		},
		{
			"from": [4.995, 16.005, 10.995],
			"to": [6.995, 16.005, 12.995],
			"light_emission": 15,
			"rotation": {"angle": 0, "axis": "y", "origin": [0, 16, 0]},
			"faces": {
				"up": {"uv": [5.50156, 2.50344, 4.50219, 1.50406], "texture": "#5"}
			}
		},
		{
			"from": [6.995, 16.005, 8.995],
			"to": [8.995, 16.005, 12.995],
			"light_emission": 15,
			"rotation": {"angle": 0, "axis": "y", "origin": [0, 16, 0]},
			"faces": {
				"up": {"uv": [4.50219, 3.50281, 3.50281, 1.50406], "texture": "#5"}
			}
		},
		{
			"from": [6.995, 16.005, 14.995],
			"to": [8.995, 16.005, 16.005],
			"light_emission": 15,
			"rotation": {"angle": 0, "axis": "y", "origin": [0, 16, 0]},
			"faces": {
				"up": {"uv": [4.50219, 0.50468, 3.50281, 0], "texture": "#5"}
			}
		},
		{
			"from": [8.995, 16.005, 8.995],
			"to": [10.995, 16.005, 12.995],
			"light_emission": 15,
			"rotation": {"angle": 0, "axis": "y", "origin": [0, 16, 0]},
			"faces": {
				"up": {"uv": [3.50281, 3.50281, 2.50344, 1.50406], "texture": "#5"}
			}
		},
		{
			"from": [10.995, 16.005, 8.995],
			"to": [12.995, 16.005, 10.995],
			"light_emission": 15,
			"rotation": {"angle": 0, "axis": "y", "origin": [0, 16, 0]},
			"faces": {
				"up": {"uv": [2.50344, 3.50281, 1.50406, 2.50344], "texture": "#5"}
			}
		},
		{
			"from": [11.995, 16.005, 11.995],
			"to": [12.995, 16.005, 12.995],
			"light_emission": 15,
			"rotation": {"angle": 0, "axis": "y", "origin": [0, 16, 0]},
			"faces": {
				"up": {"uv": [2.00375, 2.00375, 1.50406, 1.50406], "texture": "#5"}
			}
		},
		{
			"from": [11.995, 16.005, 2.995],
			"to": [12.995, 16.005, 3.995],
			"light_emission": 15,
			"rotation": {"angle": 0, "axis": "y", "origin": [0, 16, 0]},
			"faces": {
				"up": {"uv": [2.00375, 6.50094, 1.50406, 6.00125], "texture": "#5"}
			}
		}
	],
	"groups": [
		0,
		1,
		2,
		3,
		4,
		5,
		6,
		7,
		8,
		9,
		{
			"name": "group",
			"origin": [7, 0, 10],
			"color": 0,
			"wynncraft_billboard_pivot": "none",
			"wynncraft_block_brightness": -1,
			"wynncraft_sky_brightness": -1,
			"children": [10, 11, 12, 13, 14, 15, 16, 17, 18, 19, 20]
		},
		{
			"name": "group",
			"origin": [7, 0, 10],
			"color": 0,
			"wynncraft_billboard_pivot": "none",
			"wynncraft_block_brightness": -1,
			"wynncraft_sky_brightness": -1,
			"children": [21, 22, 23, 24, 25, 26, 27, 28, 29, 30, 31]
		},
		{
			"name": "group",
			"origin": [7, 0, 10],
			"color": 0,
			"wynncraft_billboard_pivot": "none",
			"wynncraft_block_brightness": -1,
			"wynncraft_sky_brightness": -1,
			"children": [32, 33, 34, 35, 36, 37, 38, 39, 40, 41, 42]
		},
		{
			"name": "group",
			"origin": [7, 0, 10],
			"color": 0,
			"wynncraft_billboard_pivot": "none",
			"wynncraft_block_brightness": -1,
			"wynncraft_sky_brightness": -1,
			"children": [43, 44, 45, 46, 47, 48, 49, 50, 51, 52, 53]
		},
		54,
		55,
		56,
		57,
		58,
		59,
		60,
		61,
		62,
		{
			"name": "group",
			"origin": [0, 16, 0],
			"color": 0,
			"wynncraft_billboard_pivot": "none",
			"wynncraft_block_brightness": -1,
			"wynncraft_sky_brightness": -1,
			"children": [63, 64, 65]
		},
		{
			"name": "group",
			"origin": [0, 16, 0],
			"color": 0,
			"wynncraft_billboard_pivot": "none",
			"wynncraft_block_brightness": -1,
			"wynncraft_sky_brightness": -1,
			"children": [66, 67, 68]
		},
		{
			"name": "group",
			"origin": [0, 16, 0],
			"color": 0,
			"wynncraft_billboard_pivot": "none",
			"wynncraft_block_brightness": -1,
			"wynncraft_sky_brightness": -1,
			"children": [69, 70, 71]
		},
		{
			"name": "group",
			"origin": [0, 16, 0],
			"color": 0,
			"wynncraft_billboard_pivot": "none",
			"wynncraft_block_brightness": -1,
			"wynncraft_sky_brightness": -1,
			"children": [72, 73, 74]
		},
		75,
		76,
		77,
		78,
		79,
		80,
		81,
		82,
		83,
		84,
		85,
		86
	]
}