{
	"format_version": "1.21.6",
	"texture_size": [32, 32],
	"textures": {
		"0": "block/custom/icarus_interface",
		"5": "block/custom/icarus_interface_e",
		"particle": "block/custom/icarus_interface"
	},
	"elements": [
		{
			"from": [0, 12, 0],
			"to": [16, 16, 16],
			"rotation": {"angle": 0, "axis": "y", "origin": [0, 12, 0]},
			"faces": {
				"north": {"uv": [8, 6, 16, 8], "texture": "#0"},
				"east": {"uv": [8, 6, 16, 8], "texture": "#0"},
				"south": {"uv": [8, 6, 16, 8], "texture": "#0"},
				"west": {"uv": [8, 6, 16, 8], "texture": "#0"},
				"up": {"uv": [8, 8, 0, 0], "texture": "#0"},
				"down": {"uv": [8, 8, 0, 16], "texture": "#0"}
			}
		},
		{
			"from": [6, 0, 6],
			"to": [10, 12, 10],
			"light_emission": 15,
			"rotation": {"angle": 0, "axis": "y", "origin": [7, 10, 7]},
			"faces": {
				"north": {"uv": [0, 8, 2, 14], "texture": "#5"},
				"east": {"uv": [0, 8, 2, 14], "texture": "#5"},
				"south": {"uv": [0, 8, 2, 14], "texture": "#5"},
				"west": {"uv": [0, 8, 2, 14], "texture": "#5"},
				"down": {"uv": [14, 4, 12, 6], "texture": "#5"}
			}
		},
		{
			"from": [0, 0, 10],
			"to": [6, 4, 16],
			"rotation": {"angle": 0, "axis": "y", "origin": [4, 0, 14]},
			"faces": {
				"north": {"uv": [12, 0, 15, 2], "texture": "#0"},
				"east": {"uv": [15, 0, 12, 2], "texture": "#0"},
				"south": {"uv": [12, 2, 15, 4], "texture": "#0"},
				"west": {"uv": [15, 2, 12, 4], "texture": "#0"},
				"up": {"uv": [13, 11, 10, 8], "texture": "#0"},
				"down": {"uv": [13, 11, 10, 14], "texture": "#0"}
			}
		},
		{
			"from": [10, 0, 10],
			"to": [16, 4, 16],
			"rotation": {"angle": 0, "axis": "y", "origin": [12, 0, 14]},
			"faces": {
				"north": {"uv": [15, 0, 12, 2], "texture": "#0"},
				"east": {"uv": [12, 2, 15, 4], "texture": "#0"},
				"south": {"uv": [15, 2, 12, 4], "texture": "#0"},
				"west": {"uv": [12, 0, 15, 2], "texture": "#0"},
				"up": {"uv": [10, 11, 13, 8], "texture": "#0"},
				"down": {"uv": [10, 11, 13, 14], "texture": "#0"}
			}
		},
		{
			"from": [10, 0, 0],
			"to": [16, 4, 6],
			"rotation": {"angle": 0, "axis": "y", "origin": [12, 0, 2]},
			"faces": {
				"north": {"uv": [12, 2, 15, 4], "texture": "#0"},
				"east": {"uv": [15, 2, 12, 4], "texture": "#0"},
				"south": {"uv": [12, 0, 15, 2], "texture": "#0"},
				"west": {"uv": [15, 0, 12, 2], "texture": "#0"},
				"up": {"uv": [10, 8, 13, 11], "texture": "#0"},
				"down": {"uv": [10, 14, 13, 11], "texture": "#0"}
			}
		},
		{
			"from": [0, 0, 0],
			"to": [6, 4, 6],
			"rotation": {"angle": 0, "axis": "y", "origin": [4, 0, 2]},
			"faces": {
				"north": {"uv": [15, 2, 12, 4], "texture": "#0"},
				"east": {"uv": [12, 0, 15, 2], "texture": "#0"},
				"south": {"uv": [15, 0, 12, 2], "texture": "#0"},
				"west": {"uv": [12, 2, 15, 4], "texture": "#0"},
				"up": {"uv": [13, 8, 10, 11], "texture": "#0"},
				"down": {"uv": [13, 14, 10, 11], "texture": "#0"}
			}
		},
		{
			"from": [6, 0, 10],
			"to": [10, 2, 15],
			"rotation": {"angle": 0, "axis": "y", "origin": [8, 0, 14]},
			"faces": {
				"south": {"uv": [14, 4, 16, 5], "texture": "#0"},
				"up": {"uv": [15, 11, 13, 8.5], "texture": "#0"},
				"down": {"uv": [15, 11.5, 13, 14], "texture": "#0"}
			}
		},
		{
			"from": [6, 0, 1],
			"to": [10, 2, 6],
			"rotation": {"angle": 0, "axis": "y", "origin": [8, 0, 2]},
			"faces": {
				"north": {"uv": [16, 4, 14, 5], "texture": "#0"},
				"up": {"uv": [15, 8.5, 13, 11], "texture": "#0"},
				"down": {"uv": [15, 14, 13, 11.5], "texture": "#0"}
			}
		},
		{
			"from": [10, 0, 6],
			"to": [15, 2, 10],
			"rotation": {"angle": 0, "axis": "y", "origin": [14, 0, 8]},
			"faces": {
				"east": {"uv": [14, 4, 16, 5], "texture": "#0"},
				"up": {"uv": [15, 11, 13, 8.5], "rotation": 270, "texture": "#0"},
				"down": {"uv": [15, 11.5, 13, 14], "rotation": 90, "texture": "#0"}
			}
		},
		{
			"from": [1, 0, 6],
			"to": [6, 2, 10],
			"rotation": {"angle": 0, "axis": "y", "origin": [2, 0, 8]},
			"faces": {
				"west": {"uv": [16, 4, 14, 5], "texture": "#0"},
				"up": {"uv": [15, 8.5, 13, 11], "rotation": 270, "texture": "#0"},
				"down": {"uv": [15, 14, 13, 11.5], "rotation": 90, "texture": "#0"}
			}
		},
		{
			"from": [4, 0, 4],
			"to": [12, 12, 12],
			"rotation": {"angle": 0, "axis": "y", "origin": [7, 0, 10]},
			"faces": {
				"north": {"uv": [8, 0, 12, 6], "texture": "#0"},
				"east": {"uv": [8, 0, 12, 6], "texture": "#0"},
				"south": {"uv": [8, 0, 12, 6], "texture": "#0"},
				"west": {"uv": [8, 0, 12, 6], "texture": "#0"}
			}
		},
		{
			"from": [12, 0, 4],
			"to": [4, 12, 12],
			"rotation": {"angle": 0, "axis": "y", "origin": [15, 0, 10]},
			"faces": {
				"north": {"uv": [12, 0, 8, 6], "texture": "#0"},
				"east": {"uv": [8, 0, 12, 6], "texture": "#0"},
				"south": {"uv": [12, 0, 8, 6], "texture": "#0"},
				"west": {"uv": [8, 0, 12, 6], "texture": "#0"}
			}
		},
		{
			"from": [-0.005, 11.995, -0.005],
			"to": [16.005, 16.005, 16.005],
			"light_emission": 15,
			"rotation": {"angle": 0, "axis": "y", "origin": [0, 16, 0]},
			"faces": {
				"north": {"uv": [8, 0, 16, 2], "texture": "#5"},
				"east": {"uv": [8, 0, 16, 2], "texture": "#5"},
				"south": {"uv": [8, 0, 16, 2], "texture": "#5"},
				"west": {"uv": [8, 0, 16, 2], "texture": "#5"},
				"up": {"uv": [8, 8, 0, 0], "texture": "#5"}
			}
		}
	]
}