{
	"format_version": "1.21.6",
	"texture_size": [32, 32],
	"textures": {
		"0": "block/custom/landmine",
		"1": "block/custom/landmine_light",
		"particle": "block/custom/landmine"
	},
	"elements": [
		{
			"from": [0, 0, 0],
			"to": [16, 3, 16],
			"faces": {
				"north": {"uv": [8, 0, 16, 1.5], "texture": "#0"},
				"east": {"uv": [8, 0, 16, 1.5], "texture": "#0"},
				"south": {"uv": [8, 0, 16, 1.5], "texture": "#0"},
				"west": {"uv": [8, 0, 16, 1.5], "texture": "#0"},
				"up": {"uv": [8, 8, 0, 0], "texture": "#0"},
				"down": {"uv": [8, 8, 0, 16], "texture": "#0"}
			}
		},
		{
			"from": [7, 3, 7],
			"to": [9, 4, 9],
			"rotation": {"angle": 0, "axis": "y", "origin": [7, 3, 7]},
			"faces": {
				"north": {"uv": [0, 2, 2, 3], "texture": "#1"},
				"east": {"uv": [0, 2, 2, 3], "texture": "#1"},
				"south": {"uv": [0, 2, 2, 3], "texture": "#1"},
				"west": {"uv": [0, 2, 2, 3], "texture": "#1"},
				"up": {"uv": [0, 0, 2, 2], "texture": "#1"}
			}
		}
	]
}