{
	"format_version": "1.21.6",
	"textures": {
		"0": "block/custom/turret_base",
		"1": "block/custom/lightning_trap",
		"particle": "block/custom/turret_base"
	},
	"elements": [
		{
			"from": [0, 0, 0],
			"to": [16, 3, 16],
			"faces": {
				"north": {"uv": [8, 3, 16, 4.5], "texture": "#0"},
				"east": {"uv": [8, 0, 16, 1.5], "texture": "#0"},
				"south": {"uv": [8, 1.5, 16, 3], "texture": "#0"},
				"west": {"uv": [8, 0, 16, 1.5], "texture": "#0"},
				"up": {"uv": [8, 8, 0, 0], "texture": "#0"},
				"down": {"uv": [8, 8, 0, 16], "texture": "#0"}
			}
		},
		{
			"from": [3, 3, 3],
			"to": [13, 4, 13],
			"rotation": {"angle": 0, "axis": "y", "origin": [7, 3, 7]},
			"faces": {
				"north": {"uv": [0, 10, 10, 11], "texture": "#1"},
				"east": {"uv": [0, 10, 10, 11], "texture": "#1"},
				"south": {"uv": [0, 10, 10, 11], "texture": "#1"},
				"west": {"uv": [0, 10, 10, 11], "texture": "#1"},
				"up": {"uv": [10, 10, 0, 0], "texture": "#1"}
			}
		},
		{
			"from": [5, 4, 5],
			"to": [11, 3, 11],
			"rotation": {"angle": 0, "axis": "y", "origin": [5, 4, 5]},
			"faces": {
				"north": {"uv": [10, 0, 16, 1], "texture": "#1"},
				"east": {"uv": [10, 0, 16, 1], "texture": "#1"},
				"south": {"uv": [10, 0, 16, 1], "texture": "#1"},
				"west": {"uv": [10, 0, 16, 1], "texture": "#1"}
			}
		},
		{
			"from": [6, 3, 6],
			"to": [10, 6, 10],
			"rotation": {"angle": 0, "axis": "y", "origin": [7, 3, 7]},
			"faces": {
				"north": {"uv": [10, 1, 14, 4], "texture": "#1"},
				"east": {"uv": [10, 1, 14, 4], "texture": "#1"},
				"south": {"uv": [10, 1, 14, 4], "texture": "#1"},
				"west": {"uv": [10, 1, 14, 4], "texture": "#1"},
				"up": {"uv": [10, 4, 14, 8], "texture": "#1"}
			}
		},
		{
			"from": [5, 3.015, 5],
			"to": [11, 3.015, 11],
			"rotation": {"angle": 0, "axis": "y", "origin": [7, 0, 7]},
			"faces": {
				"north": {"uv": [10, 1, 14, 4], "texture": "#1"},
				"east": {"uv": [10, 1, 14, 4], "texture": "#1"},
				"south": {"uv": [10, 1, 14, 4], "texture": "#1"},
				"west": {"uv": [10, 1, 14, 4], "texture": "#1"},
				"up": {"uv": [10, 8, 16, 14], "texture": "#1"}
			}
		},
		{
			"from": [7, 6.015, 7],
			"to": [9, 6.015, 9],
			"light_emission": 15,
			"rotation": {"angle": 0, "axis": "y", "origin": [7, 6, 7]},
			"faces": {
				"up": {"uv": [14, 1, 16, 3], "texture": "#1"}
			}
		},
		{
			"from": [5.995, 3.995, 5.995],
			"to": [10.005, 5.005, 10.005],
			"light_emission": 15,
			"rotation": {"angle": 0, "axis": "y", "origin": [7, 3, 7]},
			"faces": {
				"north": {"uv": [12, 14, 16, 15], "texture": "#1"},
				"east": {"uv": [12, 14, 16, 15], "texture": "#1"},
				"south": {"uv": [12, 14, 16, 15], "texture": "#1"},
				"west": {"uv": [12, 14, 16, 15], "texture": "#1"}
			}
		}
	]
}