{
	"format_version": "1.21.6",
	"texture_size": [32, 32],
	"textures": {
		"0": "block/custom/turret_base",
		"particle": "block/custom/turret_base"
	},
	"elements": [
		{
			"from": [0, 0, 0],
			"to": [16, 3, 16],
			"faces": {
				"north": {"uv": [8, 3, 16, 4.5], "texture": "#0"},
				"east": {"uv": [8, 4.5, 16, 6], "texture": "#0"},
				"south": {"uv": [8, 1.5, 16, 3], "texture": "#0"},
				"west": {"uv": [8, 0, 16, 1.5], "texture": "#0"},
				"up": {"uv": [8, 8, 0, 0], "texture": "#0"},
				"down": {"uv": [8, 8, 0, 16], "texture": "#0"}
			}
		}
	]
}