{
	"format_version": "1.21.6",
	"texture_size": [32, 32],
	"textures": {
		"0": "item/vehicle/propeller_blade",
		"particle": "item/vehicle/propeller_blade"
	},
	"elements": [
		{
			"from": [7.5, 8, 7.5],
			"to": [9.5, 16, 8.5],
			"rotation": {"angle": 22.5, "axis": "y", "origin": [8, 8, 8]},
			"faces": {
				"north": {"uv": [1.5, 0, 2.5, 4], "texture": "#0"},
				"east": {"uv": [2.5, 0, 3, 4], "texture": "#0"},
				"south": {"uv": [2.5, 0, 1.5, 4], "texture": "#0"},
				"west": {"uv": [3, 0, 3.5, 4], "texture": "#0"},
				"up": {"uv": [4.5, 0.5, 3.5, 0], "texture": "#0"},
				"down": {"uv": [4.5, 0.5, 3.5, 1], "texture": "#0"}
			}
		},
		{
			"from": [5.5, 8, 8],
			"to": [9.5, 26, 8],
			"rotation": {"angle": 22.5, "axis": "y", "origin": [8, 8, 8]},
			"faces": {
				"north": {"uv": [11, 0, 13, 9], "texture": "#0"},
				"east": {"uv": [0, 0, 0, 9], "texture": "#0"},
				"south": {"uv": [13, 0, 11, 9], "texture": "#0"},
				"west": {"uv": [0, 0, 0, 9], "texture": "#0"},
				"up": {"uv": [1.5, 0, 0, 0], "texture": "#0"},
				"down": {"uv": [1.5, 0, 0, 0], "texture": "#0"}
			}
		},
		{
			"from": [0, 7.5, 7.5],
			"to": [8, 9.5, 8.5],
			"rotation": {"angle": -22.5, "axis": "x", "origin": [8, 8, 8]},
			"faces": {
				"north": {"uv": [1.5, 0, 2.5, 4], "rotation": 90, "texture": "#0"},
				"east": {"uv": [4.5, 0.5, 3.5, 1], "rotation": 270, "texture": "#0"},
				"south": {"uv": [2.5, 0, 1.5, 4], "rotation": 270, "texture": "#0"},
				"west": {"uv": [4.5, 0.5, 3.5, 0], "rotation": 270, "texture": "#0"},
				"up": {"uv": [2.5, 0, 3, 4], "rotation": 270, "texture": "#0"},
				"down": {"uv": [3, 0, 3.5, 4], "rotation": 270, "texture": "#0"}
			}
		},
		{
			"from": [-10, 5.5, 8],
			"to": [8, 9.5, 8],
			"rotation": {"angle": -22.5, "axis": "x", "origin": [8, 8, 8]},
			"faces": {
				"north": {"uv": [11, 0, 13, 9], "rotation": 90, "texture": "#0"},
				"east": {"uv": [1.5, 0, 0, 0], "rotation": 270, "texture": "#0"},
				"south": {"uv": [13, 0, 11, 9], "rotation": 270, "texture": "#0"},
				"west": {"uv": [1.5, 0, 0, 0], "rotation": 270, "texture": "#0"},
				"up": {"uv": [0, 0, 0, 9], "rotation": 270, "texture": "#0"},
				"down": {"uv": [0, 0, 0, 9], "rotation": 270, "texture": "#0"}
			}
		},
		{
			"from": [6.5, 0, 7.5],
			"to": [8.5, 8, 8.5],
			"rotation": {"angle": -22.5, "axis": "y", "origin": [8, 8, 8]},
			"faces": {
				"north": {"uv": [1.5, 0, 2.5, 4], "rotation": 180, "texture": "#0"},
				"east": {"uv": [3, 0, 3.5, 4], "rotation": 180, "texture": "#0"},
				"south": {"uv": [2.5, 0, 1.5, 4], "rotation": 180, "texture": "#0"},
				"west": {"uv": [2.5, 0, 3, 4], "rotation": 180, "texture": "#0"},
				"up": {"uv": [4.5, 0.5, 3.5, 1], "rotation": 180, "texture": "#0"},
				"down": {"uv": [4.5, 0.5, 3.5, 0], "rotation": 180, "texture": "#0"}
			}
		},
		{
			"from": [6.5, -10, 8],
			"to": [10.5, 8, 8],
			"rotation": {"angle": -22.5, "axis": "y", "origin": [8, 8, 8]},
			"faces": {
				"north": {"uv": [11, 0, 13, 9], "rotation": 180, "texture": "#0"},
				"east": {"uv": [0, 0, 0, 9], "rotation": 180, "texture": "#0"},
				"south": {"uv": [13, 0, 11, 9], "rotation": 180, "texture": "#0"},
				"west": {"uv": [0, 0, 0, 9], "rotation": 180, "texture": "#0"},
				"up": {"uv": [1.5, 0, 0, 0], "rotation": 180, "texture": "#0"},
				"down": {"uv": [1.5, 0, 0, 0], "rotation": 180, "texture": "#0"}
			}
		},
		{
			"from": [8, 6.5, 7.5],
			"to": [16, 8.5, 8.5],
			"rotation": {"angle": 22.5, "axis": "x", "origin": [8, 8, 8]},
			"faces": {
				"north": {"uv": [1.5, 0, 2.5, 4], "rotation": 270, "texture": "#0"},
				"east": {"uv": [4.5, 0.5, 3.5, 0], "rotation": 90, "texture": "#0"},
				"south": {"uv": [2.5, 0, 1.5, 4], "rotation": 90, "texture": "#0"},
				"west": {"uv": [4.5, 0.5, 3.5, 1], "rotation": 90, "texture": "#0"},
				"up": {"uv": [3, 0, 3.5, 4], "rotation": 90, "texture": "#0"},
				"down": {"uv": [2.5, 0, 3, 4], "rotation": 90, "texture": "#0"}
			}
		},
		{
			"from": [8, 6.5, 8],
			"to": [26, 10.5, 8],
			"rotation": {"angle": 22.5, "axis": "x", "origin": [8, 8, 8]},
			"faces": {
				"north": {"uv": [11, 0, 13, 9], "rotation": 270, "texture": "#0"},
				"east": {"uv": [1.5, 0, 0, 0], "rotation": 90, "texture": "#0"},
				"south": {"uv": [13, 0, 11, 9], "rotation": 90, "texture": "#0"},
				"west": {"uv": [1.5, 0, 0, 0], "rotation": 90, "texture": "#0"},
				"up": {"uv": [0, 0, 0, 9], "rotation": 90, "texture": "#0"},
				"down": {"uv": [0, 0, 0, 9], "rotation": 90, "texture": "#0"}
			}
		}
	],
	"groups": [
		{
			"name": "group",
			"origin": [8, 9, 8],
			"color": 0,
			"wynncraft_billboard_pivot": "none",
			"wynncraft_block_brightness": -1,
			"wynncraft_sky_brightness": -1,
			"children": [0, 1]
		},
		{
			"name": "group",
			"origin": [8, 9, 8],
			"color": 0,
			"wynncraft_billboard_pivot": "none",
			"wynncraft_block_brightness": -1,
			"wynncraft_sky_brightness": -1,
			"children": [2, 3]
		},
		{
			"name": "group",
			"origin": [8, 9, 8],
			"color": 0,
			"wynncraft_billboard_pivot": "none",
			"wynncraft_block_brightness": -1,
			"wynncraft_sky_brightness": -1,
			"children": [4, 5]
		},
		{
			"name": "group",
			"origin": [8, 9, 8],
			"color": 0,
			"wynncraft_billboard_pivot": "none",
			"wynncraft_block_brightness": -1,
			"wynncraft_sky_brightness": -1,
			"children": [6, 7]
		}
	]
}