{
	"texture_size": [32, 32],
	"textures": {
		"0": "item/vehicle/propeller_blade",
		"particle": "item/vehicle/propeller_blade"
	},
	"elements": [
		{
			"from": [6.5, 9, 8],
			"to": [9.5, 27, 8],
			"rotation": {"angle": 22.5, "axis": "y", "origin": [8, 18, 8]},
			"faces": {
				"north": {"uv": [0, 0, 1.5, 9], "texture": "#0"},
				"east": {"uv": [0, 0, 0, 9], "texture": "#0"},
				"south": {"uv": [1.5, 0, 0, 9], "texture": "#0"},
				"west": {"uv": [0, 0, 0, 9], "texture": "#0"},
				"up": {"uv": [1.5, 0, 0, 0], "texture": "#0"},
				"down": {"uv": [1.5, 0, 0, 0], "texture": "#0"}
			}
		},
		{
			"from": [7.5, 9, 7.5],
			"to": [9.5, 17, 8.5],
			"rotation": {"angle": 22.5, "axis": "y", "origin": [8, 18, 8]},
			"faces": {
				"north": {"uv": [1.5, 0, 2.5, 4], "texture": "#0"},
				"east": {"uv": [2.5, 0, 3, 4], "texture": "#0"},
				"south": {"uv": [2.5, 0, 1.5, 4], "texture": "#0"},
				"west": {"uv": [3, 0, 3.5, 4], "texture": "#0"},
				"up": {"uv": [4.5, 0.5, 3.5, 0], "texture": "#0"},
				"down": {"uv": [4.5, 0.5, 3.5, 1], "texture": "#0"}
			}
		}
	]
}