{
	"format_version": "1.21.6",
	"texture_size": [32, 32],
	"textures": {
		"0": "item/vehicle/propeller_blade",
		"particle": "item/vehicle/propeller_blade"
	},
	"elements": [
		{
			"from": [6, 6, 8],
			"to": [10, 10, 13],
			"rotation": {"angle": 0, "axis": "y", "origin": [7, 7, 10]},
			"faces": {
				"north": {"uv": [11, 0, 9, 2], "texture": "#0"},
				"east": {"uv": [4.5, 2, 7, 0], "texture": "#0"},
				"south": {"uv": [9, 0, 7, 2], "texture": "#0"},
				"west": {"uv": [7, 0, 4.5, 2], "texture": "#0"},
				"up": {"uv": [7, 2, 4.5, 0], "rotation": 90, "texture": "#0"},
				"down": {"uv": [4.5, 0, 7, 2], "rotation": 90, "texture": "#0"}
			}
		}
	]
}