{
	"credit": "Made with Blockbench",
	"texture_size": [8, 8],
	"textures": {
		"5": "item/ring_inner",
		"6": "item/ring",
		"7": "item/ring_outer",
		"8": "item/ring_edge",
		"9": "item/capricorn",
		"10": "item/capricorn_1",
		"11": "item/capricorn_2",
		"12": "item/capricorn_3",
		"13": "item/capricorn_4",
		"14": "item/capricorn_5",
		"particle": "item/oshaune"
	},
	"elements": [
		{
			"from": [10, -0.75, -2.75],
			"to": [10, 20.75, 18.75],
			"rotation": {"angle": 22.5, "axis": "z", "origin": [10, -1, 0]},
			"faces": {
				"north": {"uv": [0, 0, 0, 16], "texture": "#5", "tintindex": 0},
				"east": {"uv": [0, 0, 16, 16], "texture": "#5", "tintindex": 0},
				"south": {"uv": [0, 0, 0, 16], "texture": "#5", "tintindex": 0},
				"west": {"uv": [0, 0, 16, 16], "texture": "#5", "tintindex": 0},
				"up": {"uv": [0, 0, 0, 16], "texture": "#5", "tintindex": 0},
				"down": {"uv": [0, 0, 0, 16], "texture": "#5", "tintindex": 0}
			}
		},
		{
			"from": [10, -3.5, -5.5],
			"to": [10, 23.5, 21.5],
			"rotation": {"angle": 22.5, "axis": "z", "origin": [10, -1, 0]},
			"faces": {
				"north": {"uv": [0, 0, 0, 16], "texture": "#6", "tintindex": 0},
				"east": {"uv": [0, 0, 16, 16], "texture": "#6", "tintindex": 0},
				"south": {"uv": [0, 0, 0, 16], "texture": "#6", "tintindex": 0},
				"west": {"uv": [0, 0, 16, 16], "texture": "#6", "tintindex": 0},
				"up": {"uv": [0, 0, 0, 16], "texture": "#6", "tintindex": 0},
				"down": {"uv": [0, 0, 0, 16], "texture": "#6", "tintindex": 0}
			}
		},
		{
			"from": [10, -6.5, -8.75],
			"to": [10, 26.5, 24.75],
			"rotation": {"angle": 22.5, "axis": "z", "origin": [10, -1, 0]},
			"faces": {
				"north": {"uv": [0, 0, 0, 16], "texture": "#7", "tintindex": 0},
				"east": {"uv": [0, 0, 16, 16], "texture": "#7", "tintindex": 0},
				"south": {"uv": [0, 0, 0, 16], "texture": "#7", "tintindex": 0},
				"west": {"uv": [0, 0, 16, 16], "texture": "#7", "tintindex": 0},
				"up": {"uv": [0, 0, 0, 16], "texture": "#7", "tintindex": 0},
				"down": {"uv": [0, 0, 0, 16], "texture": "#7", "tintindex": 0}
			}
		},
		{
			"from": [10, 1.25, -0.75],
			"to": [10, 18.75, 16.75],
			"rotation": {"angle": 22.5, "axis": "z", "origin": [10, -1, 0]},
			"faces": {
				"north": {"uv": [0, 0, 0, 16], "texture": "#7", "tintindex": 0},
				"east": {"uv": [0, 0, 16, 16], "texture": "#7", "tintindex": 0},
				"south": {"uv": [0, 0, 0, 16], "texture": "#7", "tintindex": 0},
				"west": {"uv": [0, 0, 16, 16], "texture": "#7", "tintindex": 0},
				"up": {"uv": [0, 0, 0, 16], "texture": "#7", "tintindex": 0},
				"down": {"uv": [0, 0, 0, 16], "texture": "#7", "tintindex": 0}
			}
		},
		{
			"from": [10, -12.5, -15],
			"to": [10, 32, 31],
			"rotation": {"angle": 22.5, "axis": "z", "origin": [10, -1, 0]},
			"faces": {
				"north": {"uv": [0, 0, 0, 16], "texture": "#8", "tintindex": 0},
				"east": {"uv": [0, 0, 16, 16], "texture": "#8", "tintindex": 0},
				"south": {"uv": [0, 0, 0, 16], "texture": "#8", "tintindex": 0},
				"west": {"uv": [0, 0, 16, 16], "texture": "#8", "tintindex": 0},
				"up": {"uv": [0, 0, 0, 16], "texture": "#8", "tintindex": 0},
				"down": {"uv": [0, 0, 0, 16], "texture": "#8", "tintindex": 0}
			}
		},
		{
			"from": [7, 14, 7],
			"to": [9, 14, 9],
			"rotation": {"angle": 0, "axis": "y", "origin": [0, -7, 0]},
			"faces": {
				"north": {"uv": [0, 0, 4, 0], "texture": "#9", "tintindex": 0},
				"east": {"uv": [0, 0, 4, 0], "texture": "#9", "tintindex": 0},
				"south": {"uv": [0, 0, 4, 0], "texture": "#9", "tintindex": 0},
				"west": {"uv": [0, 0, 4, 0], "texture": "#9", "tintindex": 0},
				"down": {"uv": [0, 0, 16, 16], "texture": "#9", "tintindex": 0}
			}
		},
		{
			"from": [9, 22, 1],
			"to": [11, 22, 3],
			"rotation": {"angle": 0, "axis": "y", "origin": [2, 1, -6]},
			"faces": {
				"north": {"uv": [0, 0, 4, 0], "texture": "#12", "tintindex": 0},
				"east": {"uv": [0, 0, 4, 0], "texture": "#12", "tintindex": 0},
				"south": {"uv": [0, 0, 4, 0], "texture": "#12", "tintindex": 0},
				"west": {"uv": [0, 0, 4, 0], "texture": "#12", "tintindex": 0},
				"down": {"uv": [0, 0, 16, 16], "texture": "#12", "tintindex": 0}
			}
		},
		{
			"from": [-5, 20, 7],
			"to": [-3, 20, 9],
			"rotation": {"angle": 0, "axis": "y", "origin": [-12, -1, 0]},
			"faces": {
				"north": {"uv": [0, 0, 4, 0], "texture": "#12", "tintindex": 0},
				"east": {"uv": [0, 0, 4, 0], "texture": "#12", "tintindex": 0},
				"south": {"uv": [0, 0, 4, 0], "texture": "#12", "tintindex": 0},
				"west": {"uv": [0, 0, 4, 0], "texture": "#12", "tintindex": 0},
				"down": {"uv": [0, 0, 16, 16], "texture": "#12", "tintindex": 0}
			}
		},
		{
			"from": [15, 24, 16],
			"to": [17, 24, 18],
			"rotation": {"angle": 0, "axis": "y", "origin": [8, 3, 9]},
			"faces": {
				"north": {"uv": [0, 0, 4, 0], "texture": "#12", "tintindex": 0},
				"east": {"uv": [0, 0, 4, 0], "texture": "#12", "tintindex": 0},
				"south": {"uv": [0, 0, 4, 0], "texture": "#12", "tintindex": 0},
				"west": {"uv": [0, 0, 4, 0], "texture": "#12", "tintindex": 0},
				"down": {"uv": [0, 0, 16, 16], "texture": "#12", "tintindex": 0}
			}
		},
		{
			"from": [20, 26, 10],
			"to": [22, 26, 12],
			"rotation": {"angle": 0, "axis": "y", "origin": [13, 5, 3]},
			"faces": {
				"north": {"uv": [0, 0, 4, 0], "texture": "#13", "tintindex": 0},
				"east": {"uv": [0, 0, 4, 0], "texture": "#13", "tintindex": 0},
				"south": {"uv": [0, 0, 4, 0], "texture": "#13", "tintindex": 0},
				"west": {"uv": [0, 0, 4, 0], "texture": "#13", "tintindex": 0},
				"down": {"uv": [0, 0, 16, 16], "texture": "#13", "tintindex": 0}
			}
		},
		{
			"from": [-16, 26, 3],
			"to": [-14, 26, 5],
			"rotation": {"angle": 0, "axis": "y", "origin": [-23, 5, -4]},
			"faces": {
				"north": {"uv": [0, 0, 4, 0], "texture": "#13", "tintindex": 0},
				"east": {"uv": [0, 0, 4, 0], "texture": "#13", "tintindex": 0},
				"south": {"uv": [0, 0, 4, 0], "texture": "#13", "tintindex": 0},
				"west": {"uv": [0, 0, 4, 0], "texture": "#13", "tintindex": 0},
				"down": {"uv": [0, 0, 16, 16], "texture": "#13", "tintindex": 0}
			}
		},
		{
			"from": [-2, 26, -10],
			"to": [0, 26, -8],
			"rotation": {"angle": 0, "axis": "y", "origin": [-9, 5, -17]},
			"faces": {
				"north": {"uv": [0, 0, 4, 0], "texture": "#13", "tintindex": 0},
				"east": {"uv": [0, 0, 4, 0], "texture": "#13", "tintindex": 0},
				"south": {"uv": [0, 0, 4, 0], "texture": "#13", "tintindex": 0},
				"west": {"uv": [0, 0, 4, 0], "texture": "#13", "tintindex": 0},
				"down": {"uv": [0, 0, 16, 16], "texture": "#13", "tintindex": 0}
			}
		},
		{
			"from": [26, 31, -8],
			"to": [28, 31, -6],
			"rotation": {"angle": 0, "axis": "y", "origin": [19, 10, -15]},
			"faces": {
				"north": {"uv": [0, 0, 4, 0], "texture": "#10", "tintindex": 0},
				"east": {"uv": [0, 0, 4, 0], "texture": "#10", "tintindex": 0},
				"south": {"uv": [0, 0, 4, 0], "texture": "#10", "tintindex": 0},
				"west": {"uv": [0, 0, 4, 0], "texture": "#10", "tintindex": 0},
				"down": {"uv": [0, 0, 16, 16], "texture": "#10", "tintindex": 0}
			}
		},
		{
			"from": [18, 31, -3],
			"to": [20, 31, -1],
			"rotation": {"angle": 0, "axis": "y", "origin": [11, 10, -10]},
			"faces": {
				"north": {"uv": [0, 0, 4, 0], "texture": "#14", "tintindex": 0},
				"east": {"uv": [0, 0, 4, 0], "texture": "#14", "tintindex": 0},
				"south": {"uv": [0, 0, 4, 0], "texture": "#14", "tintindex": 0},
				"west": {"uv": [0, 0, 4, 0], "texture": "#14", "tintindex": 0},
				"down": {"uv": [0, 0, 16, 16], "texture": "#14", "tintindex": 0}
			}
		},
		{
			"from": [-12, 31, 26],
			"to": [-10, 31, 28],
			"rotation": {"angle": 0, "axis": "y", "origin": [-19, 10, 19]},
			"faces": {
				"north": {"uv": [0, 0, 4, 0], "texture": "#10", "tintindex": 0},
				"east": {"uv": [0, 0, 4, 0], "texture": "#10", "tintindex": 0},
				"south": {"uv": [0, 0, 4, 0], "texture": "#10", "tintindex": 0},
				"west": {"uv": [0, 0, 4, 0], "texture": "#10", "tintindex": 0},
				"down": {"uv": [0, 0, 16, 16], "texture": "#10", "tintindex": 0}
			}
		},
		{
			"from": [-2, 31, 18],
			"to": [0, 31, 20],
			"rotation": {"angle": 0, "axis": "y", "origin": [-9, 10, 11]},
			"faces": {
				"north": {"uv": [0, 0, 4, 0], "texture": "#10", "tintindex": 0},
				"east": {"uv": [0, 0, 4, 0], "texture": "#10", "tintindex": 0},
				"south": {"uv": [0, 0, 4, 0], "texture": "#10", "tintindex": 0},
				"west": {"uv": [0, 0, 4, 0], "texture": "#10", "tintindex": 0},
				"down": {"uv": [0, 0, 16, 16], "texture": "#10", "tintindex": 0}
			}
		},
		{
			"from": [2, 21, 3],
			"to": [4, 21, 5],
			"rotation": {"angle": 0, "axis": "y", "origin": [-5, 0, -4]},
			"faces": {
				"north": {"uv": [0, 0, 4, 0], "texture": "#11", "tintindex": 0},
				"east": {"uv": [0, 0, 4, 0], "texture": "#11", "tintindex": 0},
				"south": {"uv": [0, 0, 4, 0], "texture": "#11", "tintindex": 0},
				"west": {"uv": [0, 0, 4, 0], "texture": "#11", "tintindex": 0},
				"down": {"uv": [0, 0, 16, 16], "texture": "#11", "tintindex": 0}
			}
		},
		{
			"from": [7, 24, 14],
			"to": [9, 24, 16],
			"rotation": {"angle": 0, "axis": "y", "origin": [0, 3, 7]},
			"faces": {
				"north": {"uv": [0, 0, 4, 0], "texture": "#11", "tintindex": 0},
				"east": {"uv": [0, 0, 4, 0], "texture": "#11", "tintindex": 0},
				"south": {"uv": [0, 0, 4, 0], "texture": "#11", "tintindex": 0},
				"west": {"uv": [0, 0, 4, 0], "texture": "#11", "tintindex": 0},
				"down": {"uv": [0, 0, 16, 16], "texture": "#11", "tintindex": 0}
			}
		},
		{
			"from": [12, 20, 12],
			"to": [14, 20, 14],
			"rotation": {"angle": 0, "axis": "y", "origin": [5, -1, 5]},
			"faces": {
				"north": {"uv": [0, 0, 4, 0], "texture": "#10", "tintindex": 0},
				"east": {"uv": [0, 0, 4, 0], "texture": "#10", "tintindex": 0},
				"south": {"uv": [0, 0, 4, 0], "texture": "#10", "tintindex": 0},
				"west": {"uv": [0, 0, 4, 0], "texture": "#10", "tintindex": 0},
				"down": {"uv": [0, 0, 16, 16], "texture": "#10", "tintindex": 0}
			}
		},
		{
			"from": [9, 23, 5],
			"to": [11, 23, 7],
			"rotation": {"angle": 0, "axis": "y", "origin": [2, 2, -2]},
			"faces": {
				"north": {"uv": [0, 0, 4, 0], "texture": "#12", "tintindex": 0},
				"east": {"uv": [0, 0, 4, 0], "texture": "#12", "tintindex": 0},
				"south": {"uv": [0, 0, 4, 0], "texture": "#12", "tintindex": 0},
				"west": {"uv": [0, 0, 4, 0], "texture": "#12", "tintindex": 0},
				"down": {"uv": [0, 0, 16, 16], "texture": "#12", "tintindex": 0}
			}
		},
		{
			"from": [1, 22, 7],
			"to": [3, 22, 9],
			"rotation": {"angle": 0, "axis": "y", "origin": [-6, 1, 0]},
			"faces": {
				"north": {"uv": [0, 0, 4, 0], "texture": "#11", "tintindex": 0},
				"east": {"uv": [0, 0, 4, 0], "texture": "#11", "tintindex": 0},
				"south": {"uv": [0, 0, 4, 0], "texture": "#11", "tintindex": 0},
				"west": {"uv": [0, 0, 4, 0], "texture": "#11", "tintindex": 0},
				"down": {"uv": [0, 0, 16, 16], "texture": "#11", "tintindex": 0}
			}
		},
		{
			"from": [4, 25, 18],
			"to": [6, 25, 20],
			"rotation": {"angle": 0, "axis": "y", "origin": [-3, 4, 11]},
			"faces": {
				"north": {"uv": [0, 0, 4, 0], "texture": "#12", "tintindex": 0},
				"east": {"uv": [0, 0, 4, 0], "texture": "#12", "tintindex": 0},
				"south": {"uv": [0, 0, 4, 0], "texture": "#12", "tintindex": 0},
				"west": {"uv": [0, 0, 4, 0], "texture": "#12", "tintindex": 0},
				"down": {"uv": [0, 0, 16, 16], "texture": "#12", "tintindex": 0}
			}
		},
		{
			"from": [4, 21, 20],
			"to": [6, 21, 22],
			"rotation": {"angle": 0, "axis": "y", "origin": [-3, 0, 13]},
			"faces": {
				"north": {"uv": [0, 0, 4, 0], "texture": "#10", "tintindex": 0},
				"east": {"uv": [0, 0, 4, 0], "texture": "#10", "tintindex": 0},
				"south": {"uv": [0, 0, 4, 0], "texture": "#10", "tintindex": 0},
				"west": {"uv": [0, 0, 4, 0], "texture": "#10", "tintindex": 0},
				"down": {"uv": [0, 0, 16, 16], "texture": "#10", "tintindex": 0}
			}
		},
		{
			"from": [13, 25, 20],
			"to": [15, 25, 22],
			"rotation": {"angle": 0, "axis": "y", "origin": [6, 4, 13]},
			"faces": {
				"north": {"uv": [0, 0, 4, 0], "texture": "#12", "tintindex": 0},
				"east": {"uv": [0, 0, 4, 0], "texture": "#12", "tintindex": 0},
				"south": {"uv": [0, 0, 4, 0], "texture": "#12", "tintindex": 0},
				"west": {"uv": [0, 0, 4, 0], "texture": "#12", "tintindex": 0},
				"down": {"uv": [0, 0, 16, 16], "texture": "#12", "tintindex": 0}
			}
		},
		{
			"from": [-2, 21, 11],
			"to": [0, 21, 13],
			"rotation": {"angle": 0, "axis": "y", "origin": [-9, 0, 4]},
			"faces": {
				"north": {"uv": [0, 0, 4, 0], "texture": "#12", "tintindex": 0},
				"east": {"uv": [0, 0, 4, 0], "texture": "#12", "tintindex": 0},
				"south": {"uv": [0, 0, 4, 0], "texture": "#12", "tintindex": 0},
				"west": {"uv": [0, 0, 4, 0], "texture": "#12", "tintindex": 0},
				"down": {"uv": [0, 0, 16, 16], "texture": "#12", "tintindex": 0}
			}
		},
		{
			"from": [20, 27, 14],
			"to": [22, 27, 16],
			"rotation": {"angle": 0, "axis": "y", "origin": [13, 6, 7]},
			"faces": {
				"north": {"uv": [0, 0, 4, 0], "texture": "#13", "tintindex": 0},
				"east": {"uv": [0, 0, 4, 0], "texture": "#13", "tintindex": 0},
				"south": {"uv": [0, 0, 4, 0], "texture": "#13", "tintindex": 0},
				"west": {"uv": [0, 0, 4, 0], "texture": "#13", "tintindex": 0},
				"down": {"uv": [0, 0, 16, 16], "texture": "#13", "tintindex": 0}
			}
		},
		{
			"from": [-10, 27, 7],
			"to": [-8, 27, 9],
			"rotation": {"angle": 0, "axis": "y", "origin": [-17, 6, 0]},
			"faces": {
				"north": {"uv": [0, 0, 4, 0], "texture": "#13", "tintindex": 0},
				"east": {"uv": [0, 0, 4, 0], "texture": "#13", "tintindex": 0},
				"south": {"uv": [0, 0, 4, 0], "texture": "#13", "tintindex": 0},
				"west": {"uv": [0, 0, 4, 0], "texture": "#13", "tintindex": 0},
				"down": {"uv": [0, 0, 16, 16], "texture": "#13", "tintindex": 0}
			}
		},
		{
			"from": [1, 27, -6],
			"to": [3, 27, -4],
			"rotation": {"angle": 0, "axis": "y", "origin": [-6, 6, -13]},
			"faces": {
				"north": {"uv": [0, 0, 4, 0], "texture": "#13", "tintindex": 0},
				"east": {"uv": [0, 0, 4, 0], "texture": "#13", "tintindex": 0},
				"south": {"uv": [0, 0, 4, 0], "texture": "#13", "tintindex": 0},
				"west": {"uv": [0, 0, 4, 0], "texture": "#13", "tintindex": 0},
				"down": {"uv": [0, 0, 16, 16], "texture": "#13", "tintindex": 0}
			}
		},
		{
			"from": [6, 32, -4],
			"to": [8, 32, -2],
			"rotation": {"angle": 0, "axis": "y", "origin": [-1, 11, -11]},
			"faces": {
				"north": {"uv": [0, 0, 4, 0], "texture": "#14", "tintindex": 0},
				"east": {"uv": [0, 0, 4, 0], "texture": "#14", "tintindex": 0},
				"south": {"uv": [0, 0, 4, 0], "texture": "#14", "tintindex": 0},
				"west": {"uv": [0, 0, 4, 0], "texture": "#14", "tintindex": 0},
				"down": {"uv": [0, 0, 16, 16], "texture": "#14", "tintindex": 0}
			}
		},
		{
			"from": [22, 32, -4],
			"to": [24, 32, -2],
			"rotation": {"angle": 0, "axis": "y", "origin": [15, 11, -11]},
			"faces": {
				"north": {"uv": [0, 0, 4, 0], "texture": "#10", "tintindex": 0},
				"east": {"uv": [0, 0, 4, 0], "texture": "#10", "tintindex": 0},
				"south": {"uv": [0, 0, 4, 0], "texture": "#10", "tintindex": 0},
				"west": {"uv": [0, 0, 4, 0], "texture": "#10", "tintindex": 0},
				"down": {"uv": [0, 0, 16, 16], "texture": "#10", "tintindex": 0}
			}
		},
		{
			"from": [17, 32, 1],
			"to": [19, 32, 3],
			"rotation": {"angle": 0, "axis": "y", "origin": [10, 11, -6]},
			"faces": {
				"north": {"uv": [0, 0, 4, 0], "texture": "#12", "tintindex": 0},
				"east": {"uv": [0, 0, 4, 0], "texture": "#12", "tintindex": 0},
				"south": {"uv": [0, 0, 4, 0], "texture": "#12", "tintindex": 0},
				"west": {"uv": [0, 0, 4, 0], "texture": "#12", "tintindex": 0},
				"down": {"uv": [0, 0, 16, 16], "texture": "#12", "tintindex": 0}
			}
		},
		{
			"from": [-12, 32, 30],
			"to": [-10, 32, 32],
			"rotation": {"angle": 0, "axis": "y", "origin": [-19, 11, 23]},
			"faces": {
				"north": {"uv": [0, 0, 4, 0], "texture": "#14", "tintindex": 0},
				"east": {"uv": [0, 0, 4, 0], "texture": "#14", "tintindex": 0},
				"south": {"uv": [0, 0, 4, 0], "texture": "#14", "tintindex": 0},
				"west": {"uv": [0, 0, 4, 0], "texture": "#14", "tintindex": 0},
				"down": {"uv": [0, 0, 16, 16], "texture": "#14", "tintindex": 0}
			}
		},
		{
			"from": [-6, 32, 22],
			"to": [-4, 32, 24],
			"rotation": {"angle": 0, "axis": "y", "origin": [-13, 11, 15]},
			"faces": {
				"north": {"uv": [0, 0, 4, 0], "texture": "#14", "tintindex": 0},
				"east": {"uv": [0, 0, 4, 0], "texture": "#14", "tintindex": 0},
				"south": {"uv": [0, 0, 4, 0], "texture": "#14", "tintindex": 0},
				"west": {"uv": [0, 0, 4, 0], "texture": "#14", "tintindex": 0},
				"down": {"uv": [0, 0, 16, 16], "texture": "#14", "tintindex": 0}
			}
		},
		{
			"from": [-16, 32, 23],
			"to": [-14, 32, 25],
			"rotation": {"angle": 0, "axis": "y", "origin": [-23, 11, 16]},
			"faces": {
				"north": {"uv": [0, 0, 4, 0], "texture": "#13", "tintindex": 0},
				"east": {"uv": [0, 0, 4, 0], "texture": "#13", "tintindex": 0},
				"south": {"uv": [0, 0, 4, 0], "texture": "#13", "tintindex": 0},
				"west": {"uv": [0, 0, 4, 0], "texture": "#13", "tintindex": 0},
				"down": {"uv": [0, 0, 16, 16], "texture": "#13", "tintindex": 0}
			}
		},
		{
			"from": [9, 20, -5],
			"to": [11, 20, -3],
			"rotation": {"angle": 0, "axis": "y", "origin": [2, -1, -12]},
			"faces": {
				"north": {"uv": [0, 0, 4, 0], "texture": "#12", "tintindex": 0},
				"east": {"uv": [0, 0, 4, 0], "texture": "#12", "tintindex": 0},
				"south": {"uv": [0, 0, 4, 0], "texture": "#12", "tintindex": 0},
				"west": {"uv": [0, 0, 4, 0], "texture": "#12", "tintindex": 0},
				"down": {"uv": [0, 0, 16, 16], "texture": "#12", "tintindex": 0}
			}
		},
		{
			"from": [5, 19, -3],
			"to": [7, 19, -1],
			"rotation": {"angle": 0, "axis": "y", "origin": [-2, -2, -10]},
			"faces": {
				"north": {"uv": [0, 0, 4, 0], "texture": "#11", "tintindex": 0},
				"east": {"uv": [0, 0, 4, 0], "texture": "#11", "tintindex": 0},
				"south": {"uv": [0, 0, 4, 0], "texture": "#11", "tintindex": 0},
				"west": {"uv": [0, 0, 4, 0], "texture": "#11", "tintindex": 0},
				"down": {"uv": [0, 0, 16, 16], "texture": "#11", "tintindex": 0}
			}
		},
		{
			"from": [5, 22, 8],
			"to": [7, 22, 10],
			"rotation": {"angle": 0, "axis": "y", "origin": [-2, 1, 1]},
			"faces": {
				"north": {"uv": [0, 0, 4, 0], "texture": "#11", "tintindex": 0},
				"east": {"uv": [0, 0, 4, 0], "texture": "#11", "tintindex": 0},
				"south": {"uv": [0, 0, 4, 0], "texture": "#11", "tintindex": 0},
				"west": {"uv": [0, 0, 4, 0], "texture": "#11", "tintindex": 0},
				"down": {"uv": [0, 0, 16, 16], "texture": "#11", "tintindex": 0}
			}
		},
		{
			"from": [9, 18, 6],
			"to": [11, 18, 8],
			"rotation": {"angle": 0, "axis": "y", "origin": [2, -3, -1]},
			"faces": {
				"north": {"uv": [0, 0, 4, 0], "texture": "#10", "tintindex": 0},
				"east": {"uv": [0, 0, 4, 0], "texture": "#10", "tintindex": 0},
				"south": {"uv": [0, 0, 4, 0], "texture": "#10", "tintindex": 0},
				"west": {"uv": [0, 0, 4, 0], "texture": "#10", "tintindex": 0},
				"down": {"uv": [0, 0, 16, 16], "texture": "#10", "tintindex": 0}
			}
		},
		{
			"from": [24, 22, 10],
			"to": [26, 22, 12],
			"rotation": {"angle": 0, "axis": "y", "origin": [17, 1, 3]},
			"faces": {
				"north": {"uv": [0, 0, 4, 0], "texture": "#12", "tintindex": 0},
				"east": {"uv": [0, 0, 4, 0], "texture": "#12", "tintindex": 0},
				"south": {"uv": [0, 0, 4, 0], "texture": "#12", "tintindex": 0},
				"west": {"uv": [0, 0, 4, 0], "texture": "#12", "tintindex": 0},
				"down": {"uv": [0, 0, 16, 16], "texture": "#12", "tintindex": 0}
			}
		},
		{
			"from": [-3, 18, 1],
			"to": [-1, 18, 3],
			"rotation": {"angle": 0, "axis": "y", "origin": [-10, -3, -6]},
			"faces": {
				"north": {"uv": [0, 0, 4, 0], "texture": "#12", "tintindex": 0},
				"east": {"uv": [0, 0, 4, 0], "texture": "#12", "tintindex": 0},
				"south": {"uv": [0, 0, 4, 0], "texture": "#12", "tintindex": 0},
				"west": {"uv": [0, 0, 4, 0], "texture": "#12", "tintindex": 0},
				"down": {"uv": [0, 0, 16, 16], "texture": "#12", "tintindex": 0}
			}
		},
		{
			"from": [20, 24, 4],
			"to": [22, 24, 6],
			"rotation": {"angle": 0, "axis": "y", "origin": [13, 3, -3]},
			"faces": {
				"north": {"uv": [0, 0, 4, 0], "texture": "#13", "tintindex": 0},
				"east": {"uv": [0, 0, 4, 0], "texture": "#13", "tintindex": 0},
				"south": {"uv": [0, 0, 4, 0], "texture": "#13", "tintindex": 0},
				"west": {"uv": [0, 0, 4, 0], "texture": "#13", "tintindex": 0},
				"down": {"uv": [0, 0, 16, 16], "texture": "#13", "tintindex": 0}
			}
		},
		{
			"from": [-10, 24, -3],
			"to": [-8, 24, -1],
			"rotation": {"angle": 0, "axis": "y", "origin": [-17, 3, -10]},
			"faces": {
				"north": {"uv": [0, 0, 4, 0], "texture": "#10", "tintindex": 0},
				"east": {"uv": [0, 0, 4, 0], "texture": "#10", "tintindex": 0},
				"south": {"uv": [0, 0, 4, 0], "texture": "#10", "tintindex": 0},
				"west": {"uv": [0, 0, 4, 0], "texture": "#10", "tintindex": 0},
				"down": {"uv": [0, 0, 16, 16], "texture": "#10", "tintindex": 0}
			}
		},
		{
			"from": [15, 24, -16],
			"to": [17, 24, -14],
			"rotation": {"angle": 0, "axis": "y", "origin": [8, 3, -23]},
			"faces": {
				"north": {"uv": [0, 0, 4, 0], "texture": "#13", "tintindex": 0},
				"east": {"uv": [0, 0, 4, 0], "texture": "#13", "tintindex": 0},
				"south": {"uv": [0, 0, 4, 0], "texture": "#13", "tintindex": 0},
				"west": {"uv": [0, 0, 4, 0], "texture": "#13", "tintindex": 0},
				"down": {"uv": [0, 0, 16, 16], "texture": "#13", "tintindex": 0}
			}
		},
		{
			"from": [-11, 29, -14],
			"to": [-9, 29, -12],
			"rotation": {"angle": 0, "axis": "y", "origin": [-18, 8, -21]},
			"faces": {
				"north": {"uv": [0, 0, 4, 0], "texture": "#14", "tintindex": 0},
				"east": {"uv": [0, 0, 4, 0], "texture": "#14", "tintindex": 0},
				"south": {"uv": [0, 0, 4, 0], "texture": "#14", "tintindex": 0},
				"west": {"uv": [0, 0, 4, 0], "texture": "#14", "tintindex": 0},
				"down": {"uv": [0, 0, 16, 16], "texture": "#14", "tintindex": 0}
			}
		},
		{
			"from": [23, 29, -14],
			"to": [25, 29, -12],
			"rotation": {"angle": 0, "axis": "y", "origin": [16, 8, -21]},
			"faces": {
				"north": {"uv": [0, 0, 4, 0], "texture": "#14", "tintindex": 0},
				"east": {"uv": [0, 0, 4, 0], "texture": "#14", "tintindex": 0},
				"south": {"uv": [0, 0, 4, 0], "texture": "#14", "tintindex": 0},
				"west": {"uv": [0, 0, 4, 0], "texture": "#14", "tintindex": 0},
				"down": {"uv": [0, 0, 16, 16], "texture": "#14", "tintindex": 0}
			}
		},
		{
			"from": [18, 29, -9],
			"to": [20, 29, -7],
			"rotation": {"angle": 0, "axis": "y", "origin": [11, 8, -16]},
			"faces": {
				"north": {"uv": [0, 0, 4, 0], "texture": "#14", "tintindex": 0},
				"east": {"uv": [0, 0, 4, 0], "texture": "#14", "tintindex": 0},
				"south": {"uv": [0, 0, 4, 0], "texture": "#14", "tintindex": 0},
				"west": {"uv": [0, 0, 4, 0], "texture": "#14", "tintindex": 0},
				"down": {"uv": [0, 0, 16, 16], "texture": "#14", "tintindex": 0}
			}
		},
		{
			"from": [-6, 29, 12],
			"to": [-4, 29, 14],
			"rotation": {"angle": 0, "axis": "y", "origin": [-13, 8, 5]},
			"faces": {
				"north": {"uv": [0, 0, 4, 0], "texture": "#14", "tintindex": 0},
				"east": {"uv": [0, 0, 4, 0], "texture": "#14", "tintindex": 0},
				"south": {"uv": [0, 0, 4, 0], "texture": "#14", "tintindex": 0},
				"west": {"uv": [0, 0, 4, 0], "texture": "#14", "tintindex": 0},
				"down": {"uv": [0, 0, 16, 16], "texture": "#14", "tintindex": 0}
			}
		},
		{
			"from": [-16, 29, 13],
			"to": [-14, 29, 15],
			"rotation": {"angle": 0, "axis": "y", "origin": [-23, 8, 6]},
			"faces": {
				"north": {"uv": [0, 0, 4, 0], "texture": "#10", "tintindex": 0},
				"east": {"uv": [0, 0, 4, 0], "texture": "#10", "tintindex": 0},
				"south": {"uv": [0, 0, 4, 0], "texture": "#10", "tintindex": 0},
				"west": {"uv": [0, 0, 4, 0], "texture": "#10", "tintindex": 0},
				"down": {"uv": [0, 0, 16, 16], "texture": "#10", "tintindex": 0}
			}
		}
	],
	"groups": [
		{
			"name": "group",
			"origin": [10, -1, 0],
			"color": 0,
			"children": [0, 1, 2, 3, 4]
		},
		{
			"name": "group",
			"origin": [8, 8, 8],
			"color": 0,
			"children": [
				{
					"name": "group",
					"origin": [-23, 8, 6],
					"color": 0,
					"children": [5, 6, 7, 8, 9, 10, 11, 12, 13, 14, 15, 16, 17, 18, 19, 20, 21, 22, 23, 24, 25, 26, 27, 28, 29, 30, 31, 32, 33, 34, 35, 36, 37, 38, 39, 40, 41, 42, 43, 44, 45, 46, 47]
				}
			]
		}
	]
}