{
	"format_version": "1.21.6",
	"texture_size": [32, 32],
	"textures": {
		"1": "item/particle_emitter/chain/1",
		"particle": "item/particle_emitter/chain/1"
	},
	"elements": [
		{
			"from": [-5.5, 8, -3],
			"to": [-2.5, 8, 21],
			"rotation": {"angle": 0, "axis": "y", "origin": [8, 8, 8]},
			"faces": {
				"up": {"uv": [1.5, 12, 0, 0], "texture": "#1", "tintindex": 0},
				"down": {"uv": [1.5, 0, 0, 12], "texture": "#1", "tintindex": 0}
			}
		},
		{
			"from": [-2.5, 8, 18],
			"to": [21.5, 8, 21],
			"rotation": {"angle": 0, "axis": "y", "origin": [8, 8, 8]},
			"faces": {
				"up": {"uv": [1.5, 12, 0, 0], "rotation": 270, "texture": "#1", "tintindex": 0},
				"down": {"uv": [1.5, 12, 0, 0], "rotation": 270, "texture": "#1", "tintindex": 0}
			}
		},
		{
			"from": [18.5, 8, -6],
			"to": [21.5, 8, 18],
			"rotation": {"angle": 0, "axis": "y", "origin": [8, 8, 8]},
			"faces": {
				"up": {"uv": [1.5, 12, 0, 0], "rotation": 180, "texture": "#1", "tintindex": 0},
				"down": {"uv": [1.5, 0, 0, 12], "rotation": 180, "texture": "#1", "tintindex": 0}
			}
		},
		{
			"from": [-5.5, 8, -6],
			"to": [18.5, 8, -3],
			"rotation": {"angle": 0, "axis": "y", "origin": [8, 8, 8]},
			"faces": {
				"up": {"uv": [1.5, 12, 0, 0], "rotation": 90, "texture": "#1", "tintindex": 0},
				"down": {"uv": [0, 12, 1.5, 0], "rotation": 90, "texture": "#1", "tintindex": 0}
			}
		},
		{
			"from": [-2.5, 6.5, -4.5],
			"to": [21.5, 9.5, -4.5],
			"rotation": {"angle": 0, "axis": "x", "origin": [8, 8, 8]},
			"faces": {
				"north": {"uv": [0, 12, 1.5, 0], "rotation": 270, "texture": "#1", "tintindex": 0},
				"south": {"uv": [1.5, 12, 0, 0], "rotation": 90, "texture": "#1", "tintindex": 0}
			}
		},
		{
			"from": [20, 6.5, -3],
			"to": [20, 9.5, 21],
			"rotation": {"angle": 0, "axis": "x", "origin": [7.5, 8, 7.5]},
			"faces": {
				"east": {"uv": [0, 12, 1.5, 0], "rotation": 270, "texture": "#1", "tintindex": 0},
				"west": {"uv": [1.5, 12, 0, 0], "rotation": 90, "texture": "#1", "tintindex": 0}
			}
		},
		{
			"from": [-5.5, 6.5, 19.75],
			"to": [18.5, 9.5, 19.75],
			"rotation": {"angle": 0, "axis": "x", "origin": [8, 8, 7.25]},
			"faces": {
				"north": {"uv": [1.5, 12, 0, 0], "rotation": 90, "texture": "#1", "tintindex": 0},
				"south": {"uv": [0, 12, 1.5, 0], "rotation": 270, "texture": "#1", "tintindex": 0}
			}
		},
		{
			"from": [-4.5, 6.5, -6],
			"to": [-4.5, 9.5, 18],
			"rotation": {"angle": 0, "axis": "x", "origin": [8, 8, 7.5]},
			"faces": {
				"east": {"uv": [1.5, 12, 0, 0], "rotation": 90, "texture": "#1", "tintindex": 0},
				"west": {"uv": [0, 12, 1.5, 0], "rotation": 270, "texture": "#1", "tintindex": 0}
			}
		}
	],
	"display": {
		"head": {
			"scale": [4, 4, 4]
		}
	}
}