{
  "model": {
    "type": "select",
    "property": "custom_model_data",
    "fallback": {
      "type": "model",
      "model": "item/clay_ball"
    },
    "cases": [
	  {
        "when": "planet_1",
        "model": {
          "type": "model",
          "model": "prop_items/structure/planets/planet_1"
        }
      },
	  {
        "when": "planet_2",
        "model": {
          "type": "model",
          "model": "prop_items/structure/planets/planet_2"
        }
      },
      {
        "when": "1",
        "model": {
          "type": "model",
          "model": "skybox/end_sky",
          "tints": [
			{"i": "0 : Layer 1", "type": "minecraft:constant", "value": [ 0.388235294, 0, 	 0 ]},
			{"i": "1 : Layer 2", "type": "minecraft:constant", "value": [ 0.388235294, 0.01, 0 ]},
			{"i": "2 : Layer 3", "type": "minecraft:constant", "value": [ 0.388235294, 0.02, 0 ]},
			{"i": "3 : Layer 4", "type": "minecraft:constant", "value": [ 0.388235294, 0.03, 0 ]},
			{"i": "4 : Layer 5", "type": "minecraft:constant", "value": [ 0.388235294, 0.04, 0 ]},
			{"i": "5 : Layer 1 Spin 0", "type": "minecraft:constant", "value": [ 0.388235294, 0.02, 1 ]},
			{"i": "6 : Layer 2 Spin -0.75", "type": "minecraft:constant", "value": [ 0.388235294, 0.03, 0.31372549 ]},
			{"i": "7 : Layer 3 Spin 0.5", "type": "minecraft:constant", "value": [ 0.388235294, 0.04, 0.62745098 ]}
		  ]
        }
      },
      {
        "when": "2",
        "model": {
          "type": "model",
          "model": "skybox/black_hole_sky",
          "tints": [
			{"i": "0 : Layer 1", "type": "minecraft:constant", "value": [ 0.388235294, 0, 	 0 ]},
			{"i": "1 : Layer 2", "type": "minecraft:constant", "value": [ 0.388235294, 0.01, 0 ]},
			{"i": "2 : Layer 3", "type": "minecraft:constant", "value": [ 0.388235294, 0.02, 0 ]},
			{"i": "3 : Layer 4", "type": "minecraft:constant", "value": [ 0.388235294, 0.03, 0 ]},
			{"i": "4 : Layer 5", "type": "minecraft:constant", "value": [ 0.388235294, 0.04, 0 ]},
			{"i": "5 : Layer 1 Spin 0", "type": "minecraft:constant", "value": [ 0.388235294, 0.02, 1 ]},
			{"i": "6 : Layer 2 Spin -0.75", "type": "minecraft:constant", "value": [ 0.388235294, 0.03, 0.31372549 ]},
			{"i": "7 : Layer 3 Spin 0.5", "type": "minecraft:constant", "value": [ 0.388235294, 0.04, 0.62745098 ]}
		  ]
        }
      },
      {
        "when": "3",
        "model": {
          "type": "model",
          "model": "skybox/oshaune_orbit",
          "tints": [
			{"i": "0 : Layer 1", "type": "minecraft:constant", "value": [ 0.388235294, 0, 	 0 ]},
			{"i": "1 : Layer 2", "type": "minecraft:constant", "value": [ 0.388235294, 0.01, 0 ]},
			{"i": "2 : Layer 3", "type": "minecraft:constant", "value": [ 0.388235294, 0.02, 0 ]},
			{"i": "3 : Layer 4", "type": "minecraft:constant", "value": [ 0.388235294, 0.03, 0 ]},
			{"i": "4 : Layer 5", "type": "minecraft:constant", "value": [ 0.388235294, 0.04, 0 ]},
			{"i": "5 : Layer 1 Spin 0", "type": "minecraft:constant", "value": [ 0.388235294, 0.02, 1 ]},
			{"i": "6 : Layer 2 Spin -0.75", "type": "minecraft:constant", "value": [ 0.388235294, 0.03, 0.31372549 ]},
			{"i": "7 : Layer 3 Spin 0.5", "type": "minecraft:constant", "value": [ 0.388235294, 0.04, 0.62745098 ]}
		  ]
        }
      },
      {
        "when": "4",
        "model": {
          "type": "model",
          "model": "skybox/oshaune",
          "tints": [
			{"i": "0 : Layer 1", "type": "minecraft:constant", "value": [ 0.388235294, 0, 	 0 ]},
			{"i": "1 : Layer 2", "type": "minecraft:constant", "value": [ 0.388235294, 0.01, 0 ]},
			{"i": "2 : Layer 3", "type": "minecraft:constant", "value": [ 0.388235294, 0.02, 0 ]},
			{"i": "3 : Layer 4", "type": "minecraft:constant", "value": [ 0.388235294, 0.03, 0 ]},
			{"i": "4 : Layer 5", "type": "minecraft:constant", "value": [ 0.388235294, 0.04, 0 ]},
			{"i": "5 : Layer 1 Spin 0", "type": "minecraft:constant", "value": [ 0.388235294, 0.02, 1 ]},
			{"i": "6 : Layer 2 Spin -0.75", "type": "minecraft:constant", "value": [ 0.388235294, 0.03, 0.31372549 ]},
			{"i": "7 : Layer 3 Spin 0.5", "type": "minecraft:constant", "value": [ 0.388235294, 0.04, 0.62745098 ]}
		  ]
        }
      },
      {
        "when": "5",
        "model": {
          "type": "model",
          "model": "skybox/space_travel",
          "tints": [
			{"i": "0 : Layer 1", "type": "minecraft:constant", "value": [ 0.388235294, 0, 	 0 ]},
			{"i": "1 : Layer 2", "type": "minecraft:constant", "value": [ 0.388235294, 0.01, 0 ]},
			{"i": "2 : Layer 3", "type": "minecraft:constant", "value": [ 0.388235294, 0.02, 0 ]},
			{"i": "3 : Layer 4", "type": "minecraft:constant", "value": [ 0.388235294, 0.03, 0 ]},
			{"i": "4 : Layer 5", "type": "minecraft:constant", "value": [ 0.388235294, 0.04, 0 ]},
			{"i": "5 : Layer 1 Spin 0", "type": "minecraft:constant", "value": [ 0.388235294, 0.02, 1 ]},
			{"i": "6 : Layer 2 Spin -0.75", "type": "minecraft:constant", "value": [ 0.388235294, 0.03, 0.31372549 ]},
			{"i": "7 : Layer 3 Spin 0.5", "type": "minecraft:constant", "value": [ 0.388235294, 0.04, 0.62745098 ]}
		  ]
        }
      },
      {
        "when": "6",
        "model": {
          "type": "model",
          "model": "skybox/space_travel_slow",
          "tints": [
			{"i": "0 : Layer 1", "type": "minecraft:constant", "value": [ 0.388235294, 0, 	 0 ]},
			{"i": "1 : Layer 2", "type": "minecraft:constant", "value": [ 0.388235294, 0.01, 0 ]},
			{"i": "2 : Layer 3", "type": "minecraft:constant", "value": [ 0.388235294, 0.02, 0 ]},
			{"i": "3 : Layer 4", "type": "minecraft:constant", "value": [ 0.388235294, 0.03, 0 ]},
			{"i": "4 : Layer 5", "type": "minecraft:constant", "value": [ 0.388235294, 0.04, 0 ]},
			{"i": "5 : Layer 1 Spin 0", "type": "minecraft:constant", "value": [ 0.388235294, 0.02, 1 ]},
			{"i": "6 : Layer 2 Spin -0.75", "type": "minecraft:constant", "value": [ 0.388235294, 0.03, 0.31372549 ]},
			{"i": "7 : Layer 3 Spin 0.5", "type": "minecraft:constant", "value": [ 0.388235294, 0.04, 0.62745098 ]}
		  ]
        }
      },
      {
        "when": "7",
        "model": {
          "type": "model",
          "model": "skybox/meridia",
          "tints": [
			{"i": "0 : Layer 1", "type": "minecraft:constant", "value": [ 0.388235294, 0, 	 0 ]},
			{"i": "1 : Layer 2", "type": "minecraft:constant", "value": [ 0.388235294, 0.01, 0 ]},
			{"i": "2 : Layer 3", "type": "minecraft:constant", "value": [ 0.388235294, 0.02, 0 ]},
			{"i": "3 : Layer 4", "type": "minecraft:constant", "value": [ 0.388235294, 0.03, 0 ]},
			{"i": "4 : Layer 5", "type": "minecraft:constant", "value": [ 0.388235294, 0.04, 0 ]},
			{"i": "5 : Layer 1 Spin 0", "type": "minecraft:constant", "value": [ 0.388235294, 0.02, 1 ]},
			{"i": "6 : Layer 2 Spin -0.75", "type": "minecraft:constant", "value": [ 0.388235294, 0.03, 0.31372549 ]},
			{"i": "7 : Layer 3 Spin 0.5", "type": "minecraft:constant", "value": [ 0.388235294, 0.04, 0.62745098 ]}
		  ]
        }
      },
      {
        "when": "8",
        "model": {
          "type": "model",
          "model": "skybox/space",
          "tints": [
			{"i": "0 : Layer 1", "type": "minecraft:constant", "value": [ 0.388235294, 0, 	 0 ]},
			{"i": "1 : Layer 2", "type": "minecraft:constant", "value": [ 0.388235294, 0.01, 0 ]},
			{"i": "2 : Layer 3", "type": "minecraft:constant", "value": [ 0.388235294, 0.02, 0 ]},
			{"i": "3 : Layer 4", "type": "minecraft:constant", "value": [ 0.388235294, 0.03, 0 ]},
			{"i": "4 : Layer 5", "type": "minecraft:constant", "value": [ 0.388235294, 0.04, 0 ]},
			{"i": "5 : Layer 1 Spin 0", "type": "minecraft:constant", "value": [ 0.388235294, 0.02, 1 ]},
			{"i": "6 : Layer 2 Spin -0.75", "type": "minecraft:constant", "value": [ 0.388235294, 0.03, 0.31372549 ]},
			{"i": "7 : Layer 3 Spin 0.5", "type": "minecraft:constant", "value": [ 0.388235294, 0.04, 0.62745098 ]}
		  ]
        }
      },
      {
        "when": "9",
        "model": {
          "type": "model",
          "model": "skybox/meridia_no_space",
          "tints": [
			{"i": "0 : Layer 1", "type": "minecraft:constant", "value": [ 0.388235294, 0, 	 0 ]},
			{"i": "1 : Layer 2", "type": "minecraft:constant", "value": [ 0.388235294, 0.01, 0 ]},
			{"i": "2 : Layer 3", "type": "minecraft:constant", "value": [ 0.388235294, 0.02, 0 ]},
			{"i": "3 : Layer 4", "type": "minecraft:constant", "value": [ 0.388235294, 0.03, 0 ]},
			{"i": "4 : Layer 5", "type": "minecraft:constant", "value": [ 0.388235294, 0.04, 0 ]},
			{"i": "5 : Layer 1 Spin 0", "type": "minecraft:constant", "value": [ 0.388235294, 0.02, 1 ]},
			{"i": "6 : Layer 2 Spin -0.75", "type": "minecraft:constant", "value": [ 0.388235294, 0.03, 0.31372549 ]},
			{"i": "7 : Layer 3 Spin 0.5", "type": "minecraft:constant", "value": [ 0.388235294, 0.04, 0.62745098 ]}
		  ]
        }
      },
      {
        "when": "10",
        "model": {
          "type": "model",
          "model": "skybox/meridia_planet_orbit",
          "tints": [
			{"i": "0 : Layer 1", "type": "minecraft:constant", "value": [ 0.388235294, 0, 	 0 ]},
			{"i": "1 : Layer 2", "type": "minecraft:constant", "value": [ 0.388235294, 0.01, 0 ]},
			{"i": "2 : Layer 3", "type": "minecraft:constant", "value": [ 0.388235294, 0.02, 0 ]},
			{"i": "3 : Layer 4", "type": "minecraft:constant", "value": [ 0.388235294, 0.03, 0 ]},
			{"i": "4 : Layer 5", "type": "minecraft:constant", "value": [ 0.388235294, 0.04, 0 ]},
			{"i": "5 : Layer 1 Spin 0", "type": "minecraft:constant", "value": [ 0.388235294, 0.02, 1 ]},
			{"i": "6 : Layer 2 Spin -0.75", "type": "minecraft:constant", "value": [ 0.388235294, 0.03, 0.31372549 ]},
			{"i": "7 : Layer 3 Spin 0.5", "type": "minecraft:constant", "value": [ 0.388235294, 0.04, 0.62745098 ]}
		  ]
        }
      },
      {
        "when": "11",
        "model": {
          "type": "model",
          "model": "skybox/meridia_travel",
          "tints": [
			{"i": "0 : Layer 1", "type": "minecraft:constant", "value": [ 0.388235294, 0, 	 0 ]},
			{"i": "1 : Layer 2", "type": "minecraft:constant", "value": [ 0.388235294, 0.01, 0 ]},
			{"i": "2 : Layer 3", "type": "minecraft:constant", "value": [ 0.388235294, 0.02, 0 ]},
			{"i": "3 : Layer 4", "type": "minecraft:constant", "value": [ 0.388235294, 0.03, 0 ]},
			{"i": "4 : Layer 5", "type": "minecraft:constant", "value": [ 0.388235294, 0.04, 0 ]},
			{"i": "5 : Layer 1 Spin 0", "type": "minecraft:constant", "value": [ 0.388235294, 0.02, 1 ]},
			{"i": "6 : Layer 2 Spin -0.75", "type": "minecraft:constant", "value": [ 0.388235294, 0.03, 0.31372549 ]},
			{"i": "7 : Layer 3 Spin 0.5", "type": "minecraft:constant", "value": [ 0.388235294, 0.04, 0.62745098 ]}
		  ]
        }
      },
      {
        "when": "12",
        "model": {
          "type": "model",
          "model": "skybox/meridia_no_spin",
          "tints": [
			{"i": "0 : Layer 1", "type": "minecraft:constant", "value": [ 0.388235294, 0, 	 0 ]},
			{"i": "1 : Layer 2", "type": "minecraft:constant", "value": [ 0.388235294, 0.01, 0 ]},
			{"i": "2 : Layer 3", "type": "minecraft:constant", "value": [ 0.388235294, 0.02, 0 ]},
			{"i": "3 : Layer 4", "type": "minecraft:constant", "value": [ 0.388235294, 0.03, 0 ]},
			{"i": "4 : Layer 5", "type": "minecraft:constant", "value": [ 0.388235294, 0.04, 0 ]},
			{"i": "5 : Layer 1 Spin 0", "type": "minecraft:constant", "value": [ 0.388235294, 0.02, 1 ]},
			{"i": "6 : Layer 2 Spin -0.75", "type": "minecraft:constant", "value": [ 0.388235294, 0.03, 0.31372549 ]},
			{"i": "7 : Layer 3 Spin 0.5", "type": "minecraft:constant", "value": [ 0.388235294, 0.04, 0.62745098 ]}
		  ]
        }
      },
      {
        "when": "13",
        "model": {
          "type": "model",
          "model": "skybox/reality",
          "tints": [
			{"i": "0 : Layer 1", "type": "minecraft:constant", "value": [ 0.388235294, 0, 	 0 ]},
			{"i": "1 : Layer 2", "type": "minecraft:constant", "value": [ 0.388235294, 0.01, 0 ]},
			{"i": "2 : Layer 3", "type": "minecraft:constant", "value": [ 0.388235294, 0.02, 0 ]},
			{"i": "3 : Layer 4", "type": "minecraft:constant", "value": [ 0.388235294, 0.03, 0 ]},
			{"i": "4 : Layer 5", "type": "minecraft:constant", "value": [ 0.388235294, 0.04, 0 ]},
			{"i": "5 : Layer 1 Spin 0", "type": "minecraft:constant", "value": [ 0.388235294, 0.02, 1 ]},
			{"i": "6 : Layer 2 Spin -0.75", "type": "minecraft:constant", "value": [ 0.388235294, 0.03, 0.31372549 ]},
			{"i": "7 : Layer 3 Spin 0.5", "type": "minecraft:constant", "value": [ 0.388235294, 0.04, 0.62745098 ]}
		  ]
        }
      },
      {
        "when": "14",
        "model": {
          "type": "model",
          "model": "skybox/reality_update",
          "tints": [
			{"i": "0 : Layer 1", "type": "minecraft:constant", "value": [ 0.388235294, 0, 	 0 ]},
			{"i": "1 : Layer 2", "type": "minecraft:constant", "value": [ 0.388235294, 0.01, 0 ]},
			{"i": "2 : Layer 3", "type": "minecraft:constant", "value": [ 0.388235294, 0.02, 0 ]},
			{"i": "3 : Layer 4", "type": "minecraft:constant", "value": [ 0.388235294, 0.03, 0 ]},
			{"i": "4 : Layer 5", "type": "minecraft:constant", "value": [ 0.388235294, 0.04, 0 ]},
			{"i": "5 : Layer 1 Spin 0", "type": "minecraft:constant", "value": [ 0.388235294, 0.02, 1 ]},
			{"i": "6 : Layer 2 Spin -0.75", "type": "minecraft:constant", "value": [ 0.388235294, 0.03, 0.31372549 ]},
			{"i": "7 : Layer 3 Spin 0.5", "type": "minecraft:constant", "value": [ 0.388235294, 0.04, 0.62745098 ]}
		  ]
        }
      },
      {
        "when": "15",
        "model": {
          "type": "model",
          "model": "skybox/void",
          "tints": [
			{"i": "0 : Layer 1", "type": "minecraft:constant", "value": [ 0.388235294, 0, 	 0 ]},
			{"i": "1 : Layer 2", "type": "minecraft:constant", "value": [ 0.388235294, 0.01, 0 ]},
			{"i": "2 : Layer 3", "type": "minecraft:constant", "value": [ 0.388235294, 0.02, 0 ]},
			{"i": "3 : Layer 4", "type": "minecraft:constant", "value": [ 0.388235294, 0.03, 0 ]},
			{"i": "4 : Layer 5", "type": "minecraft:constant", "value": [ 0.388235294, 0.04, 0 ]},
			{"i": "5 : Layer 1 Spin 0", "type": "minecraft:constant", "value": [ 0.388235294, 0.02, 1 ]},
			{"i": "6 : Layer 2 Spin -0.75", "type": "minecraft:constant", "value": [ 0.388235294, 0.03, 0.31372549 ]},
			{"i": "7 : Layer 3 Spin 0.5", "type": "minecraft:constant", "value": [ 0.388235294, 0.04, 0.62745098 ]}
		  ]
        }
      },
      {
        "when": "16",
        "model": {
          "type": "model",
          "model": "skybox/space_travel_medium",
          "tints": [
			{"i": "0 : Layer 1", "type": "minecraft:constant", "value": [ 0.388235294, 0, 	 0 ]},
			{"i": "1 : Layer 2", "type": "minecraft:constant", "value": [ 0.388235294, 0.01, 0 ]},
			{"i": "2 : Layer 3", "type": "minecraft:constant", "value": [ 0.388235294, 0.02, 0 ]},
			{"i": "3 : Layer 4", "type": "minecraft:constant", "value": [ 0.388235294, 0.03, 0 ]},
			{"i": "4 : Layer 5", "type": "minecraft:constant", "value": [ 0.388235294, 0.04, 0 ]},
			{"i": "5 : Layer 1 Spin 0", "type": "minecraft:constant", "value": [ 0.388235294, 0.02, 1 ]},
			{"i": "6 : Layer 2 Spin -0.75", "type": "minecraft:constant", "value": [ 0.388235294, 0.03, 0.31372549 ]},
			{"i": "7 : Layer 3 Spin 0.5", "type": "minecraft:constant", "value": [ 0.388235294, 0.04, 0.62745098 ]}
		  ]
        }
      },
      {
        "when": "star_close",
        "model": {
          "type": "model",
          "model": "skybox/star/star_close",
          "tints": [
			{"type": "minecraft:custom_model_data", "index": 0, "default": 6552832 },
			{"type": "minecraft:custom_model_data", "index": 1, "default": 6553088 },
			{"type": "minecraft:custom_model_data", "index": 2, "default": 6553344 },
			
			{"i": "0 : Layer 1", "type": "minecraft:constant", "index": 3, "value": [ 0.388235294, 0, 0 ]}
		  ]
        }
      },
      {
        "when": "star_approach",
        "model": {
          "type": "model",
          "model": "skybox/star/star_close",
          "tints": [
			{"type": "minecraft:custom_model_data", "index": 0, "default": 6552832 },
			{"type": "minecraft:custom_model_data", "index": 1, "default": 6553088 },
			{"type": "minecraft:custom_model_data", "index": 2, "default": 6553344 },
			
			{"i": "0 : Layer 1", "type": "minecraft:constant", "index": 3, "value": [ 0.388235294, 0, 0 ]}
		  ]
        }
      },
      {
        "when": "star_distant",
        "model": {
          "type": "model",
          "model": "skybox/star/star_close",
          "tints": [
			{"type": "minecraft:custom_model_data", "index": 0, "default": 6552832 },
			{"type": "minecraft:custom_model_data", "index": 1, "default": 6553088 },
			{"type": "minecraft:custom_model_data", "index": 2, "default": 6553344 },
			
			{"i": "0 : Layer 1", "type": "minecraft:constant", "index": 3, "value": [ 0.388235294, 0, 0 ]}
		  ]
        }
      }
    ]
  }
}