{
  "model": {
    "type": "select",
    "property": "custom_model_data",
    "fallback": {
      "type": "minecraft:condition",
      "on_false": {
        "type": "minecraft:select",
        "cases": [
          {
            "model": {
              "type": "minecraft:model",
              "model": "minecraft:item/crossbow_arrow"
            },
            "when": "arrow"
          },
          {
            "model": {
              "type": "minecraft:model",
              "model": "minecraft:item/crossbow_firework"
            },
            "when": "rocket"
          }
        ],
        "fallback": {
          "type": "minecraft:model",
          "model": "minecraft:item/crossbow"
        },
        "property": "minecraft:charge_type"
      },
      "on_true": {
        "type": "minecraft:range_dispatch",
        "entries": [
          {
            "model": {
              "type": "minecraft:model",
              "model": "minecraft:item/crossbow_pulling_1"
            },
            "threshold": 0.58
          },
          {
            "model": {
              "type": "minecraft:model",
              "model": "minecraft:item/crossbow_pulling_2"
            },
            "threshold": 1
          }
        ],
        "fallback": {
          "type": "minecraft:model",
          "model": "minecraft:item/crossbow_pulling_0"
        },
        "property": "minecraft:crossbow/pull"
      },
      "property": "minecraft:using_item"
    },
    "cases": [
	  { "when": "airburst_rocket_launcher", "model": { "type": "model", "model": "item/custom/airburst_rocket_launcher" } },
	  { "when": "laser_gun_red", "model": { "type": "model", "model": "item/custom/laser_gun_red" } },
	  { "when": "laser_gun_blue", "model": { "type": "model", "model": "item/custom/laser_gun_blue" } },
	  { "when": "laser_gun_green", "model": { "type": "model", "model": "item/custom/laser_gun_green" } },
	  { "when": "flamethrower", "model": { "type": "model", "model": "item/custom/flamethrower" } },
	  { "when": "bot_missile_launcher", "model": { "type": "model", "model": "item/custom/bot_missile_launcher" } },
	  
      {
        "when": "1",
        "model": {
          "type": "model",
          "model": "item/custom/blunderbuss"
        }
      },
      {
        "when": "2",
        "model": {
          "type": "model",
          "model": "item/custom/machine_gun"
        }
      },
      {
        "when": "3",
        "model": {
          "type": "model",
          "model": "item/custom/arc_thrower"
        }
      },
      {
        "when": "4",
        "model": {
          "type": "model",
          "model": "item/custom/firework_launcher"
        }
      },
      {
        "when": "6",
        "model": {
          "type": "model",
          "model": "item/custom/missile_launcher"
        }
      },
      {
        "when": "7",
        "model": {
          "type": "model",
          "model": "item/custom/potato_machine_gun"
        }
      },
      {
        "when": "10",
        "model": {
          "type": "model",
          "model": "item/custom/stasis_rifle"
        }
      },
      {
        "when": "11",
        "model": {
          "type": "model",
          "model": "item/custom/flame_blunderbuss"
        }
      },
      {
        "when": "12",
        "model": {
          "type": "model",
          "model": "item/custom/revolver"
        }
      },
      {
        "when": "13",
        "model": {
          "type": "model",
          "model": "item/custom/grapple_gun"
        }
      },
      {
        "when": "14",
        "model": {
          "type": "model",
          "model": "item/custom/big_blunderbuss"
        }
      }
    ]
  }
}