{
  "model": {
    "type": "minecraft:composite",
    "models": [
	  {
        "type": "minecraft:model",
        "model": "minecraft:prop_items/spell/glyph_summon_base"
      },
      {"type":"minecraft:condition","property":"minecraft:custom_model_data","index":0,"on_true":{"type":"minecraft:model","model":"minecraft:item/dynamic_model/item_base/00","tints":[{"type":"minecraft:custom_model_data","default":16777215,"index":0}]},"on_false":{"type":"minecraft:empty"}},
      {"type":"minecraft:condition","property":"minecraft:custom_model_data","index":1,"on_true":{"type":"minecraft:model","model":"minecraft:item/dynamic_model/item_base/01","tints":[{"type":"minecraft:custom_model_data","default":16777215,"index":1}]},"on_false":{"type":"minecraft:empty"}},
      {"type":"minecraft:condition","property":"minecraft:custom_model_data","index":2,"on_true":{"type":"minecraft:model","model":"minecraft:item/dynamic_model/item_base/02","tints":[{"type":"minecraft:custom_model_data","default":16777215,"index":2}]},"on_false":{"type":"minecraft:empty"}},
      {"type":"minecraft:condition","property":"minecraft:custom_model_data","index":3,"on_true":{"type":"minecraft:model","model":"minecraft:item/dynamic_model/item_base/03","tints":[{"type":"minecraft:custom_model_data","default":16777215,"index":3}]},"on_false":{"type":"minecraft:empty"}},
      {"type":"minecraft:condition","property":"minecraft:custom_model_data","index":4,"on_true":{"type":"minecraft:model","model":"minecraft:item/dynamic_model/item_base/04","tints":[{"type":"minecraft:custom_model_data","default":16777215,"index":4}]},"on_false":{"type":"minecraft:empty"}},
      {"type":"minecraft:condition","property":"minecraft:custom_model_data","index":5,"on_true":{"type":"minecraft:model","model":"minecraft:item/dynamic_model/item_base/05","tints":[{"type":"minecraft:custom_model_data","default":16777215,"index":5}]},"on_false":{"type":"minecraft:empty"}},
      {"type":"minecraft:condition","property":"minecraft:custom_model_data","index":6,"on_true":{"type":"minecraft:model","model":"minecraft:item/dynamic_model/item_base/06","tints":[{"type":"minecraft:custom_model_data","default":16777215,"index":6}]},"on_false":{"type":"minecraft:empty"}},
      {"type":"minecraft:condition","property":"minecraft:custom_model_data","index":7,"on_true":{"type":"minecraft:model","model":"minecraft:item/dynamic_model/item_base/07","tints":[{"type":"minecraft:custom_model_data","default":16777215,"index":7}]},"on_false":{"type":"minecraft:empty"}},
      {"type":"minecraft:condition","property":"minecraft:custom_model_data","index":8,"on_true":{"type":"minecraft:model","model":"minecraft:item/dynamic_model/item_base/08","tints":[{"type":"minecraft:custom_model_data","default":16777215,"index":8}]},"on_false":{"type":"minecraft:empty"}},
      {"type":"minecraft:condition","property":"minecraft:custom_model_data","index":9,"on_true":{"type":"minecraft:model","model":"minecraft:item/dynamic_model/item_base/09","tints":[{"type":"minecraft:custom_model_data","default":16777215,"index":9}]},"on_false":{"type":"minecraft:empty"}},
      {"type":"minecraft:condition","property":"minecraft:custom_model_data","index":10,"on_true":{"type":"minecraft:model","model":"minecraft:item/dynamic_model/item_base/0a","tints":[{"type":"minecraft:custom_model_data","default":16777215,"index":10}]},"on_false":{"type":"minecraft:empty"}},
      {"type":"minecraft:condition","property":"minecraft:custom_model_data","index":11,"on_true":{"type":"minecraft:model","model":"minecraft:item/dynamic_model/item_base/0b","tints":[{"type":"minecraft:custom_model_data","default":16777215,"index":11}]},"on_false":{"type":"minecraft:empty"}},
      {"type":"minecraft:condition","property":"minecraft:custom_model_data","index":12,"on_true":{"type":"minecraft:model","model":"minecraft:item/dynamic_model/item_base/0c","tints":[{"type":"minecraft:custom_model_data","default":16777215,"index":12}]},"on_false":{"type":"minecraft:empty"}},
      {"type":"minecraft:condition","property":"minecraft:custom_model_data","index":13,"on_true":{"type":"minecraft:model","model":"minecraft:item/dynamic_model/item_base/0d","tints":[{"type":"minecraft:custom_model_data","default":16777215,"index":13}]},"on_false":{"type":"minecraft:empty"}},
      {"type":"minecraft:condition","property":"minecraft:custom_model_data","index":14,"on_true":{"type":"minecraft:model","model":"minecraft:item/dynamic_model/item_base/0e","tints":[{"type":"minecraft:custom_model_data","default":16777215,"index":14}]},"on_false":{"type":"minecraft:empty"}},
      {"type":"minecraft:condition","property":"minecraft:custom_model_data","index":15,"on_true":{"type":"minecraft:model","model":"minecraft:item/dynamic_model/item_base/0f","tints":[{"type":"minecraft:custom_model_data","default":16777215,"index":15}]},"on_false":{"type":"minecraft:empty"}},
      {"type":"minecraft:condition","property":"minecraft:custom_model_data","index":16,"on_true":{"type":"minecraft:model","model":"minecraft:item/dynamic_model/item_base/10","tints":[{"type":"minecraft:custom_model_data","default":16777215,"index":16}]},"on_false":{"type":"minecraft:empty"}},
      {"type":"minecraft:condition","property":"minecraft:custom_model_data","index":17,"on_true":{"type":"minecraft:model","model":"minecraft:item/dynamic_model/item_base/11","tints":[{"type":"minecraft:custom_model_data","default":16777215,"index":17}]},"on_false":{"type":"minecraft:empty"}},
      {"type":"minecraft:condition","property":"minecraft:custom_model_data","index":18,"on_true":{"type":"minecraft:model","model":"minecraft:item/dynamic_model/item_base/12","tints":[{"type":"minecraft:custom_model_data","default":16777215,"index":18}]},"on_false":{"type":"minecraft:empty"}},
      {"type":"minecraft:condition","property":"minecraft:custom_model_data","index":19,"on_true":{"type":"minecraft:model","model":"minecraft:item/dynamic_model/item_base/13","tints":[{"type":"minecraft:custom_model_data","default":16777215,"index":19}]},"on_false":{"type":"minecraft:empty"}},
      {"type":"minecraft:condition","property":"minecraft:custom_model_data","index":20,"on_true":{"type":"minecraft:model","model":"minecraft:item/dynamic_model/item_base/14","tints":[{"type":"minecraft:custom_model_data","default":16777215,"index":20}]},"on_false":{"type":"minecraft:empty"}},
      {"type":"minecraft:condition","property":"minecraft:custom_model_data","index":21,"on_true":{"type":"minecraft:model","model":"minecraft:item/dynamic_model/item_base/15","tints":[{"type":"minecraft:custom_model_data","default":16777215,"index":21}]},"on_false":{"type":"minecraft:empty"}},
      {"type":"minecraft:condition","property":"minecraft:custom_model_data","index":22,"on_true":{"type":"minecraft:model","model":"minecraft:item/dynamic_model/item_base/16","tints":[{"type":"minecraft:custom_model_data","default":16777215,"index":22}]},"on_false":{"type":"minecraft:empty"}},
      {"type":"minecraft:condition","property":"minecraft:custom_model_data","index":23,"on_true":{"type":"minecraft:model","model":"minecraft:item/dynamic_model/item_base/17","tints":[{"type":"minecraft:custom_model_data","default":16777215,"index":23}]},"on_false":{"type":"minecraft:empty"}},
      {"type":"minecraft:condition","property":"minecraft:custom_model_data","index":24,"on_true":{"type":"minecraft:model","model":"minecraft:item/dynamic_model/item_base/18","tints":[{"type":"minecraft:custom_model_data","default":16777215,"index":24}]},"on_false":{"type":"minecraft:empty"}},
      {"type":"minecraft:condition","property":"minecraft:custom_model_data","index":25,"on_true":{"type":"minecraft:model","model":"minecraft:item/dynamic_model/item_base/19","tints":[{"type":"minecraft:custom_model_data","default":16777215,"index":25}]},"on_false":{"type":"minecraft:empty"}},
      {"type":"minecraft:condition","property":"minecraft:custom_model_data","index":26,"on_true":{"type":"minecraft:model","model":"minecraft:item/dynamic_model/item_base/1a","tints":[{"type":"minecraft:custom_model_data","default":16777215,"index":26}]},"on_false":{"type":"minecraft:empty"}},
      {"type":"minecraft:condition","property":"minecraft:custom_model_data","index":27,"on_true":{"type":"minecraft:model","model":"minecraft:item/dynamic_model/item_base/1b","tints":[{"type":"minecraft:custom_model_data","default":16777215,"index":27}]},"on_false":{"type":"minecraft:empty"}},
      {"type":"minecraft:condition","property":"minecraft:custom_model_data","index":28,"on_true":{"type":"minecraft:model","model":"minecraft:item/dynamic_model/item_base/1c","tints":[{"type":"minecraft:custom_model_data","default":16777215,"index":28}]},"on_false":{"type":"minecraft:empty"}},
      {"type":"minecraft:condition","property":"minecraft:custom_model_data","index":29,"on_true":{"type":"minecraft:model","model":"minecraft:item/dynamic_model/item_base/1d","tints":[{"type":"minecraft:custom_model_data","default":16777215,"index":29}]},"on_false":{"type":"minecraft:empty"}},
      {"type":"minecraft:condition","property":"minecraft:custom_model_data","index":30,"on_true":{"type":"minecraft:model","model":"minecraft:item/dynamic_model/item_base/1e","tints":[{"type":"minecraft:custom_model_data","default":16777215,"index":30}]},"on_false":{"type":"minecraft:empty"}},
      {"type":"minecraft:condition","property":"minecraft:custom_model_data","index":31,"on_true":{"type":"minecraft:model","model":"minecraft:item/dynamic_model/item_base/1f","tints":[{"type":"minecraft:custom_model_data","default":16777215,"index":31}]},"on_false":{"type":"minecraft:empty"}},
      {"type":"minecraft:condition","property":"minecraft:custom_model_data","index":32,"on_true":{"type":"minecraft:model","model":"minecraft:item/dynamic_model/item_base/20","tints":[{"type":"minecraft:custom_model_data","default":16777215,"index":32}]},"on_false":{"type":"minecraft:empty"}},
      {"type":"minecraft:condition","property":"minecraft:custom_model_data","index":33,"on_true":{"type":"minecraft:model","model":"minecraft:item/dynamic_model/item_base/21","tints":[{"type":"minecraft:custom_model_data","default":16777215,"index":33}]},"on_false":{"type":"minecraft:empty"}},
      {"type":"minecraft:condition","property":"minecraft:custom_model_data","index":34,"on_true":{"type":"minecraft:model","model":"minecraft:item/dynamic_model/item_base/22","tints":[{"type":"minecraft:custom_model_data","default":16777215,"index":34}]},"on_false":{"type":"minecraft:empty"}},
      {"type":"minecraft:condition","property":"minecraft:custom_model_data","index":35,"on_true":{"type":"minecraft:model","model":"minecraft:item/dynamic_model/item_base/23","tints":[{"type":"minecraft:custom_model_data","default":16777215,"index":35}]},"on_false":{"type":"minecraft:empty"}},
      {"type":"minecraft:condition","property":"minecraft:custom_model_data","index":36,"on_true":{"type":"minecraft:model","model":"minecraft:item/dynamic_model/item_base/24","tints":[{"type":"minecraft:custom_model_data","default":16777215,"index":36}]},"on_false":{"type":"minecraft:empty"}},
      {"type":"minecraft:condition","property":"minecraft:custom_model_data","index":37,"on_true":{"type":"minecraft:model","model":"minecraft:item/dynamic_model/item_base/25","tints":[{"type":"minecraft:custom_model_data","default":16777215,"index":37}]},"on_false":{"type":"minecraft:empty"}},
      {"type":"minecraft:condition","property":"minecraft:custom_model_data","index":38,"on_true":{"type":"minecraft:model","model":"minecraft:item/dynamic_model/item_base/26","tints":[{"type":"minecraft:custom_model_data","default":16777215,"index":38}]},"on_false":{"type":"minecraft:empty"}},
      {"type":"minecraft:condition","property":"minecraft:custom_model_data","index":39,"on_true":{"type":"minecraft:model","model":"minecraft:item/dynamic_model/item_base/27","tints":[{"type":"minecraft:custom_model_data","default":16777215,"index":39}]},"on_false":{"type":"minecraft:empty"}},
      {"type":"minecraft:condition","property":"minecraft:custom_model_data","index":40,"on_true":{"type":"minecraft:model","model":"minecraft:item/dynamic_model/item_base/28","tints":[{"type":"minecraft:custom_model_data","default":16777215,"index":40}]},"on_false":{"type":"minecraft:empty"}},
      {"type":"minecraft:condition","property":"minecraft:custom_model_data","index":41,"on_true":{"type":"minecraft:model","model":"minecraft:item/dynamic_model/item_base/29","tints":[{"type":"minecraft:custom_model_data","default":16777215,"index":41}]},"on_false":{"type":"minecraft:empty"}},
      {"type":"minecraft:condition","property":"minecraft:custom_model_data","index":42,"on_true":{"type":"minecraft:model","model":"minecraft:item/dynamic_model/item_base/2a","tints":[{"type":"minecraft:custom_model_data","default":16777215,"index":42}]},"on_false":{"type":"minecraft:empty"}},
      {"type":"minecraft:condition","property":"minecraft:custom_model_data","index":43,"on_true":{"type":"minecraft:model","model":"minecraft:item/dynamic_model/item_base/2b","tints":[{"type":"minecraft:custom_model_data","default":16777215,"index":43}]},"on_false":{"type":"minecraft:empty"}},
      {"type":"minecraft:condition","property":"minecraft:custom_model_data","index":44,"on_true":{"type":"minecraft:model","model":"minecraft:item/dynamic_model/item_base/2c","tints":[{"type":"minecraft:custom_model_data","default":16777215,"index":44}]},"on_false":{"type":"minecraft:empty"}},
      {"type":"minecraft:condition","property":"minecraft:custom_model_data","index":45,"on_true":{"type":"minecraft:model","model":"minecraft:item/dynamic_model/item_base/2d","tints":[{"type":"minecraft:custom_model_data","default":16777215,"index":45}]},"on_false":{"type":"minecraft:empty"}},
      {"type":"minecraft:condition","property":"minecraft:custom_model_data","index":46,"on_true":{"type":"minecraft:model","model":"minecraft:item/dynamic_model/item_base/2e","tints":[{"type":"minecraft:custom_model_data","default":16777215,"index":46}]},"on_false":{"type":"minecraft:empty"}},
      {"type":"minecraft:condition","property":"minecraft:custom_model_data","index":47,"on_true":{"type":"minecraft:model","model":"minecraft:item/dynamic_model/item_base/2f","tints":[{"type":"minecraft:custom_model_data","default":16777215,"index":47}]},"on_false":{"type":"minecraft:empty"}},
      {"type":"minecraft:condition","property":"minecraft:custom_model_data","index":48,"on_true":{"type":"minecraft:model","model":"minecraft:item/dynamic_model/item_base/30","tints":[{"type":"minecraft:custom_model_data","default":16777215,"index":48}]},"on_false":{"type":"minecraft:empty"}},
      {"type":"minecraft:condition","property":"minecraft:custom_model_data","index":49,"on_true":{"type":"minecraft:model","model":"minecraft:item/dynamic_model/item_base/31","tints":[{"type":"minecraft:custom_model_data","default":16777215,"index":49}]},"on_false":{"type":"minecraft:empty"}},
      {"type":"minecraft:condition","property":"minecraft:custom_model_data","index":50,"on_true":{"type":"minecraft:model","model":"minecraft:item/dynamic_model/item_base/32","tints":[{"type":"minecraft:custom_model_data","default":16777215,"index":50}]},"on_false":{"type":"minecraft:empty"}},
      {"type":"minecraft:condition","property":"minecraft:custom_model_data","index":51,"on_true":{"type":"minecraft:model","model":"minecraft:item/dynamic_model/item_base/33","tints":[{"type":"minecraft:custom_model_data","default":16777215,"index":51}]},"on_false":{"type":"minecraft:empty"}},
      {"type":"minecraft:condition","property":"minecraft:custom_model_data","index":52,"on_true":{"type":"minecraft:model","model":"minecraft:item/dynamic_model/item_base/34","tints":[{"type":"minecraft:custom_model_data","default":16777215,"index":52}]},"on_false":{"type":"minecraft:empty"}},
      {"type":"minecraft:condition","property":"minecraft:custom_model_data","index":53,"on_true":{"type":"minecraft:model","model":"minecraft:item/dynamic_model/item_base/35","tints":[{"type":"minecraft:custom_model_data","default":16777215,"index":53}]},"on_false":{"type":"minecraft:empty"}},
      {"type":"minecraft:condition","property":"minecraft:custom_model_data","index":54,"on_true":{"type":"minecraft:model","model":"minecraft:item/dynamic_model/item_base/36","tints":[{"type":"minecraft:custom_model_data","default":16777215,"index":54}]},"on_false":{"type":"minecraft:empty"}},
      {"type":"minecraft:condition","property":"minecraft:custom_model_data","index":55,"on_true":{"type":"minecraft:model","model":"minecraft:item/dynamic_model/item_base/37","tints":[{"type":"minecraft:custom_model_data","default":16777215,"index":55}]},"on_false":{"type":"minecraft:empty"}},
      {"type":"minecraft:condition","property":"minecraft:custom_model_data","index":56,"on_true":{"type":"minecraft:model","model":"minecraft:item/dynamic_model/item_base/38","tints":[{"type":"minecraft:custom_model_data","default":16777215,"index":56}]},"on_false":{"type":"minecraft:empty"}},
      {"type":"minecraft:condition","property":"minecraft:custom_model_data","index":57,"on_true":{"type":"minecraft:model","model":"minecraft:item/dynamic_model/item_base/39","tints":[{"type":"minecraft:custom_model_data","default":16777215,"index":57}]},"on_false":{"type":"minecraft:empty"}},
      {"type":"minecraft:condition","property":"minecraft:custom_model_data","index":58,"on_true":{"type":"minecraft:model","model":"minecraft:item/dynamic_model/item_base/3a","tints":[{"type":"minecraft:custom_model_data","default":16777215,"index":58}]},"on_false":{"type":"minecraft:empty"}},
      {"type":"minecraft:condition","property":"minecraft:custom_model_data","index":59,"on_true":{"type":"minecraft:model","model":"minecraft:item/dynamic_model/item_base/3b","tints":[{"type":"minecraft:custom_model_data","default":16777215,"index":59}]},"on_false":{"type":"minecraft:empty"}},
      {"type":"minecraft:condition","property":"minecraft:custom_model_data","index":60,"on_true":{"type":"minecraft:model","model":"minecraft:item/dynamic_model/item_base/3c","tints":[{"type":"minecraft:custom_model_data","default":16777215,"index":60}]},"on_false":{"type":"minecraft:empty"}},
      {"type":"minecraft:condition","property":"minecraft:custom_model_data","index":61,"on_true":{"type":"minecraft:model","model":"minecraft:item/dynamic_model/item_base/3d","tints":[{"type":"minecraft:custom_model_data","default":16777215,"index":61}]},"on_false":{"type":"minecraft:empty"}},
      {"type":"minecraft:condition","property":"minecraft:custom_model_data","index":62,"on_true":{"type":"minecraft:model","model":"minecraft:item/dynamic_model/item_base/3e","tints":[{"type":"minecraft:custom_model_data","default":16777215,"index":62}]},"on_false":{"type":"minecraft:empty"}},
      {"type":"minecraft:condition","property":"minecraft:custom_model_data","index":63,"on_true":{"type":"minecraft:model","model":"minecraft:item/dynamic_model/item_base/3f","tints":[{"type":"minecraft:custom_model_data","default":16777215,"index":63}]},"on_false":{"type":"minecraft:empty"}},
      {"type":"minecraft:condition","property":"minecraft:custom_model_data","index":64,"on_true":{"type":"minecraft:model","model":"minecraft:item/dynamic_model/item_base/40","tints":[{"type":"minecraft:custom_model_data","default":16777215,"index":64}]},"on_false":{"type":"minecraft:empty"}},
      {"type":"minecraft:condition","property":"minecraft:custom_model_data","index":65,"on_true":{"type":"minecraft:model","model":"minecraft:item/dynamic_model/item_base/41","tints":[{"type":"minecraft:custom_model_data","default":16777215,"index":65}]},"on_false":{"type":"minecraft:empty"}},
      {"type":"minecraft:condition","property":"minecraft:custom_model_data","index":66,"on_true":{"type":"minecraft:model","model":"minecraft:item/dynamic_model/item_base/42","tints":[{"type":"minecraft:custom_model_data","default":16777215,"index":66}]},"on_false":{"type":"minecraft:empty"}},
      {"type":"minecraft:condition","property":"minecraft:custom_model_data","index":67,"on_true":{"type":"minecraft:model","model":"minecraft:item/dynamic_model/item_base/43","tints":[{"type":"minecraft:custom_model_data","default":16777215,"index":67}]},"on_false":{"type":"minecraft:empty"}},
      {"type":"minecraft:condition","property":"minecraft:custom_model_data","index":68,"on_true":{"type":"minecraft:model","model":"minecraft:item/dynamic_model/item_base/44","tints":[{"type":"minecraft:custom_model_data","default":16777215,"index":68}]},"on_false":{"type":"minecraft:empty"}},
      {"type":"minecraft:condition","property":"minecraft:custom_model_data","index":69,"on_true":{"type":"minecraft:model","model":"minecraft:item/dynamic_model/item_base/45","tints":[{"type":"minecraft:custom_model_data","default":16777215,"index":69}]},"on_false":{"type":"minecraft:empty"}},
      {"type":"minecraft:condition","property":"minecraft:custom_model_data","index":70,"on_true":{"type":"minecraft:model","model":"minecraft:item/dynamic_model/item_base/46","tints":[{"type":"minecraft:custom_model_data","default":16777215,"index":70}]},"on_false":{"type":"minecraft:empty"}},
      {"type":"minecraft:condition","property":"minecraft:custom_model_data","index":71,"on_true":{"type":"minecraft:model","model":"minecraft:item/dynamic_model/item_base/47","tints":[{"type":"minecraft:custom_model_data","default":16777215,"index":71}]},"on_false":{"type":"minecraft:empty"}},
      {"type":"minecraft:condition","property":"minecraft:custom_model_data","index":72,"on_true":{"type":"minecraft:model","model":"minecraft:item/dynamic_model/item_base/48","tints":[{"type":"minecraft:custom_model_data","default":16777215,"index":72}]},"on_false":{"type":"minecraft:empty"}},
      {"type":"minecraft:condition","property":"minecraft:custom_model_data","index":73,"on_true":{"type":"minecraft:model","model":"minecraft:item/dynamic_model/item_base/49","tints":[{"type":"minecraft:custom_model_data","default":16777215,"index":73}]},"on_false":{"type":"minecraft:empty"}},
      {"type":"minecraft:condition","property":"minecraft:custom_model_data","index":74,"on_true":{"type":"minecraft:model","model":"minecraft:item/dynamic_model/item_base/4a","tints":[{"type":"minecraft:custom_model_data","default":16777215,"index":74}]},"on_false":{"type":"minecraft:empty"}},
      {"type":"minecraft:condition","property":"minecraft:custom_model_data","index":75,"on_true":{"type":"minecraft:model","model":"minecraft:item/dynamic_model/item_base/4b","tints":[{"type":"minecraft:custom_model_data","default":16777215,"index":75}]},"on_false":{"type":"minecraft:empty"}},
      {"type":"minecraft:condition","property":"minecraft:custom_model_data","index":76,"on_true":{"type":"minecraft:model","model":"minecraft:item/dynamic_model/item_base/4c","tints":[{"type":"minecraft:custom_model_data","default":16777215,"index":76}]},"on_false":{"type":"minecraft:empty"}},
      {"type":"minecraft:condition","property":"minecraft:custom_model_data","index":77,"on_true":{"type":"minecraft:model","model":"minecraft:item/dynamic_model/item_base/4d","tints":[{"type":"minecraft:custom_model_data","default":16777215,"index":77}]},"on_false":{"type":"minecraft:empty"}},
      {"type":"minecraft:condition","property":"minecraft:custom_model_data","index":78,"on_true":{"type":"minecraft:model","model":"minecraft:item/dynamic_model/item_base/4e","tints":[{"type":"minecraft:custom_model_data","default":16777215,"index":78}]},"on_false":{"type":"minecraft:empty"}},
      {"type":"minecraft:condition","property":"minecraft:custom_model_data","index":79,"on_true":{"type":"minecraft:model","model":"minecraft:item/dynamic_model/item_base/4f","tints":[{"type":"minecraft:custom_model_data","default":16777215,"index":79}]},"on_false":{"type":"minecraft:empty"}},
      {"type":"minecraft:condition","property":"minecraft:custom_model_data","index":80,"on_true":{"type":"minecraft:model","model":"minecraft:item/dynamic_model/item_base/50","tints":[{"type":"minecraft:custom_model_data","default":16777215,"index":80}]},"on_false":{"type":"minecraft:empty"}},
      {"type":"minecraft:condition","property":"minecraft:custom_model_data","index":81,"on_true":{"type":"minecraft:model","model":"minecraft:item/dynamic_model/item_base/51","tints":[{"type":"minecraft:custom_model_data","default":16777215,"index":81}]},"on_false":{"type":"minecraft:empty"}},
      {"type":"minecraft:condition","property":"minecraft:custom_model_data","index":82,"on_true":{"type":"minecraft:model","model":"minecraft:item/dynamic_model/item_base/52","tints":[{"type":"minecraft:custom_model_data","default":16777215,"index":82}]},"on_false":{"type":"minecraft:empty"}},
      {"type":"minecraft:condition","property":"minecraft:custom_model_data","index":83,"on_true":{"type":"minecraft:model","model":"minecraft:item/dynamic_model/item_base/53","tints":[{"type":"minecraft:custom_model_data","default":16777215,"index":83}]},"on_false":{"type":"minecraft:empty"}},
      {"type":"minecraft:condition","property":"minecraft:custom_model_data","index":84,"on_true":{"type":"minecraft:model","model":"minecraft:item/dynamic_model/item_base/54","tints":[{"type":"minecraft:custom_model_data","default":16777215,"index":84}]},"on_false":{"type":"minecraft:empty"}},
      {"type":"minecraft:condition","property":"minecraft:custom_model_data","index":85,"on_true":{"type":"minecraft:model","model":"minecraft:item/dynamic_model/item_base/55","tints":[{"type":"minecraft:custom_model_data","default":16777215,"index":85}]},"on_false":{"type":"minecraft:empty"}},
      {"type":"minecraft:condition","property":"minecraft:custom_model_data","index":86,"on_true":{"type":"minecraft:model","model":"minecraft:item/dynamic_model/item_base/56","tints":[{"type":"minecraft:custom_model_data","default":16777215,"index":86}]},"on_false":{"type":"minecraft:empty"}},
      {"type":"minecraft:condition","property":"minecraft:custom_model_data","index":87,"on_true":{"type":"minecraft:model","model":"minecraft:item/dynamic_model/item_base/57","tints":[{"type":"minecraft:custom_model_data","default":16777215,"index":87}]},"on_false":{"type":"minecraft:empty"}},
      {"type":"minecraft:condition","property":"minecraft:custom_model_data","index":88,"on_true":{"type":"minecraft:model","model":"minecraft:item/dynamic_model/item_base/58","tints":[{"type":"minecraft:custom_model_data","default":16777215,"index":88}]},"on_false":{"type":"minecraft:empty"}},
      {"type":"minecraft:condition","property":"minecraft:custom_model_data","index":89,"on_true":{"type":"minecraft:model","model":"minecraft:item/dynamic_model/item_base/59","tints":[{"type":"minecraft:custom_model_data","default":16777215,"index":89}]},"on_false":{"type":"minecraft:empty"}},
      {"type":"minecraft:condition","property":"minecraft:custom_model_data","index":90,"on_true":{"type":"minecraft:model","model":"minecraft:item/dynamic_model/item_base/5a","tints":[{"type":"minecraft:custom_model_data","default":16777215,"index":90}]},"on_false":{"type":"minecraft:empty"}},
      {"type":"minecraft:condition","property":"minecraft:custom_model_data","index":91,"on_true":{"type":"minecraft:model","model":"minecraft:item/dynamic_model/item_base/5b","tints":[{"type":"minecraft:custom_model_data","default":16777215,"index":91}]},"on_false":{"type":"minecraft:empty"}},
      {"type":"minecraft:condition","property":"minecraft:custom_model_data","index":92,"on_true":{"type":"minecraft:model","model":"minecraft:item/dynamic_model/item_base/5c","tints":[{"type":"minecraft:custom_model_data","default":16777215,"index":92}]},"on_false":{"type":"minecraft:empty"}},
      {"type":"minecraft:condition","property":"minecraft:custom_model_data","index":93,"on_true":{"type":"minecraft:model","model":"minecraft:item/dynamic_model/item_base/5d","tints":[{"type":"minecraft:custom_model_data","default":16777215,"index":93}]},"on_false":{"type":"minecraft:empty"}},
      {"type":"minecraft:condition","property":"minecraft:custom_model_data","index":94,"on_true":{"type":"minecraft:model","model":"minecraft:item/dynamic_model/item_base/5e","tints":[{"type":"minecraft:custom_model_data","default":16777215,"index":94}]},"on_false":{"type":"minecraft:empty"}},
      {"type":"minecraft:condition","property":"minecraft:custom_model_data","index":95,"on_true":{"type":"minecraft:model","model":"minecraft:item/dynamic_model/item_base/5f","tints":[{"type":"minecraft:custom_model_data","default":16777215,"index":95}]},"on_false":{"type":"minecraft:empty"}},
      {"type":"minecraft:condition","property":"minecraft:custom_model_data","index":96,"on_true":{"type":"minecraft:model","model":"minecraft:item/dynamic_model/item_base/60","tints":[{"type":"minecraft:custom_model_data","default":16777215,"index":96}]},"on_false":{"type":"minecraft:empty"}},
      {"type":"minecraft:condition","property":"minecraft:custom_model_data","index":97,"on_true":{"type":"minecraft:model","model":"minecraft:item/dynamic_model/item_base/61","tints":[{"type":"minecraft:custom_model_data","default":16777215,"index":97}]},"on_false":{"type":"minecraft:empty"}},
      {"type":"minecraft:condition","property":"minecraft:custom_model_data","index":98,"on_true":{"type":"minecraft:model","model":"minecraft:item/dynamic_model/item_base/62","tints":[{"type":"minecraft:custom_model_data","default":16777215,"index":98}]},"on_false":{"type":"minecraft:empty"}},
      {"type":"minecraft:condition","property":"minecraft:custom_model_data","index":99,"on_true":{"type":"minecraft:model","model":"minecraft:item/dynamic_model/item_base/63","tints":[{"type":"minecraft:custom_model_data","default":16777215,"index":99}]},"on_false":{"type":"minecraft:empty"}},
      {"type":"minecraft:condition","property":"minecraft:custom_model_data","index":100,"on_true":{"type":"minecraft:model","model":"minecraft:item/dynamic_model/item_base/64","tints":[{"type":"minecraft:custom_model_data","default":16777215,"index":100}]},"on_false":{"type":"minecraft:empty"}},
      {"type":"minecraft:condition","property":"minecraft:custom_model_data","index":101,"on_true":{"type":"minecraft:model","model":"minecraft:item/dynamic_model/item_base/65","tints":[{"type":"minecraft:custom_model_data","default":16777215,"index":101}]},"on_false":{"type":"minecraft:empty"}},
      {"type":"minecraft:condition","property":"minecraft:custom_model_data","index":102,"on_true":{"type":"minecraft:model","model":"minecraft:item/dynamic_model/item_base/66","tints":[{"type":"minecraft:custom_model_data","default":16777215,"index":102}]},"on_false":{"type":"minecraft:empty"}},
      {"type":"minecraft:condition","property":"minecraft:custom_model_data","index":103,"on_true":{"type":"minecraft:model","model":"minecraft:item/dynamic_model/item_base/67","tints":[{"type":"minecraft:custom_model_data","default":16777215,"index":103}]},"on_false":{"type":"minecraft:empty"}},
      {"type":"minecraft:condition","property":"minecraft:custom_model_data","index":104,"on_true":{"type":"minecraft:model","model":"minecraft:item/dynamic_model/item_base/68","tints":[{"type":"minecraft:custom_model_data","default":16777215,"index":104}]},"on_false":{"type":"minecraft:empty"}},
      {"type":"minecraft:condition","property":"minecraft:custom_model_data","index":105,"on_true":{"type":"minecraft:model","model":"minecraft:item/dynamic_model/item_base/69","tints":[{"type":"minecraft:custom_model_data","default":16777215,"index":105}]},"on_false":{"type":"minecraft:empty"}},
      {"type":"minecraft:condition","property":"minecraft:custom_model_data","index":106,"on_true":{"type":"minecraft:model","model":"minecraft:item/dynamic_model/item_base/6a","tints":[{"type":"minecraft:custom_model_data","default":16777215,"index":106}]},"on_false":{"type":"minecraft:empty"}},
      {"type":"minecraft:condition","property":"minecraft:custom_model_data","index":107,"on_true":{"type":"minecraft:model","model":"minecraft:item/dynamic_model/item_base/6b","tints":[{"type":"minecraft:custom_model_data","default":16777215,"index":107}]},"on_false":{"type":"minecraft:empty"}},
      {"type":"minecraft:condition","property":"minecraft:custom_model_data","index":108,"on_true":{"type":"minecraft:model","model":"minecraft:item/dynamic_model/item_base/6c","tints":[{"type":"minecraft:custom_model_data","default":16777215,"index":108}]},"on_false":{"type":"minecraft:empty"}},
      {"type":"minecraft:condition","property":"minecraft:custom_model_data","index":109,"on_true":{"type":"minecraft:model","model":"minecraft:item/dynamic_model/item_base/6d","tints":[{"type":"minecraft:custom_model_data","default":16777215,"index":109}]},"on_false":{"type":"minecraft:empty"}},
      {"type":"minecraft:condition","property":"minecraft:custom_model_data","index":110,"on_true":{"type":"minecraft:model","model":"minecraft:item/dynamic_model/item_base/6e","tints":[{"type":"minecraft:custom_model_data","default":16777215,"index":110}]},"on_false":{"type":"minecraft:empty"}},
      {"type":"minecraft:condition","property":"minecraft:custom_model_data","index":111,"on_true":{"type":"minecraft:model","model":"minecraft:item/dynamic_model/item_base/6f","tints":[{"type":"minecraft:custom_model_data","default":16777215,"index":111}]},"on_false":{"type":"minecraft:empty"}},
      {"type":"minecraft:condition","property":"minecraft:custom_model_data","index":112,"on_true":{"type":"minecraft:model","model":"minecraft:item/dynamic_model/item_base/70","tints":[{"type":"minecraft:custom_model_data","default":16777215,"index":112}]},"on_false":{"type":"minecraft:empty"}},
      {"type":"minecraft:condition","property":"minecraft:custom_model_data","index":113,"on_true":{"type":"minecraft:model","model":"minecraft:item/dynamic_model/item_base/71","tints":[{"type":"minecraft:custom_model_data","default":16777215,"index":113}]},"on_false":{"type":"minecraft:empty"}},
      {"type":"minecraft:condition","property":"minecraft:custom_model_data","index":114,"on_true":{"type":"minecraft:model","model":"minecraft:item/dynamic_model/item_base/72","tints":[{"type":"minecraft:custom_model_data","default":16777215,"index":114}]},"on_false":{"type":"minecraft:empty"}},
      {"type":"minecraft:condition","property":"minecraft:custom_model_data","index":115,"on_true":{"type":"minecraft:model","model":"minecraft:item/dynamic_model/item_base/73","tints":[{"type":"minecraft:custom_model_data","default":16777215,"index":115}]},"on_false":{"type":"minecraft:empty"}},
      {"type":"minecraft:condition","property":"minecraft:custom_model_data","index":116,"on_true":{"type":"minecraft:model","model":"minecraft:item/dynamic_model/item_base/74","tints":[{"type":"minecraft:custom_model_data","default":16777215,"index":116}]},"on_false":{"type":"minecraft:empty"}},
      {"type":"minecraft:condition","property":"minecraft:custom_model_data","index":117,"on_true":{"type":"minecraft:model","model":"minecraft:item/dynamic_model/item_base/75","tints":[{"type":"minecraft:custom_model_data","default":16777215,"index":117}]},"on_false":{"type":"minecraft:empty"}},
      {"type":"minecraft:condition","property":"minecraft:custom_model_data","index":118,"on_true":{"type":"minecraft:model","model":"minecraft:item/dynamic_model/item_base/76","tints":[{"type":"minecraft:custom_model_data","default":16777215,"index":118}]},"on_false":{"type":"minecraft:empty"}},
      {"type":"minecraft:condition","property":"minecraft:custom_model_data","index":119,"on_true":{"type":"minecraft:model","model":"minecraft:item/dynamic_model/item_base/77","tints":[{"type":"minecraft:custom_model_data","default":16777215,"index":119}]},"on_false":{"type":"minecraft:empty"}},
      {"type":"minecraft:condition","property":"minecraft:custom_model_data","index":120,"on_true":{"type":"minecraft:model","model":"minecraft:item/dynamic_model/item_base/78","tints":[{"type":"minecraft:custom_model_data","default":16777215,"index":120}]},"on_false":{"type":"minecraft:empty"}},
      {"type":"minecraft:condition","property":"minecraft:custom_model_data","index":121,"on_true":{"type":"minecraft:model","model":"minecraft:item/dynamic_model/item_base/79","tints":[{"type":"minecraft:custom_model_data","default":16777215,"index":121}]},"on_false":{"type":"minecraft:empty"}},
      {"type":"minecraft:condition","property":"minecraft:custom_model_data","index":122,"on_true":{"type":"minecraft:model","model":"minecraft:item/dynamic_model/item_base/7a","tints":[{"type":"minecraft:custom_model_data","default":16777215,"index":122}]},"on_false":{"type":"minecraft:empty"}},
      {"type":"minecraft:condition","property":"minecraft:custom_model_data","index":123,"on_true":{"type":"minecraft:model","model":"minecraft:item/dynamic_model/item_base/7b","tints":[{"type":"minecraft:custom_model_data","default":16777215,"index":123}]},"on_false":{"type":"minecraft:empty"}},
      {"type":"minecraft:condition","property":"minecraft:custom_model_data","index":124,"on_true":{"type":"minecraft:model","model":"minecraft:item/dynamic_model/item_base/7c","tints":[{"type":"minecraft:custom_model_data","default":16777215,"index":124}]},"on_false":{"type":"minecraft:empty"}},
      {"type":"minecraft:condition","property":"minecraft:custom_model_data","index":125,"on_true":{"type":"minecraft:model","model":"minecraft:item/dynamic_model/item_base/7d","tints":[{"type":"minecraft:custom_model_data","default":16777215,"index":125}]},"on_false":{"type":"minecraft:empty"}},
      {"type":"minecraft:condition","property":"minecraft:custom_model_data","index":126,"on_true":{"type":"minecraft:model","model":"minecraft:item/dynamic_model/item_base/7e","tints":[{"type":"minecraft:custom_model_data","default":16777215,"index":126}]},"on_false":{"type":"minecraft:empty"}},
      {"type":"minecraft:condition","property":"minecraft:custom_model_data","index":127,"on_true":{"type":"minecraft:model","model":"minecraft:item/dynamic_model/item_base/7f","tints":[{"type":"minecraft:custom_model_data","default":16777215,"index":127}]},"on_false":{"type":"minecraft:empty"}},
      {"type":"minecraft:condition","property":"minecraft:custom_model_data","index":128,"on_true":{"type":"minecraft:model","model":"minecraft:item/dynamic_model/item_base/80","tints":[{"type":"minecraft:custom_model_data","default":16777215,"index":128}]},"on_false":{"type":"minecraft:empty"}},
      {"type":"minecraft:condition","property":"minecraft:custom_model_data","index":129,"on_true":{"type":"minecraft:model","model":"minecraft:item/dynamic_model/item_base/81","tints":[{"type":"minecraft:custom_model_data","default":16777215,"index":129}]},"on_false":{"type":"minecraft:empty"}},
      {"type":"minecraft:condition","property":"minecraft:custom_model_data","index":130,"on_true":{"type":"minecraft:model","model":"minecraft:item/dynamic_model/item_base/82","tints":[{"type":"minecraft:custom_model_data","default":16777215,"index":130}]},"on_false":{"type":"minecraft:empty"}},
      {"type":"minecraft:condition","property":"minecraft:custom_model_data","index":131,"on_true":{"type":"minecraft:model","model":"minecraft:item/dynamic_model/item_base/83","tints":[{"type":"minecraft:custom_model_data","default":16777215,"index":131}]},"on_false":{"type":"minecraft:empty"}},
      {"type":"minecraft:condition","property":"minecraft:custom_model_data","index":132,"on_true":{"type":"minecraft:model","model":"minecraft:item/dynamic_model/item_base/84","tints":[{"type":"minecraft:custom_model_data","default":16777215,"index":132}]},"on_false":{"type":"minecraft:empty"}},
      {"type":"minecraft:condition","property":"minecraft:custom_model_data","index":133,"on_true":{"type":"minecraft:model","model":"minecraft:item/dynamic_model/item_base/85","tints":[{"type":"minecraft:custom_model_data","default":16777215,"index":133}]},"on_false":{"type":"minecraft:empty"}},
      {"type":"minecraft:condition","property":"minecraft:custom_model_data","index":134,"on_true":{"type":"minecraft:model","model":"minecraft:item/dynamic_model/item_base/86","tints":[{"type":"minecraft:custom_model_data","default":16777215,"index":134}]},"on_false":{"type":"minecraft:empty"}},
      {"type":"minecraft:condition","property":"minecraft:custom_model_data","index":135,"on_true":{"type":"minecraft:model","model":"minecraft:item/dynamic_model/item_base/87","tints":[{"type":"minecraft:custom_model_data","default":16777215,"index":135}]},"on_false":{"type":"minecraft:empty"}},
      {"type":"minecraft:condition","property":"minecraft:custom_model_data","index":136,"on_true":{"type":"minecraft:model","model":"minecraft:item/dynamic_model/item_base/88","tints":[{"type":"minecraft:custom_model_data","default":16777215,"index":136}]},"on_false":{"type":"minecraft:empty"}},
      {"type":"minecraft:condition","property":"minecraft:custom_model_data","index":137,"on_true":{"type":"minecraft:model","model":"minecraft:item/dynamic_model/item_base/89","tints":[{"type":"minecraft:custom_model_data","default":16777215,"index":137}]},"on_false":{"type":"minecraft:empty"}},
      {"type":"minecraft:condition","property":"minecraft:custom_model_data","index":138,"on_true":{"type":"minecraft:model","model":"minecraft:item/dynamic_model/item_base/8a","tints":[{"type":"minecraft:custom_model_data","default":16777215,"index":138}]},"on_false":{"type":"minecraft:empty"}},
      {"type":"minecraft:condition","property":"minecraft:custom_model_data","index":139,"on_true":{"type":"minecraft:model","model":"minecraft:item/dynamic_model/item_base/8b","tints":[{"type":"minecraft:custom_model_data","default":16777215,"index":139}]},"on_false":{"type":"minecraft:empty"}},
      {"type":"minecraft:condition","property":"minecraft:custom_model_data","index":140,"on_true":{"type":"minecraft:model","model":"minecraft:item/dynamic_model/item_base/8c","tints":[{"type":"minecraft:custom_model_data","default":16777215,"index":140}]},"on_false":{"type":"minecraft:empty"}},
      {"type":"minecraft:condition","property":"minecraft:custom_model_data","index":141,"on_true":{"type":"minecraft:model","model":"minecraft:item/dynamic_model/item_base/8d","tints":[{"type":"minecraft:custom_model_data","default":16777215,"index":141}]},"on_false":{"type":"minecraft:empty"}},
      {"type":"minecraft:condition","property":"minecraft:custom_model_data","index":142,"on_true":{"type":"minecraft:model","model":"minecraft:item/dynamic_model/item_base/8e","tints":[{"type":"minecraft:custom_model_data","default":16777215,"index":142}]},"on_false":{"type":"minecraft:empty"}},
      {"type":"minecraft:condition","property":"minecraft:custom_model_data","index":143,"on_true":{"type":"minecraft:model","model":"minecraft:item/dynamic_model/item_base/8f","tints":[{"type":"minecraft:custom_model_data","default":16777215,"index":143}]},"on_false":{"type":"minecraft:empty"}},
      {"type":"minecraft:condition","property":"minecraft:custom_model_data","index":144,"on_true":{"type":"minecraft:model","model":"minecraft:item/dynamic_model/item_base/90","tints":[{"type":"minecraft:custom_model_data","default":16777215,"index":144}]},"on_false":{"type":"minecraft:empty"}},
      {"type":"minecraft:condition","property":"minecraft:custom_model_data","index":145,"on_true":{"type":"minecraft:model","model":"minecraft:item/dynamic_model/item_base/91","tints":[{"type":"minecraft:custom_model_data","default":16777215,"index":145}]},"on_false":{"type":"minecraft:empty"}},
      {"type":"minecraft:condition","property":"minecraft:custom_model_data","index":146,"on_true":{"type":"minecraft:model","model":"minecraft:item/dynamic_model/item_base/92","tints":[{"type":"minecraft:custom_model_data","default":16777215,"index":146}]},"on_false":{"type":"minecraft:empty"}},
      {"type":"minecraft:condition","property":"minecraft:custom_model_data","index":147,"on_true":{"type":"minecraft:model","model":"minecraft:item/dynamic_model/item_base/93","tints":[{"type":"minecraft:custom_model_data","default":16777215,"index":147}]},"on_false":{"type":"minecraft:empty"}},
      {"type":"minecraft:condition","property":"minecraft:custom_model_data","index":148,"on_true":{"type":"minecraft:model","model":"minecraft:item/dynamic_model/item_base/94","tints":[{"type":"minecraft:custom_model_data","default":16777215,"index":148}]},"on_false":{"type":"minecraft:empty"}},
      {"type":"minecraft:condition","property":"minecraft:custom_model_data","index":149,"on_true":{"type":"minecraft:model","model":"minecraft:item/dynamic_model/item_base/95","tints":[{"type":"minecraft:custom_model_data","default":16777215,"index":149}]},"on_false":{"type":"minecraft:empty"}},
      {"type":"minecraft:condition","property":"minecraft:custom_model_data","index":150,"on_true":{"type":"minecraft:model","model":"minecraft:item/dynamic_model/item_base/96","tints":[{"type":"minecraft:custom_model_data","default":16777215,"index":150}]},"on_false":{"type":"minecraft:empty"}},
      {"type":"minecraft:condition","property":"minecraft:custom_model_data","index":151,"on_true":{"type":"minecraft:model","model":"minecraft:item/dynamic_model/item_base/97","tints":[{"type":"minecraft:custom_model_data","default":16777215,"index":151}]},"on_false":{"type":"minecraft:empty"}},
      {"type":"minecraft:condition","property":"minecraft:custom_model_data","index":152,"on_true":{"type":"minecraft:model","model":"minecraft:item/dynamic_model/item_base/98","tints":[{"type":"minecraft:custom_model_data","default":16777215,"index":152}]},"on_false":{"type":"minecraft:empty"}},
      {"type":"minecraft:condition","property":"minecraft:custom_model_data","index":153,"on_true":{"type":"minecraft:model","model":"minecraft:item/dynamic_model/item_base/99","tints":[{"type":"minecraft:custom_model_data","default":16777215,"index":153}]},"on_false":{"type":"minecraft:empty"}},
      {"type":"minecraft:condition","property":"minecraft:custom_model_data","index":154,"on_true":{"type":"minecraft:model","model":"minecraft:item/dynamic_model/item_base/9a","tints":[{"type":"minecraft:custom_model_data","default":16777215,"index":154}]},"on_false":{"type":"minecraft:empty"}},
      {"type":"minecraft:condition","property":"minecraft:custom_model_data","index":155,"on_true":{"type":"minecraft:model","model":"minecraft:item/dynamic_model/item_base/9b","tints":[{"type":"minecraft:custom_model_data","default":16777215,"index":155}]},"on_false":{"type":"minecraft:empty"}},
      {"type":"minecraft:condition","property":"minecraft:custom_model_data","index":156,"on_true":{"type":"minecraft:model","model":"minecraft:item/dynamic_model/item_base/9c","tints":[{"type":"minecraft:custom_model_data","default":16777215,"index":156}]},"on_false":{"type":"minecraft:empty"}},
      {"type":"minecraft:condition","property":"minecraft:custom_model_data","index":157,"on_true":{"type":"minecraft:model","model":"minecraft:item/dynamic_model/item_base/9d","tints":[{"type":"minecraft:custom_model_data","default":16777215,"index":157}]},"on_false":{"type":"minecraft:empty"}},
      {"type":"minecraft:condition","property":"minecraft:custom_model_data","index":158,"on_true":{"type":"minecraft:model","model":"minecraft:item/dynamic_model/item_base/9e","tints":[{"type":"minecraft:custom_model_data","default":16777215,"index":158}]},"on_false":{"type":"minecraft:empty"}},
      {"type":"minecraft:condition","property":"minecraft:custom_model_data","index":159,"on_true":{"type":"minecraft:model","model":"minecraft:item/dynamic_model/item_base/9f","tints":[{"type":"minecraft:custom_model_data","default":16777215,"index":159}]},"on_false":{"type":"minecraft:empty"}},
      {"type":"minecraft:condition","property":"minecraft:custom_model_data","index":160,"on_true":{"type":"minecraft:model","model":"minecraft:item/dynamic_model/item_base/a0","tints":[{"type":"minecraft:custom_model_data","default":16777215,"index":160}]},"on_false":{"type":"minecraft:empty"}},
      {"type":"minecraft:condition","property":"minecraft:custom_model_data","index":161,"on_true":{"type":"minecraft:model","model":"minecraft:item/dynamic_model/item_base/a1","tints":[{"type":"minecraft:custom_model_data","default":16777215,"index":161}]},"on_false":{"type":"minecraft:empty"}},
      {"type":"minecraft:condition","property":"minecraft:custom_model_data","index":162,"on_true":{"type":"minecraft:model","model":"minecraft:item/dynamic_model/item_base/a2","tints":[{"type":"minecraft:custom_model_data","default":16777215,"index":162}]},"on_false":{"type":"minecraft:empty"}},
      {"type":"minecraft:condition","property":"minecraft:custom_model_data","index":163,"on_true":{"type":"minecraft:model","model":"minecraft:item/dynamic_model/item_base/a3","tints":[{"type":"minecraft:custom_model_data","default":16777215,"index":163}]},"on_false":{"type":"minecraft:empty"}},
      {"type":"minecraft:condition","property":"minecraft:custom_model_data","index":164,"on_true":{"type":"minecraft:model","model":"minecraft:item/dynamic_model/item_base/a4","tints":[{"type":"minecraft:custom_model_data","default":16777215,"index":164}]},"on_false":{"type":"minecraft:empty"}},
      {"type":"minecraft:condition","property":"minecraft:custom_model_data","index":165,"on_true":{"type":"minecraft:model","model":"minecraft:item/dynamic_model/item_base/a5","tints":[{"type":"minecraft:custom_model_data","default":16777215,"index":165}]},"on_false":{"type":"minecraft:empty"}},
      {"type":"minecraft:condition","property":"minecraft:custom_model_data","index":166,"on_true":{"type":"minecraft:model","model":"minecraft:item/dynamic_model/item_base/a6","tints":[{"type":"minecraft:custom_model_data","default":16777215,"index":166}]},"on_false":{"type":"minecraft:empty"}},
      {"type":"minecraft:condition","property":"minecraft:custom_model_data","index":167,"on_true":{"type":"minecraft:model","model":"minecraft:item/dynamic_model/item_base/a7","tints":[{"type":"minecraft:custom_model_data","default":16777215,"index":167}]},"on_false":{"type":"minecraft:empty"}},
      {"type":"minecraft:condition","property":"minecraft:custom_model_data","index":168,"on_true":{"type":"minecraft:model","model":"minecraft:item/dynamic_model/item_base/a8","tints":[{"type":"minecraft:custom_model_data","default":16777215,"index":168}]},"on_false":{"type":"minecraft:empty"}},
      {"type":"minecraft:condition","property":"minecraft:custom_model_data","index":169,"on_true":{"type":"minecraft:model","model":"minecraft:item/dynamic_model/item_base/a9","tints":[{"type":"minecraft:custom_model_data","default":16777215,"index":169}]},"on_false":{"type":"minecraft:empty"}},
      {"type":"minecraft:condition","property":"minecraft:custom_model_data","index":170,"on_true":{"type":"minecraft:model","model":"minecraft:item/dynamic_model/item_base/aa","tints":[{"type":"minecraft:custom_model_data","default":16777215,"index":170}]},"on_false":{"type":"minecraft:empty"}},
      {"type":"minecraft:condition","property":"minecraft:custom_model_data","index":171,"on_true":{"type":"minecraft:model","model":"minecraft:item/dynamic_model/item_base/ab","tints":[{"type":"minecraft:custom_model_data","default":16777215,"index":171}]},"on_false":{"type":"minecraft:empty"}},
      {"type":"minecraft:condition","property":"minecraft:custom_model_data","index":172,"on_true":{"type":"minecraft:model","model":"minecraft:item/dynamic_model/item_base/ac","tints":[{"type":"minecraft:custom_model_data","default":16777215,"index":172}]},"on_false":{"type":"minecraft:empty"}},
      {"type":"minecraft:condition","property":"minecraft:custom_model_data","index":173,"on_true":{"type":"minecraft:model","model":"minecraft:item/dynamic_model/item_base/ad","tints":[{"type":"minecraft:custom_model_data","default":16777215,"index":173}]},"on_false":{"type":"minecraft:empty"}},
      {"type":"minecraft:condition","property":"minecraft:custom_model_data","index":174,"on_true":{"type":"minecraft:model","model":"minecraft:item/dynamic_model/item_base/ae","tints":[{"type":"minecraft:custom_model_data","default":16777215,"index":174}]},"on_false":{"type":"minecraft:empty"}},
      {"type":"minecraft:condition","property":"minecraft:custom_model_data","index":175,"on_true":{"type":"minecraft:model","model":"minecraft:item/dynamic_model/item_base/af","tints":[{"type":"minecraft:custom_model_data","default":16777215,"index":175}]},"on_false":{"type":"minecraft:empty"}},
      {"type":"minecraft:condition","property":"minecraft:custom_model_data","index":176,"on_true":{"type":"minecraft:model","model":"minecraft:item/dynamic_model/item_base/b0","tints":[{"type":"minecraft:custom_model_data","default":16777215,"index":176}]},"on_false":{"type":"minecraft:empty"}},
      {"type":"minecraft:condition","property":"minecraft:custom_model_data","index":177,"on_true":{"type":"minecraft:model","model":"minecraft:item/dynamic_model/item_base/b1","tints":[{"type":"minecraft:custom_model_data","default":16777215,"index":177}]},"on_false":{"type":"minecraft:empty"}},
      {"type":"minecraft:condition","property":"minecraft:custom_model_data","index":178,"on_true":{"type":"minecraft:model","model":"minecraft:item/dynamic_model/item_base/b2","tints":[{"type":"minecraft:custom_model_data","default":16777215,"index":178}]},"on_false":{"type":"minecraft:empty"}},
      {"type":"minecraft:condition","property":"minecraft:custom_model_data","index":179,"on_true":{"type":"minecraft:model","model":"minecraft:item/dynamic_model/item_base/b3","tints":[{"type":"minecraft:custom_model_data","default":16777215,"index":179}]},"on_false":{"type":"minecraft:empty"}},
      {"type":"minecraft:condition","property":"minecraft:custom_model_data","index":180,"on_true":{"type":"minecraft:model","model":"minecraft:item/dynamic_model/item_base/b4","tints":[{"type":"minecraft:custom_model_data","default":16777215,"index":180}]},"on_false":{"type":"minecraft:empty"}},
      {"type":"minecraft:condition","property":"minecraft:custom_model_data","index":181,"on_true":{"type":"minecraft:model","model":"minecraft:item/dynamic_model/item_base/b5","tints":[{"type":"minecraft:custom_model_data","default":16777215,"index":181}]},"on_false":{"type":"minecraft:empty"}},
      {"type":"minecraft:condition","property":"minecraft:custom_model_data","index":182,"on_true":{"type":"minecraft:model","model":"minecraft:item/dynamic_model/item_base/b6","tints":[{"type":"minecraft:custom_model_data","default":16777215,"index":182}]},"on_false":{"type":"minecraft:empty"}},
      {"type":"minecraft:condition","property":"minecraft:custom_model_data","index":183,"on_true":{"type":"minecraft:model","model":"minecraft:item/dynamic_model/item_base/b7","tints":[{"type":"minecraft:custom_model_data","default":16777215,"index":183}]},"on_false":{"type":"minecraft:empty"}},
      {"type":"minecraft:condition","property":"minecraft:custom_model_data","index":184,"on_true":{"type":"minecraft:model","model":"minecraft:item/dynamic_model/item_base/b8","tints":[{"type":"minecraft:custom_model_data","default":16777215,"index":184}]},"on_false":{"type":"minecraft:empty"}},
      {"type":"minecraft:condition","property":"minecraft:custom_model_data","index":185,"on_true":{"type":"minecraft:model","model":"minecraft:item/dynamic_model/item_base/b9","tints":[{"type":"minecraft:custom_model_data","default":16777215,"index":185}]},"on_false":{"type":"minecraft:empty"}},
      {"type":"minecraft:condition","property":"minecraft:custom_model_data","index":186,"on_true":{"type":"minecraft:model","model":"minecraft:item/dynamic_model/item_base/ba","tints":[{"type":"minecraft:custom_model_data","default":16777215,"index":186}]},"on_false":{"type":"minecraft:empty"}},
      {"type":"minecraft:condition","property":"minecraft:custom_model_data","index":187,"on_true":{"type":"minecraft:model","model":"minecraft:item/dynamic_model/item_base/bb","tints":[{"type":"minecraft:custom_model_data","default":16777215,"index":187}]},"on_false":{"type":"minecraft:empty"}},
      {"type":"minecraft:condition","property":"minecraft:custom_model_data","index":188,"on_true":{"type":"minecraft:model","model":"minecraft:item/dynamic_model/item_base/bc","tints":[{"type":"minecraft:custom_model_data","default":16777215,"index":188}]},"on_false":{"type":"minecraft:empty"}},
      {"type":"minecraft:condition","property":"minecraft:custom_model_data","index":189,"on_true":{"type":"minecraft:model","model":"minecraft:item/dynamic_model/item_base/bd","tints":[{"type":"minecraft:custom_model_data","default":16777215,"index":189}]},"on_false":{"type":"minecraft:empty"}},
      {"type":"minecraft:condition","property":"minecraft:custom_model_data","index":190,"on_true":{"type":"minecraft:model","model":"minecraft:item/dynamic_model/item_base/be","tints":[{"type":"minecraft:custom_model_data","default":16777215,"index":190}]},"on_false":{"type":"minecraft:empty"}},
      {"type":"minecraft:condition","property":"minecraft:custom_model_data","index":191,"on_true":{"type":"minecraft:model","model":"minecraft:item/dynamic_model/item_base/bf","tints":[{"type":"minecraft:custom_model_data","default":16777215,"index":191}]},"on_false":{"type":"minecraft:empty"}},
      {"type":"minecraft:condition","property":"minecraft:custom_model_data","index":192,"on_true":{"type":"minecraft:model","model":"minecraft:item/dynamic_model/item_base/c0","tints":[{"type":"minecraft:custom_model_data","default":16777215,"index":192}]},"on_false":{"type":"minecraft:empty"}},
      {"type":"minecraft:condition","property":"minecraft:custom_model_data","index":193,"on_true":{"type":"minecraft:model","model":"minecraft:item/dynamic_model/item_base/c1","tints":[{"type":"minecraft:custom_model_data","default":16777215,"index":193}]},"on_false":{"type":"minecraft:empty"}},
      {"type":"minecraft:condition","property":"minecraft:custom_model_data","index":194,"on_true":{"type":"minecraft:model","model":"minecraft:item/dynamic_model/item_base/c2","tints":[{"type":"minecraft:custom_model_data","default":16777215,"index":194}]},"on_false":{"type":"minecraft:empty"}},
      {"type":"minecraft:condition","property":"minecraft:custom_model_data","index":195,"on_true":{"type":"minecraft:model","model":"minecraft:item/dynamic_model/item_base/c3","tints":[{"type":"minecraft:custom_model_data","default":16777215,"index":195}]},"on_false":{"type":"minecraft:empty"}},
      {"type":"minecraft:condition","property":"minecraft:custom_model_data","index":196,"on_true":{"type":"minecraft:model","model":"minecraft:item/dynamic_model/item_base/c4","tints":[{"type":"minecraft:custom_model_data","default":16777215,"index":196}]},"on_false":{"type":"minecraft:empty"}},
      {"type":"minecraft:condition","property":"minecraft:custom_model_data","index":197,"on_true":{"type":"minecraft:model","model":"minecraft:item/dynamic_model/item_base/c5","tints":[{"type":"minecraft:custom_model_data","default":16777215,"index":197}]},"on_false":{"type":"minecraft:empty"}},
      {"type":"minecraft:condition","property":"minecraft:custom_model_data","index":198,"on_true":{"type":"minecraft:model","model":"minecraft:item/dynamic_model/item_base/c6","tints":[{"type":"minecraft:custom_model_data","default":16777215,"index":198}]},"on_false":{"type":"minecraft:empty"}},
      {"type":"minecraft:condition","property":"minecraft:custom_model_data","index":199,"on_true":{"type":"minecraft:model","model":"minecraft:item/dynamic_model/item_base/c7","tints":[{"type":"minecraft:custom_model_data","default":16777215,"index":199}]},"on_false":{"type":"minecraft:empty"}},
      {"type":"minecraft:condition","property":"minecraft:custom_model_data","index":200,"on_true":{"type":"minecraft:model","model":"minecraft:item/dynamic_model/item_base/c8","tints":[{"type":"minecraft:custom_model_data","default":16777215,"index":200}]},"on_false":{"type":"minecraft:empty"}},
      {"type":"minecraft:condition","property":"minecraft:custom_model_data","index":201,"on_true":{"type":"minecraft:model","model":"minecraft:item/dynamic_model/item_base/c9","tints":[{"type":"minecraft:custom_model_data","default":16777215,"index":201}]},"on_false":{"type":"minecraft:empty"}},
      {"type":"minecraft:condition","property":"minecraft:custom_model_data","index":202,"on_true":{"type":"minecraft:model","model":"minecraft:item/dynamic_model/item_base/ca","tints":[{"type":"minecraft:custom_model_data","default":16777215,"index":202}]},"on_false":{"type":"minecraft:empty"}},
      {"type":"minecraft:condition","property":"minecraft:custom_model_data","index":203,"on_true":{"type":"minecraft:model","model":"minecraft:item/dynamic_model/item_base/cb","tints":[{"type":"minecraft:custom_model_data","default":16777215,"index":203}]},"on_false":{"type":"minecraft:empty"}},
      {"type":"minecraft:condition","property":"minecraft:custom_model_data","index":204,"on_true":{"type":"minecraft:model","model":"minecraft:item/dynamic_model/item_base/cc","tints":[{"type":"minecraft:custom_model_data","default":16777215,"index":204}]},"on_false":{"type":"minecraft:empty"}},
      {"type":"minecraft:condition","property":"minecraft:custom_model_data","index":205,"on_true":{"type":"minecraft:model","model":"minecraft:item/dynamic_model/item_base/cd","tints":[{"type":"minecraft:custom_model_data","default":16777215,"index":205}]},"on_false":{"type":"minecraft:empty"}},
      {"type":"minecraft:condition","property":"minecraft:custom_model_data","index":206,"on_true":{"type":"minecraft:model","model":"minecraft:item/dynamic_model/item_base/ce","tints":[{"type":"minecraft:custom_model_data","default":16777215,"index":206}]},"on_false":{"type":"minecraft:empty"}},
      {"type":"minecraft:condition","property":"minecraft:custom_model_data","index":207,"on_true":{"type":"minecraft:model","model":"minecraft:item/dynamic_model/item_base/cf","tints":[{"type":"minecraft:custom_model_data","default":16777215,"index":207}]},"on_false":{"type":"minecraft:empty"}},
      {"type":"minecraft:condition","property":"minecraft:custom_model_data","index":208,"on_true":{"type":"minecraft:model","model":"minecraft:item/dynamic_model/item_base/d0","tints":[{"type":"minecraft:custom_model_data","default":16777215,"index":208}]},"on_false":{"type":"minecraft:empty"}},
      {"type":"minecraft:condition","property":"minecraft:custom_model_data","index":209,"on_true":{"type":"minecraft:model","model":"minecraft:item/dynamic_model/item_base/d1","tints":[{"type":"minecraft:custom_model_data","default":16777215,"index":209}]},"on_false":{"type":"minecraft:empty"}},
      {"type":"minecraft:condition","property":"minecraft:custom_model_data","index":210,"on_true":{"type":"minecraft:model","model":"minecraft:item/dynamic_model/item_base/d2","tints":[{"type":"minecraft:custom_model_data","default":16777215,"index":210}]},"on_false":{"type":"minecraft:empty"}},
      {"type":"minecraft:condition","property":"minecraft:custom_model_data","index":211,"on_true":{"type":"minecraft:model","model":"minecraft:item/dynamic_model/item_base/d3","tints":[{"type":"minecraft:custom_model_data","default":16777215,"index":211}]},"on_false":{"type":"minecraft:empty"}},
      {"type":"minecraft:condition","property":"minecraft:custom_model_data","index":212,"on_true":{"type":"minecraft:model","model":"minecraft:item/dynamic_model/item_base/d4","tints":[{"type":"minecraft:custom_model_data","default":16777215,"index":212}]},"on_false":{"type":"minecraft:empty"}},
      {"type":"minecraft:condition","property":"minecraft:custom_model_data","index":213,"on_true":{"type":"minecraft:model","model":"minecraft:item/dynamic_model/item_base/d5","tints":[{"type":"minecraft:custom_model_data","default":16777215,"index":213}]},"on_false":{"type":"minecraft:empty"}},
      {"type":"minecraft:condition","property":"minecraft:custom_model_data","index":214,"on_true":{"type":"minecraft:model","model":"minecraft:item/dynamic_model/item_base/d6","tints":[{"type":"minecraft:custom_model_data","default":16777215,"index":214}]},"on_false":{"type":"minecraft:empty"}},
      {"type":"minecraft:condition","property":"minecraft:custom_model_data","index":215,"on_true":{"type":"minecraft:model","model":"minecraft:item/dynamic_model/item_base/d7","tints":[{"type":"minecraft:custom_model_data","default":16777215,"index":215}]},"on_false":{"type":"minecraft:empty"}},
      {"type":"minecraft:condition","property":"minecraft:custom_model_data","index":216,"on_true":{"type":"minecraft:model","model":"minecraft:item/dynamic_model/item_base/d8","tints":[{"type":"minecraft:custom_model_data","default":16777215,"index":216}]},"on_false":{"type":"minecraft:empty"}},
      {"type":"minecraft:condition","property":"minecraft:custom_model_data","index":217,"on_true":{"type":"minecraft:model","model":"minecraft:item/dynamic_model/item_base/d9","tints":[{"type":"minecraft:custom_model_data","default":16777215,"index":217}]},"on_false":{"type":"minecraft:empty"}},
      {"type":"minecraft:condition","property":"minecraft:custom_model_data","index":218,"on_true":{"type":"minecraft:model","model":"minecraft:item/dynamic_model/item_base/da","tints":[{"type":"minecraft:custom_model_data","default":16777215,"index":218}]},"on_false":{"type":"minecraft:empty"}},
      {"type":"minecraft:condition","property":"minecraft:custom_model_data","index":219,"on_true":{"type":"minecraft:model","model":"minecraft:item/dynamic_model/item_base/db","tints":[{"type":"minecraft:custom_model_data","default":16777215,"index":219}]},"on_false":{"type":"minecraft:empty"}},
      {"type":"minecraft:condition","property":"minecraft:custom_model_data","index":220,"on_true":{"type":"minecraft:model","model":"minecraft:item/dynamic_model/item_base/dc","tints":[{"type":"minecraft:custom_model_data","default":16777215,"index":220}]},"on_false":{"type":"minecraft:empty"}},
      {"type":"minecraft:condition","property":"minecraft:custom_model_data","index":221,"on_true":{"type":"minecraft:model","model":"minecraft:item/dynamic_model/item_base/dd","tints":[{"type":"minecraft:custom_model_data","default":16777215,"index":221}]},"on_false":{"type":"minecraft:empty"}},
      {"type":"minecraft:condition","property":"minecraft:custom_model_data","index":222,"on_true":{"type":"minecraft:model","model":"minecraft:item/dynamic_model/item_base/de","tints":[{"type":"minecraft:custom_model_data","default":16777215,"index":222}]},"on_false":{"type":"minecraft:empty"}},
      {"type":"minecraft:condition","property":"minecraft:custom_model_data","index":223,"on_true":{"type":"minecraft:model","model":"minecraft:item/dynamic_model/item_base/df","tints":[{"type":"minecraft:custom_model_data","default":16777215,"index":223}]},"on_false":{"type":"minecraft:empty"}},
      {"type":"minecraft:condition","property":"minecraft:custom_model_data","index":224,"on_true":{"type":"minecraft:model","model":"minecraft:item/dynamic_model/item_base/e0","tints":[{"type":"minecraft:custom_model_data","default":16777215,"index":224}]},"on_false":{"type":"minecraft:empty"}},
      {"type":"minecraft:condition","property":"minecraft:custom_model_data","index":225,"on_true":{"type":"minecraft:model","model":"minecraft:item/dynamic_model/item_base/e1","tints":[{"type":"minecraft:custom_model_data","default":16777215,"index":225}]},"on_false":{"type":"minecraft:empty"}},
      {"type":"minecraft:condition","property":"minecraft:custom_model_data","index":226,"on_true":{"type":"minecraft:model","model":"minecraft:item/dynamic_model/item_base/e2","tints":[{"type":"minecraft:custom_model_data","default":16777215,"index":226}]},"on_false":{"type":"minecraft:empty"}},
      {"type":"minecraft:condition","property":"minecraft:custom_model_data","index":227,"on_true":{"type":"minecraft:model","model":"minecraft:item/dynamic_model/item_base/e3","tints":[{"type":"minecraft:custom_model_data","default":16777215,"index":227}]},"on_false":{"type":"minecraft:empty"}},
      {"type":"minecraft:condition","property":"minecraft:custom_model_data","index":228,"on_true":{"type":"minecraft:model","model":"minecraft:item/dynamic_model/item_base/e4","tints":[{"type":"minecraft:custom_model_data","default":16777215,"index":228}]},"on_false":{"type":"minecraft:empty"}},
      {"type":"minecraft:condition","property":"minecraft:custom_model_data","index":229,"on_true":{"type":"minecraft:model","model":"minecraft:item/dynamic_model/item_base/e5","tints":[{"type":"minecraft:custom_model_data","default":16777215,"index":229}]},"on_false":{"type":"minecraft:empty"}},
      {"type":"minecraft:condition","property":"minecraft:custom_model_data","index":230,"on_true":{"type":"minecraft:model","model":"minecraft:item/dynamic_model/item_base/e6","tints":[{"type":"minecraft:custom_model_data","default":16777215,"index":230}]},"on_false":{"type":"minecraft:empty"}},
      {"type":"minecraft:condition","property":"minecraft:custom_model_data","index":231,"on_true":{"type":"minecraft:model","model":"minecraft:item/dynamic_model/item_base/e7","tints":[{"type":"minecraft:custom_model_data","default":16777215,"index":231}]},"on_false":{"type":"minecraft:empty"}},
      {"type":"minecraft:condition","property":"minecraft:custom_model_data","index":232,"on_true":{"type":"minecraft:model","model":"minecraft:item/dynamic_model/item_base/e8","tints":[{"type":"minecraft:custom_model_data","default":16777215,"index":232}]},"on_false":{"type":"minecraft:empty"}},
      {"type":"minecraft:condition","property":"minecraft:custom_model_data","index":233,"on_true":{"type":"minecraft:model","model":"minecraft:item/dynamic_model/item_base/e9","tints":[{"type":"minecraft:custom_model_data","default":16777215,"index":233}]},"on_false":{"type":"minecraft:empty"}},
      {"type":"minecraft:condition","property":"minecraft:custom_model_data","index":234,"on_true":{"type":"minecraft:model","model":"minecraft:item/dynamic_model/item_base/ea","tints":[{"type":"minecraft:custom_model_data","default":16777215,"index":234}]},"on_false":{"type":"minecraft:empty"}},
      {"type":"minecraft:condition","property":"minecraft:custom_model_data","index":235,"on_true":{"type":"minecraft:model","model":"minecraft:item/dynamic_model/item_base/eb","tints":[{"type":"minecraft:custom_model_data","default":16777215,"index":235}]},"on_false":{"type":"minecraft:empty"}},
      {"type":"minecraft:condition","property":"minecraft:custom_model_data","index":236,"on_true":{"type":"minecraft:model","model":"minecraft:item/dynamic_model/item_base/ec","tints":[{"type":"minecraft:custom_model_data","default":16777215,"index":236}]},"on_false":{"type":"minecraft:empty"}},
      {"type":"minecraft:condition","property":"minecraft:custom_model_data","index":237,"on_true":{"type":"minecraft:model","model":"minecraft:item/dynamic_model/item_base/ed","tints":[{"type":"minecraft:custom_model_data","default":16777215,"index":237}]},"on_false":{"type":"minecraft:empty"}},
      {"type":"minecraft:condition","property":"minecraft:custom_model_data","index":238,"on_true":{"type":"minecraft:model","model":"minecraft:item/dynamic_model/item_base/ee","tints":[{"type":"minecraft:custom_model_data","default":16777215,"index":238}]},"on_false":{"type":"minecraft:empty"}},
      {"type":"minecraft:condition","property":"minecraft:custom_model_data","index":239,"on_true":{"type":"minecraft:model","model":"minecraft:item/dynamic_model/item_base/ef","tints":[{"type":"minecraft:custom_model_data","default":16777215,"index":239}]},"on_false":{"type":"minecraft:empty"}},
      {"type":"minecraft:condition","property":"minecraft:custom_model_data","index":240,"on_true":{"type":"minecraft:model","model":"minecraft:item/dynamic_model/item_base/f0","tints":[{"type":"minecraft:custom_model_data","default":16777215,"index":240}]},"on_false":{"type":"minecraft:empty"}},
      {"type":"minecraft:condition","property":"minecraft:custom_model_data","index":241,"on_true":{"type":"minecraft:model","model":"minecraft:item/dynamic_model/item_base/f1","tints":[{"type":"minecraft:custom_model_data","default":16777215,"index":241}]},"on_false":{"type":"minecraft:empty"}},
      {"type":"minecraft:condition","property":"minecraft:custom_model_data","index":242,"on_true":{"type":"minecraft:model","model":"minecraft:item/dynamic_model/item_base/f2","tints":[{"type":"minecraft:custom_model_data","default":16777215,"index":242}]},"on_false":{"type":"minecraft:empty"}},
      {"type":"minecraft:condition","property":"minecraft:custom_model_data","index":243,"on_true":{"type":"minecraft:model","model":"minecraft:item/dynamic_model/item_base/f3","tints":[{"type":"minecraft:custom_model_data","default":16777215,"index":243}]},"on_false":{"type":"minecraft:empty"}},
      {"type":"minecraft:condition","property":"minecraft:custom_model_data","index":244,"on_true":{"type":"minecraft:model","model":"minecraft:item/dynamic_model/item_base/f4","tints":[{"type":"minecraft:custom_model_data","default":16777215,"index":244}]},"on_false":{"type":"minecraft:empty"}},
      {"type":"minecraft:condition","property":"minecraft:custom_model_data","index":245,"on_true":{"type":"minecraft:model","model":"minecraft:item/dynamic_model/item_base/f5","tints":[{"type":"minecraft:custom_model_data","default":16777215,"index":245}]},"on_false":{"type":"minecraft:empty"}},
      {"type":"minecraft:condition","property":"minecraft:custom_model_data","index":246,"on_true":{"type":"minecraft:model","model":"minecraft:item/dynamic_model/item_base/f6","tints":[{"type":"minecraft:custom_model_data","default":16777215,"index":246}]},"on_false":{"type":"minecraft:empty"}},
      {"type":"minecraft:condition","property":"minecraft:custom_model_data","index":247,"on_true":{"type":"minecraft:model","model":"minecraft:item/dynamic_model/item_base/f7","tints":[{"type":"minecraft:custom_model_data","default":16777215,"index":247}]},"on_false":{"type":"minecraft:empty"}},
      {"type":"minecraft:condition","property":"minecraft:custom_model_data","index":248,"on_true":{"type":"minecraft:model","model":"minecraft:item/dynamic_model/item_base/f8","tints":[{"type":"minecraft:custom_model_data","default":16777215,"index":248}]},"on_false":{"type":"minecraft:empty"}},
      {"type":"minecraft:condition","property":"minecraft:custom_model_data","index":249,"on_true":{"type":"minecraft:model","model":"minecraft:item/dynamic_model/item_base/f9","tints":[{"type":"minecraft:custom_model_data","default":16777215,"index":249}]},"on_false":{"type":"minecraft:empty"}},
      {"type":"minecraft:condition","property":"minecraft:custom_model_data","index":250,"on_true":{"type":"minecraft:model","model":"minecraft:item/dynamic_model/item_base/fa","tints":[{"type":"minecraft:custom_model_data","default":16777215,"index":250}]},"on_false":{"type":"minecraft:empty"}},
      {"type":"minecraft:condition","property":"minecraft:custom_model_data","index":251,"on_true":{"type":"minecraft:model","model":"minecraft:item/dynamic_model/item_base/fb","tints":[{"type":"minecraft:custom_model_data","default":16777215,"index":251}]},"on_false":{"type":"minecraft:empty"}},
      {"type":"minecraft:condition","property":"minecraft:custom_model_data","index":252,"on_true":{"type":"minecraft:model","model":"minecraft:item/dynamic_model/item_base/fc","tints":[{"type":"minecraft:custom_model_data","default":16777215,"index":252}]},"on_false":{"type":"minecraft:empty"}},
      {"type":"minecraft:condition","property":"minecraft:custom_model_data","index":253,"on_true":{"type":"minecraft:model","model":"minecraft:item/dynamic_model/item_base/fd","tints":[{"type":"minecraft:custom_model_data","default":16777215,"index":253}]},"on_false":{"type":"minecraft:empty"}},
      {"type":"minecraft:condition","property":"minecraft:custom_model_data","index":254,"on_true":{"type":"minecraft:model","model":"minecraft:item/dynamic_model/item_base/fe","tints":[{"type":"minecraft:custom_model_data","default":16777215,"index":254}]},"on_false":{"type":"minecraft:empty"}},
      {"type":"minecraft:condition","property":"minecraft:custom_model_data","index":255,"on_true":{"type":"minecraft:model","model":"minecraft:item/dynamic_model/item_base/ff","tints":[{"type":"minecraft:custom_model_data","default":16777215,"index":255}]},"on_false":{"type":"minecraft:empty"}}
    ]
  },
  "hand_animation_on_swap": false
}