{
  "model": {
    "type": "select",
    "property": "custom_model_data",
    "fallback": {
      "type": "model",
      "model": "item/flint"
    },
    "cases": [
      { "when": "arrow_left", "model": { "type": "model", "model": "item/ui/arrow_left" } },
      { "when": "arrow_right", "model": { "type": "model", "model": "item/ui/arrow_right" } },
      { "when": "empty_slot", "model": { "type": "model", "model": "item/ui/empty_slot" } },
      { "when": "return", "model": { "type": "model", "model": "item/ui/return" } },
      { "when": "filter", "model": { "type": "model", "model": "item/ui/filter" } },
      { "when": "glyph", "model": { "type": "model", "model": "item/ui/glyph" } },
	  
      { "when": "propeller_blade", "model": { "type": "model", "model": "vehicle/propeller_blade" } },
      { "when": "propeller_hub", "model": { "type": "model", "model": "vehicle/propeller_hub" } },
	  
      { "when": "management_logo_holo", "model": { "type": "model", "model": "prop_items/bot/management_logo_holo" } },
      { "when": "bot_laser_gun", "model": { "type": "model", "model": "prop_items/bot/bot_laser_gun" } },
      { "when": "bot_laser_gun_2", "model": { "type": "model", "model": "prop_items/bot/bot_laser_gun_2" } },
      { "when": "bot_laser_gun_base", "model": { "type": "model", "model": "prop_items/bot/bot_laser_gun_base" } },
      { "when": "bot_laser_gun_2_base", "model": { "type": "model", "model": "prop_items/bot/bot_laser_gun_2_base" } },
      { "when": "bot_mini_laser_gun", "model": { "type": "model", "model": "prop_items/bot/bot_mini_laser_gun" } },
      { "when": "bot_mini_laser_gun_base", "model": { "type": "model", "model": "prop_items/bot/bot_mini_laser_gun_base" } },
      { "when": "bot_head", "model": { "type": "model", "model": "prop_items/bot/bot_head" } },
      { "when": "bot_head_lower", "model": { "type": "model", "model": "prop_items/bot/bot_head_lower" } },
      { "when": "bot_head_shield", "model": { "type": "model", "model": "prop_items/bot/bot_head_shield" } },
      { "when": "bot_head_advanced", "model": { "type": "model", "model": "prop_items/bot/bot_head_advanced" } },
      { "when": "bot_slow_trap", "model": { "type": "model", "model": "prop_items/bot/bot_slow_trap" } },
	  
      { "when": "empty_schematic_slot", "model": { "type": "model", "model": "prop_items/empty_schematic_slot" } },
      { "when": "schematic", "model": { "type": "model", "model": "prop_items/schematic" } },
      { "when": "copper_wire", "model": { "type": "model", "model": "prop_items/copper_wire" } },
      { "when": "wiring_kit", "model": { "type": "model", "model": "prop_items/wiring_kit" } },
      { "when": "cable", "model": { "type": "model", "model": "prop_items/cable" } },
      { "when": "hex_nut", "model": { "type": "model", "model": "prop_items/hex_nut" } },
      { "when": "energy_core", "model": { "type": "model", "model": "prop_items/energy_core" } },
      { "when": "refined_alloy_ingot", "model": { "type": "model", "model": "prop_items/refined_alloy_ingot" } },
      { "when": "chromatic_alloy", "model": { "type": "model", "model": "prop_items/chromatic_alloy" } },
      { "when": "meta_alloy", "model": { "type": "model", "model": "prop_items/meta_alloy" } },
      { "when": "missile_ammo", "model": { "type": "model", "model": "prop_items/missile_ammo" } },
      { "when": "tech_component", "model": { "type": "model", "model": "prop_items/technology" } },
      { "when": "magnet", "model": { "type": "model", "model": "prop_items/magnet" } },
      { "when": "super_magnet", "model": { "type": "model", "model": "prop_items/super_magnet" } },
	  
      { "when": "missile", "model": { "type": "model", "model": "prop_items/missile" } },
      { "when": "airburst_missile", "model": { "type": "model", "model": "prop_items/airburst_missile" } },
	  
      { "when": "jetpack", "model": { "type": "model", "model": "prop_items/jetpack" } },
      { "when": "forward_propelled_jetpack", "model": { "type": "model", "model": "prop_items/forward_propelled_jetpack" } },
      { "when": "machine_gun_jetpack", "model": { "type": "model", "model": "prop_items/machine_gun_jetpack" } },
	  
      { "when": "supercharged_sentry", "model": { "type": "model", "model": "prop_items/spell/supercharged_sentry" } },
      { "when": "supercharged_sentry_base", "model": { "type": "model", "model": "prop_items/spell/supercharged_sentry_base" } },
      { "when": "icarus", "model": { "type": "model", "model": "prop_items/spell/icarus" } },
	  
	  { "when": "tutorial_book", "model": { "type": "model", "model": "prop_items/book/crafting" } },
	  
      { 
		"when": "laser",
        "model": {
          "type": "model",
          "model": "prop_items/laser",
          "tints": [
            {
              "type": "minecraft:custom_model_data",
              "index": 0,
              "default": 16777215
            },
            {
              "type": "minecraft:custom_model_data",
              "index": 1,
              "default": 16777215
            }
          ]
        }
      },
	  
      { "when": "4", "model": { "type": "model", "model": "prop_items/sheet" } },
      { "when": "5", "model": { "type": "model", "model": "prop_items/radar" } },
      { "when": "6", "model": { "type": "model", "model": "prop_items/book/paper" } },
      { "when": "7", "model": { "type": "model", "model": "prop_items/alarm_clock" } },
      { "when": "8", "model": { "type": "model", "model": "prop_items/alarm_clock_off" } },
      { "when": "9", "model": { "type": "model", "model": "prop_items/car" } },
      { "when": "10", "model": { "type": "model", "model": "prop_items/water_bottle" } },
      { "when": "11", "model": { "type": "model", "model": "prop_items/empty_water_bottle" } },
      { "when": "12", "model": { "type": "model", "model": "prop_items/rations" } },
      { "when": "13", "model": { "type": "model", "model": "prop_items/sandman" } },
      { "when": "14", "model": { "type": "model", "model": "prop_items/chips/condition_none" } },
      { "when": "15", "model": { "type": "model", "model": "prop_items/chips/function_open" } },
      { "when": "16", "model": { "type": "model", "model": "prop_items/blank" } },
      { "when": "17", "model": { "type": "model", "model": "prop_items/chips/condition_keycard" } },
      { "when": "18", "model": { "type": "model", "model": "prop_items/explosive" } },
      { "when": "19", "model": { "type": "model", "model": "prop_items/explosive_lit" } },
      { "when": "20", "model": { "type": "model", "model": "prop_items/remote" } },
      { "when": "21", "model": { "type": "model", "model": "prop_items/chips/broken_chip" } },
      { "when": "22", "model": { "type": "model", "model": "prop_items/chips/old_chip_1" } },
      { "when": "23", "model": { "type": "model", "model": "prop_items/chips/old_chip_2" } },
      { "when": "24", "model": { "type": "model", "model": "prop_items/chips/old_chip_3" } },
      { "when": "25", "model": { "type": "model", "model": "prop_items/card_2" } },
      { "when": "26", "model": { "type": "model", "model": "prop_items/explosive_broken" } },
      { "when": "27", "model": { "type": "model", "model": "prop_items/crowbar" } },
      { "when": "28", "model": { "type": "model", "model": "prop_items/gunship" } },
	  
      { "when": "31", "model": { "type": "model", "model": "prop_items/transport_eye" } },
      { "when": "32", "model": { "type": "model", "model": "prop_items/space_launcher" } },
      { "when": "33", "model": { "type": "model", "model": "prop_items/aridity_charm" } },
      { "when": "34", "model": { "type": "model", "model": "prop_items/technology_broken" } },
      { "when": "35", "model": { "type": "model", "model": "prop_items/structure/platform" } },
      { "when": "36", "model": { "type": "model", "model": "prop_items/structure/cube" } },
      { "when": "37", "model": { "type": "model", "model": "prop_items/spell/sentry" } },
      { "when": "38", "model": { "type": "model", "model": "prop_items/spell/sentry_base" } },
      { "when": "39", "model": { "type": "model", "model": "prop_items/spell/trap_base" } },
      { "when": "40", "model": { "type": "model", "model": "prop_items/spell/snare_base" } },
      { "when": "41", "model": { "type": "model", "model": "prop_items/spell/light_sentry" } },
      { "when": "42", "model": { "type": "model", "model": "prop_items/spell/clockwork_sentry" } },
      { "when": "43", "model": { "type": "model", "model": "prop_items/glyph_unknown" } },
      { "when": "44", "model": { "type": "model", "model": "prop_items/spell/orb" } },
	  
      { "when": "45", "model": { "type": "model", "model": "prop_items/fuel_cell_empty" } },
      { "when": "46", "model": { "type": "model", "model": "prop_items/fuel_cell_full_dark_matter" } },
      { "when": "47", "model": { "type": "model", "model": "prop_items/fuel_cell_full_fuel" } }
    ]
  }
}