{
  "model": {
    "type": "select",
    "property": "custom_model_data",
    "fallback": {
      "type": "model",
      "model": "item/flint"
    },
    "cases": [
      { "when": "arrow_left", "model": { "type": "model", "model": "item/ui/arrow_left" } },
      { "when": "arrow_right", "model": { "type": "model", "model": "item/ui/arrow_right" } },
      { "when": "empty_slot", "model": { "type": "model", "model": "item/ui/empty_slot" } },
      { "when": "return", "model": { "type": "model", "model": "item/ui/return" } },
      { "when": "filter", "model": { "type": "model", "model": "item/ui/filter" } },
      { "when": "glyph", "model": { "type": "model", "model": "item/ui/glyph" } },
	  
      { "when": "propeller_blade", "model": { "type": "model", "model": "vehicle/propeller_blade" } },
      { "when": "propeller_hub", "model": { "type": "model", "model": "vehicle/propeller_hub" } },
	  
      { "when": "1", "model": { "type": "model", "model": "prop_items/copper_wire" } },
      { "when": "2", "model": { "type": "model", "model": "prop_items/wiring_kit" } },
      { "when": "3", "model": { "type": "model", "model": "prop_items/cables" } },
      { "when": "4", "model": { "type": "model", "model": "prop_items/sheet" } },
      { "when": "5", "model": { "type": "model", "model": "prop_items/radar" } },
      { "when": "6", "model": { "type": "model", "model": "prop_items/book/paper" } },
      { "when": "7", "model": { "type": "model", "model": "prop_items/alarm_clock" } },
      { "when": "8", "model": { "type": "model", "model": "prop_items/alarm_clock_off" } },
      { "when": "9", "model": { "type": "model", "model": "prop_items/car" } },
      { "when": "10", "model": { "type": "model", "model": "prop_items/water_bottle" } },
      { "when": "11", "model": { "type": "model", "model": "prop_items/empty_water_bottle" } },
      { "when": "12", "model": { "type": "model", "model": "prop_items/rations" } },
      { "when": "13", "model": { "type": "model", "model": "prop_items/sandman" } },
      { "when": "14", "model": { "type": "model", "model": "prop_items/chips/condition_none" } },
      { "when": "15", "model": { "type": "model", "model": "prop_items/chips/function_open" } },
      { "when": "16", "model": { "type": "model", "model": "prop_items/blank" } },
      { "when": "17", "model": { "type": "model", "model": "prop_items/chips/condition_keycard" } },
      { "when": "18", "model": { "type": "model", "model": "prop_items/explosive" } },
      { "when": "19", "model": { "type": "model", "model": "prop_items/explosive_lit" } },
      { "when": "20", "model": { "type": "model", "model": "prop_items/remote" } },
      { "when": "21", "model": { "type": "model", "model": "prop_items/chips/broken_chip" } },
      { "when": "22", "model": { "type": "model", "model": "prop_items/chips/old_chip_1" } },
      { "when": "23", "model": { "type": "model", "model": "prop_items/chips/old_chip_2" } },
      { "when": "24", "model": { "type": "model", "model": "prop_items/chips/old_chip_3" } },
      { "when": "25", "model": { "type": "model", "model": "prop_items/card_2" } },
      { "when": "26", "model": { "type": "model", "model": "prop_items/explosive_broken" } },
      { "when": "27", "model": { "type": "model", "model": "prop_items/crowbar" } },
      { "when": "28", "model": { "type": "model", "model": "prop_items/gunship" } },
	  
      { "when": "30", "model": { "type": "model", "model": "prop_items/technology" } },
      { "when": "31", "model": { "type": "model", "model": "prop_items/transport_eye" } },
      { "when": "32", "model": { "type": "model", "model": "prop_items/space_launcher" } },
      { "when": "33", "model": { "type": "model", "model": "prop_items/aridity_charm" } },
      { "when": "34", "model": { "type": "model", "model": "prop_items/technology_broken" } },
      { "when": "35", "model": { "type": "model", "model": "prop_items/structure/platform" } },
      { "when": "36", "model": { "type": "model", "model": "prop_items/structure/cube" } },
      { "when": "37", "model": { "type": "model", "model": "prop_items/spell/sentry" } },
      { "when": "38", "model": { "type": "model", "model": "prop_items/spell/sentry_base" } },
      { "when": "39", "model": { "type": "model", "model": "prop_items/spell/trap_base" } },
      { "when": "40", "model": { "type": "model", "model": "prop_items/spell/snare_base" } },
      { "when": "41", "model": { "type": "model", "model": "prop_items/spell/light_sentry" } },
      { "when": "42", "model": { "type": "model", "model": "prop_items/spell/clockwork_sentry" } },
      { "when": "43", "model": { "type": "model", "model": "prop_items/glyph_unknown" } },
      { "when": "44", "model": { "type": "model", "model": "prop_items/spell/orb" } },
	  
      { "when": "45", "model": { "type": "model", "model": "prop_items/fuel_cell_empty" } },
      { "when": "46", "model": { "type": "model", "model": "prop_items/fuel_cell_full_dark_matter" } },
      { "when": "47", "model": { "type": "model", "model": "prop_items/fuel_cell_full_fuel" } }
    ]
  }
}