{
  "model": {
    "type": "minecraft:select",
    "models": [],
    "property": "minecraft:custom_model_data",
    "cases": [
      {
        "when": "1",
        "model": {
          "type": "model",
          "model": "particle_emitter/smoke_1",
          "tints": [
            {
              "type": "minecraft:dye",
              "default": -6265536
            }
          ]
        }
      },
      {
        "when": "2",
        "model": {
          "type": "model",
          "model": "particle_emitter/smoke_2",
          "tints": [
            {
              "type": "minecraft:dye",
              "default": -6265536
            }
          ]
        }
      },
      {
        "when": "3",
        "model": {
          "type": "model",
          "model": "particle_emitter/smoke_3",
          "tints": [
            {
              "type": "minecraft:dye",
              "default": -6265536
            }
          ]
        }
      },
      {
        "when": "4",
        "model": {
          "type": "model",
          "model": "particle_emitter/dust_1",
          "tints": [
            {
              "type": "minecraft:dye",
              "default": -6265536
            }
          ]
        }
      },
      {
        "when": "5",
        "model": {
          "type": "model",
          "model": "particle_emitter/dust_2",
          "tints": [
            {
              "type": "minecraft:dye",
              "default": -6265536
            }
          ]
        }
      },
      {
        "when": "6",
        "model": {
          "type": "model",
          "model": "particle_emitter/dust_3",
          "tints": [
            {
              "type": "minecraft:dye",
              "default": -6265536
            }
          ]
        }
      },
      {
        "when": "7",
        "model": {
          "type": "model",
          "model": "particle_emitter/dust_4",
          "tints": [
            {
              "type": "minecraft:dye",
              "default": -6265536
            }
          ]
        }
      },
      {
        "when": "8",
        "model": {
          "type": "model",
          "model": "particle_emitter/dust_5",
          "tints": [
            {
              "type": "minecraft:dye",
              "default": -6265536
            }
          ]
        }
      },
      {
        "when": "9",
        "model": {
          "type": "model",
          "model": "particle_emitter/dust_6",
          "tints": [
            {
              "type": "minecraft:dye",
              "default": -6265536
            }
          ]
        }
      },
      {
        "when": "10",
        "model": {
          "type": "model",
          "model": "particle_emitter/dust_7",
          "tints": [
            {
              "type": "minecraft:dye",
              "default": -6265536
            }
          ]
        }
      },
      {
        "when": "11",
        "model": {
          "type": "model",
          "model": "particle_emitter/dust_8",
          "tints": [
            {
              "type": "minecraft:dye",
              "default": -6265536
            }
          ]
        }
      },
      {
        "when": "12",
        "model": {
          "type": "model",
          "model": "particle_emitter/sparkle_1",
          "tints": [
            {
              "type": "minecraft:dye",
              "default": -6265536
            }
          ]
        }
      },
      {
        "when": "13",
        "model": {
          "type": "model",
          "model": "particle_emitter/sparkle_2",
          "tints": [
            {
              "type": "minecraft:dye",
              "default": -6265536
            }
          ]
        }
      },
      {
        "when": "14",
        "model": {
          "type": "model",
          "model": "particle_emitter/sparkle_3",
          "tints": [
            {
              "type": "minecraft:dye",
              "default": -6265536
            }
          ]
        }
      },
      {
        "when": "15",
        "model": {
          "type": "model",
          "model": "prop_items/jammer",
          "tints": [
            {
              "type": "minecraft:dye",
              "default": -6265536
            }
          ]
        }
      }
    ],
    "fallback": {
      "type": "minecraft:select",
      "cases": [
        {
          "model": {
            "type": "minecraft:model",
            "model": "minecraft:item/leather_helmet_quartz_trim",
            "tints": [
              {
                "type": "minecraft:dye",
                "default": -6265536
              }
            ]
          },
          "when": "minecraft:quartz"
        },
        {
          "model": {
            "type": "minecraft:model",
            "model": "minecraft:item/leather_helmet_iron_trim",
            "tints": [
              {
                "type": "minecraft:dye",
                "default": -6265536
              }
            ]
          },
          "when": "minecraft:iron"
        },
        {
          "model": {
            "type": "minecraft:model",
            "model": "minecraft:item/leather_helmet_netherite_trim",
            "tints": [
              {
                "type": "minecraft:dye",
                "default": -6265536
              }
            ]
          },
          "when": "minecraft:netherite"
        },
        {
          "model": {
            "type": "minecraft:model",
            "model": "minecraft:item/leather_helmet_redstone_trim",
            "tints": [
              {
                "type": "minecraft:dye",
                "default": -6265536
              }
            ]
          },
          "when": "minecraft:redstone"
        },
        {
          "model": {
            "type": "minecraft:model",
            "model": "minecraft:item/leather_helmet_copper_trim",
            "tints": [
              {
                "type": "minecraft:dye",
                "default": -6265536
              }
            ]
          },
          "when": "minecraft:copper"
        },
        {
          "model": {
            "type": "minecraft:model",
            "model": "minecraft:item/leather_helmet_gold_trim",
            "tints": [
              {
                "type": "minecraft:dye",
                "default": -6265536
              }
            ]
          },
          "when": "minecraft:gold"
        },
        {
          "model": {
            "type": "minecraft:model",
            "model": "minecraft:item/leather_helmet_emerald_trim",
            "tints": [
              {
                "type": "minecraft:dye",
                "default": -6265536
              }
            ]
          },
          "when": "minecraft:emerald"
        },
        {
          "model": {
            "type": "minecraft:model",
            "model": "minecraft:item/leather_helmet_diamond_trim",
            "tints": [
              {
                "type": "minecraft:dye",
                "default": -6265536
              }
            ]
          },
          "when": "minecraft:diamond"
        },
        {
          "model": {
            "type": "minecraft:model",
            "model": "minecraft:item/leather_helmet_lapis_trim",
            "tints": [
              {
                "type": "minecraft:dye",
                "default": -6265536
              }
            ]
          },
          "when": "minecraft:lapis"
        },
        {
          "model": {
            "type": "minecraft:model",
            "model": "minecraft:item/leather_helmet_amethyst_trim",
            "tints": [
              {
                "type": "minecraft:dye",
                "default": -6265536
              }
            ]
          },
          "when": "minecraft:amethyst"
        },
        {
          "model": {
            "type": "minecraft:model",
            "model": "minecraft:item/leather_helmet_resin_trim",
            "tints": [
              {
                "type": "minecraft:dye",
                "default": -6265536
              }
            ]
          },
          "when": "minecraft:resin"
        }
      ],
      "fallback": {
        "type": "minecraft:model",
        "model": "minecraft:item/leather_helmet",
        "tints": [
          {
            "type": "minecraft:dye",
            "default": -6265536
          }
        ]
      },
      "property": "minecraft:trim_material"
    }
  }
}