{
  "model": {
    "type": "minecraft:select",
    "property": "minecraft:custom_model_data",
    "cases": [
      {
        "when": "cooking",
        "model": {
          "type": "minecraft:model",
          "model": "prop_items/marshmallow_stick_cooking",
          "tints": [
            {
              "type": "minecraft:custom_model_data",
              "index": 0,
              "default": 16777215
            }
          ]
        }
      }
    ],
    "fallback": {
      "type": "minecraft:model",
      "model": "prop_items/marshmallow_stick",
      "tints": [
        {
          "type": "minecraft:custom_model_data",
          "index": 0,
          "default": 16777215
        }
      ]
    }
  },
  "hand_animation_on_swap": false
}