{
  "model": {
    "type": "minecraft:composite",
    "property": "minecraft:custom_model_data",
    "cases": [],
    "models": [
      {
        "type": "minecraft:select",
        "models": [],
        "property": "minecraft:custom_model_data",
        "cases": [
          {
            "when": "1",
            "model": {
              "type": "minecraft:special",
              "model": {
                "type": "minecraft:player_head"
              },
              "base": "item/ui/gui_head"
            }
          },
          {
            "when": "2",
            "model": {
              "type": "minecraft:special",
              "model": {
                "type": "minecraft:player_head"
              },
              "base": "item/ui/gui_head_large"
            }
          }
        ],
        "fallback": {
          "type": "minecraft:special",
          "model": {
            "type": "minecraft:player_head"
          },
          "base": "minecraft:item/template_skull"
        }
      },
      {
        "type": "minecraft:condition",
        "property": "minecraft:has_component",
        "component": "minecraft:unbreakable",
        "on_true": {
          "type": "minecraft:model",
          "model": "minecraft:item/ui/highlight"
        },
        "on_false": {
          "type": "minecraft:empty"
        }
      }
    ]
  }
}