{
  "model": {
    "type": "minecraft:select",
    "property": "minecraft:custom_model_data",
    "cases": [
      {
        "when": "management_shield",
        "model": {
          "type": "minecraft:condition",
          "on_false": {
            "type": "minecraft:model",
            "model": "minecraft:prop_items/weapons/management_shield"
          },
          "on_true": {
            "type": "minecraft:model",
            "model": "minecraft:prop_items/weapons/management_shield_blocking"
          },
          "property": "minecraft:using_item"
        }
      }
    ],
    "fallback": {
      "type": "minecraft:condition",
      "on_false": {
        "type": "minecraft:special",
        "base": "minecraft:item/shield",
        "model": {
          "type": "minecraft:shield"
        }
      },
      "on_true": {
        "type": "minecraft:special",
        "base": "minecraft:item/shield_blocking",
        "model": {
          "type": "minecraft:shield"
        }
      },
      "property": "minecraft:using_item"
    }
  }
}