{
  "model": {
    "type": "select",
    "property": "custom_model_data",
    "fallback": {
      "type": "model",
      "model": "item/stick"
    },
    "cases": [
		{ "when": "discord", "model": { "type": "model", "model": "lobby/buttons/discord" } },
		{ "when": "tutorial", "model": { "type": "model", "model": "lobby/buttons/tutorial" } },
		{ "when": "queue", "model": { "type": "model", "model": "lobby/buttons/queue" } },
		{ "when": "1", "model": { "type": "model", "model": "lobby/logo" } },
		{ "when": "2", "model": { "type": "model", "model": "lobby/astralith_layout" } },
		{ "when": "3", "model": { "type": "model", "model": "lobby/astralith_scanner" } },
		{ "when": "4", "model": { "type": "model", "model": "lobby/statue/statue_fishcute" } },
		{ "when": "5", "model": { "type": "model", "model": "lobby/statue/statue_minezocker" } },
		{ "when": "6", "model": { "type": "model", "model": "lobby/statue/statue_skuemr" } },
		{ "when": "7", "model": { "type": "model", "model": "lobby/astralith_helm_scanner" } },
		{ "when": "8", "model": { "type": "model", "model": "lobby/astralith_helm_decoration" } },
		{ "when": "9", "model": { "type": "model", "model": "lobby/presentation" } },
		{ "when": "10", "model": { "type": "model", "model": "lobby/power" } },
		{ "when": "11", "model": { "type": "model", "model": "lobby/astralith_fleet_status" } },
		{ "when": "12", "model": { "type": "model", "model": "lobby/astralith_title" } }
    ]
  }
}