{
  "model": {
    "type": "select",
    "property": "custom_model_data",
    "fallback": {
      "type": "model",
      "model": "item/written_book"
    },
    "cases": [
      { "when": "paper", "model": { "type": "model", "model": "prop_items/book/paper" } },
      { "when": "log", "model": { "type": "model", "model": "prop_items/book/log" } },
      { "when": "archive", "model": { "type": "model", "model": "prop_items/book/archive" } },
      { "when": "guide", "model": { "type": "model", "model": "prop_items/book/guide" } },
      { "when": "important", "model": { "type": "model", "model": "prop_items/book/important" } },
      { "when": "crafting", "model": { "type": "model", "model": "prop_items/book/crafting" } },
      { "when": "crafting_2", "model": { "type": "model", "model": "prop_items/book/crafting_2" } },
      { "when": "reality", "model": { "type": "model", "model": "prop_items/book/reality" } }
    ]
  }
}