{
  "model": {
    "type": "select",
    "property": "custom_model_data",
    "fallback": {
      "type": "model",
      "model": "item/written_book"
    },
    "cases": [
      { "when": "1", "model": { "type": "model", "model": "prop_items/book/paper" } },
      { "when": "2", "model": { "type": "model", "model": "prop_items/book/log" } },
      { "when": "3", "model": { "type": "model", "model": "prop_items/book/archive" } },
      { "when": "4", "model": { "type": "model", "model": "prop_items/book/guide" } },
      { "when": "5", "model": { "type": "model", "model": "prop_items/book/important" } },
      { "when": "6", "model": { "type": "model", "model": "prop_items/book/crafting" } },
      { "when": "7", "model": { "type": "model", "model": "prop_items/book/crafting_2" } },
      { "when": "8", "model": { "type": "model", "model": "prop_items/book/reality" } }
    ]
  }
}