{
	"textures": {
		"1": "item/lobby/astralith_helm_panel_1",
		"2": "item/lobby/astralith_helm_panel_2",
		"3": "item/lobby/astralith_helm_decoration_border",
		"4": "item/lobby/astralith_layout_2",
		"particle": "item/lobby/astralith_helm_panel_1"
	},
	"elements": [
		{
			"from": [3, 0, 8],
			"to": [13, 16, 8],
			"rotation": {"angle": 0, "axis": "y", "origin": [8, 4, 4.3584]},
			"faces": {
				"north": {"uv": [3.25, 0, 12.75, 16], "texture": "#3"},
				"south": {"uv": [12.75, 0, 3.25, 16], "texture": "#3"}
			}
		},
		{
			"from": [-5.22582, 0, 9.63622],
			"to": [4.77418, 16, 9.63622],
			"rotation": {"angle": -22.5, "axis": "y", "origin": [8, 4, 4.3584]},
			"faces": {
				"north": {"uv": [6.5, 0, 16, 16], "texture": "#3"},
				"south": {"uv": [16, 0, 6.5, 16], "texture": "#3"}
			}
		},
		{
			"from": [11.22582, 0, 9.63622],
			"to": [21.22582, 16, 9.63622],
			"rotation": {"angle": 22.5, "axis": "y", "origin": [8, 4, 4.3584]},
			"faces": {
				"north": {"uv": [0, 0, 9.5, 16], "texture": "#3"},
				"south": {"uv": [9.5, 0, 0, 16], "texture": "#3"}
			}
		},
		{
			"from": [-4.125, 8, 9.75],
			"to": [3.375, 9.6875, 9.75],
			"rotation": {"angle": -22.5, "axis": "y", "origin": [8, 0, 8]},
			"faces": {
				"north": {"uv": [0, 7, 16, 10.5], "texture": "#1"}
			}
		},
		{
			"from": [3.025, 5.75, 7.9],
			"to": [12.975, 7.4375, 7.9],
			"rotation": {"angle": 0, "axis": "y", "origin": [8, 0, 8]},
			"faces": {
				"north": {"uv": [1.25, 0, 12.25, 1.75], "texture": "#2"}
			}
		},
		{
			"from": [3.025, 8, 7.9],
			"to": [10.525, 9.6875, 7.9],
			"rotation": {"angle": 0, "axis": "y", "origin": [8, 0, 8]},
			"faces": {
				"north": {"uv": [0, 3.5, 16, 7], "texture": "#1"}
			}
		},
		{
			"from": [10.525, 8, 7.9],
			"to": [12.775, 9.6875, 7.9],
			"rotation": {"angle": 0, "axis": "y", "origin": [8, 0, 8]},
			"faces": {
				"north": {"uv": [11, 0, 16, 3.5], "texture": "#1"}
			}
		},
		{
			"from": [12.425, 8, 9.8],
			"to": [17.775, 9.6875, 9.8],
			"rotation": {"angle": 22.5, "axis": "y", "origin": [8, 0, 8]},
			"faces": {
				"north": {"uv": [0, 0, 11, 3.5], "texture": "#1"}
			}
		},
		{
			"from": [15.675, 13, 9.8],
			"to": [21.275, 14.6875, 9.8],
			"rotation": {"angle": 22.5, "axis": "y", "origin": [8, 0, 8]},
			"faces": {
				"north": {"uv": [12.625, 2.875, 14.4375, 3.4375], "texture": "#4"}
			}
		},
		{
			"from": [12.625, 5.75, 9.8],
			"to": [13.925, 7.4375, 9.8],
			"rotation": {"angle": 22.5, "axis": "y", "origin": [8, 0, 8]},
			"faces": {
				"north": {"uv": [0, 0, 1.25, 1.75], "texture": "#2"}
			}
		},
		{
			"from": [2.075, 5.75, 9.8],
			"to": [3.375, 7.4375, 9.8],
			"rotation": {"angle": -22.5, "axis": "y", "origin": [8, 0, 8]},
			"faces": {
				"north": {"uv": [12.25, 0, 13.5, 1.75], "texture": "#2"}
			}
		}
	],
	"groups": [
		{
			"name": "group",
			"origin": [3, 4, 8],
			"color": 0,
			"children": [
				0,
				{
					"name": "group",
					"origin": [3, 4, 8],
					"color": 0,
					"children": [1]
				},
				{
					"name": "group",
					"origin": [3, 4, 8],
					"color": 0,
					"children": [2]
				}
			]
		},
		{
			"name": "group",
			"origin": [0, 0, 0],
			"color": 0,
			"children": [3, 4, 5, 6, 7, 8, 9, 10]
		}
	]
}