{
	"textures": {
		"0": "item/lobby/astralith_scanner_1",
		"1": "item/lobby/astralith_scanner_2",
		"particle": "item/lobby/astralith_scanner_1"
	},
	"elements": [
		{
			"from": [0, 0, 8],
			"to": [16, 12.5, 8],
			"faces": {
				"north": {"uv": [0, 0, 16, 16], "texture": "#1"},
				"east": {"uv": [0, 0, 0, 16], "texture": "#1"},
				"south": {"uv": [0, 0, 16, 16], "texture": "#1"},
				"west": {"uv": [0, 0, 0, 16], "texture": "#1"},
				"up": {"uv": [0, 0, 16, 0], "texture": "#1"},
				"down": {"uv": [0, 0, 16, 0], "texture": "#1"}
			}
		},
		{
			"from": [0, 0, 7.5],
			"to": [16, 12.5, 7.5],
			"rotation": {"angle": 0, "axis": "y", "origin": [0, 0, -0.5]},
			"faces": {
				"north": {"uv": [0, 0, 16, 16], "texture": "#0"},
				"east": {"uv": [0, 0, 16, 16], "texture": "#0"},
				"west": {"uv": [0, 0, 16, 16], "texture": "#0"},
				"up": {"uv": [0, 0, 16, 16], "texture": "#0"},
				"down": {"uv": [0, 0, 16, 16], "texture": "#0"}
			}
		},
		{
			"from": [0, 0, 8.5],
			"to": [16, 12.5, 8.5],
			"rotation": {"angle": 0, "axis": "y", "origin": [0, 0, 16.5]},
			"faces": {
				"east": {"uv": [16, 0, 0, 16], "texture": "#0"},
				"south": {"uv": [0, 0, 16, 16], "texture": "#0"},
				"west": {"uv": [16, 0, 0, 16], "texture": "#0"},
				"up": {"uv": [0, 16, 16, 0], "texture": "#0"},
				"down": {"uv": [0, 16, 16, 0], "texture": "#0"}
			}
		}
	]
}