{
	"textures": {
		"0": "item/lobby/test",
		"3": "item/lobby/astralith_helm_scanner_border",
		"4": "item/lobby/astralith_helm_scanner_border_2",
		"particle": "item/lobby/test"
	},
	"elements": [
		{
			"from": [2.995, 0.245, 7.995],
			"to": [13.005, 15.755, 8.005],
			"rotation": {"angle": 0, "axis": "y", "origin": [8, 4, 4.3584]},
			"faces": {
				"north": {"uv": [0, 0, 16, 16], "texture": "#0"},
				"east": {"uv": [0, 0, 0, 16], "texture": "#0"},
				"west": {"uv": [0, 0, 0, 16], "texture": "#0"},
				"up": {"uv": [0, 0, 16, 0], "texture": "#0"},
				"down": {"uv": [0, 0, 16, 0], "texture": "#0"}
			}
		},
		{
			"from": [-11.71553, 0.245, 14.28893],
			"to": [-2.20553, 15.755, 14.29893],
			"rotation": {"angle": -45, "axis": "y", "origin": [8, 4, 4.3584]},
			"faces": {
				"north": {"uv": [0, 0, 16, 16], "texture": "#0"},
				"east": {"uv": [0, 0, 0, 16], "texture": "#0"},
				"west": {"uv": [0, 0, 0, 16], "texture": "#0"},
				"up": {"uv": [0, 0, 16, 0], "texture": "#0"},
				"down": {"uv": [0, 0, 16, 0], "texture": "#0"}
			}
		},
		{
			"from": [-5.23082, 0.245, 9.63122],
			"to": [4.77918, 15.755, 9.64122],
			"rotation": {"angle": -22.5, "axis": "y", "origin": [8, 4, 4.3584]},
			"faces": {
				"north": {"uv": [0, 0, 16, 16], "texture": "#0"},
				"east": {"uv": [0, 0, 0, 16], "texture": "#0"},
				"west": {"uv": [0, 0, 0, 16], "texture": "#0"},
				"up": {"uv": [0, 0, 16, 0], "texture": "#0"},
				"down": {"uv": [0, 0, 16, 0], "texture": "#0"}
			}
		},
		{
			"from": [18.20553, 0.245, 14.28893],
			"to": [27.71553, 15.755, 14.29893],
			"rotation": {"angle": 45, "axis": "y", "origin": [8, 4, 4.3584]},
			"faces": {
				"north": {"uv": [0, 0, 16, 16], "texture": "#0"},
				"east": {"uv": [0, 0, 0, 16], "texture": "#0"},
				"west": {"uv": [0, 0, 0, 16], "texture": "#0"},
				"up": {"uv": [16, 0, 0, 0], "texture": "#0"},
				"down": {"uv": [16, 0, 0, 0], "texture": "#0"}
			}
		},
		{
			"from": [11.22082, 0.245, 9.63122],
			"to": [21.23082, 15.755, 9.64122],
			"rotation": {"angle": 22.5, "axis": "y", "origin": [8, 4, 4.3584]},
			"faces": {
				"north": {"uv": [0, 0, 16, 16], "texture": "#0"},
				"east": {"uv": [0, 0, 0, 16], "texture": "#0"},
				"west": {"uv": [0, 0, 0, 16], "texture": "#0"},
				"up": {"uv": [16, 0, 0, 0], "texture": "#0"},
				"down": {"uv": [16, 0, 0, 0], "texture": "#0"}
			}
		},
		{
			"from": [3, 0, 8],
			"to": [13, 16, 8],
			"rotation": {"angle": 0, "axis": "y", "origin": [8, 4, 4.3584]},
			"faces": {
				"north": {"uv": [0.75, 0, 10.25, 16], "texture": "#3"},
				"south": {"uv": [10.25, 0, 0.75, 16], "texture": "#3"}
			}
		},
		{
			"from": [-11.96053, 0, 14.29393],
			"to": [-2.21053, 16, 14.29393],
			"rotation": {"angle": -45, "axis": "y", "origin": [8, 4, 4.3584]},
			"faces": {
				"north": {"uv": [6.5, 0, 16, 16], "texture": "#3"},
				"south": {"uv": [16, 0, 6.5, 16], "texture": "#3"}
			}
		},
		{
			"from": [-5.22582, 0, 9.63622],
			"to": [4.77418, 16, 9.63622],
			"rotation": {"angle": -22.5, "axis": "y", "origin": [8, 4, 4.3584]},
			"faces": {
				"north": {"uv": [0.75, 0, 10.25, 16], "texture": "#3"},
				"south": {"uv": [10.25, 0, 0.75, 16], "texture": "#3"}
			}
		},
		{
			"from": [18.21053, 0, 14.29393],
			"to": [27.96053, 16, 14.29393],
			"rotation": {"angle": 45, "axis": "y", "origin": [8, 4, 4.3584]},
			"faces": {
				"north": {"uv": [0, 0, 9.5, 16], "texture": "#3"},
				"south": {"uv": [9.5, 0, 0, 16], "texture": "#3"}
			}
		},
		{
			"from": [11.22582, 0, 9.63622],
			"to": [21.22582, 16, 9.63622],
			"rotation": {"angle": 22.5, "axis": "y", "origin": [8, 4, 4.3584]},
			"faces": {
				"north": {"uv": [0.75, 0, 10.25, 16], "texture": "#3"},
				"south": {"uv": [10.25, 0, 0.75, 16], "texture": "#3"}
			}
		},
		{
			"from": [3, 0, 8],
			"to": [13, 16, 8],
			"rotation": {"angle": 0, "axis": "y", "origin": [8, 4, 4.3584]},
			"faces": {
				"north": {"uv": [0.75, 0, 10.25, 16], "texture": "#4"}
			}
		},
		{
			"from": [-11.96053, 0, 14.29393],
			"to": [-2.21053, 16, 14.29393],
			"rotation": {"angle": -45, "axis": "y", "origin": [8, 4, 4.3584]},
			"faces": {
				"north": {"uv": [6.5, 0, 16, 16], "texture": "#4"}
			}
		},
		{
			"from": [-5.22582, 0, 9.63622],
			"to": [4.77418, 16, 9.63622],
			"rotation": {"angle": -22.5, "axis": "y", "origin": [8, 4, 4.3584]},
			"faces": {
				"north": {"uv": [0.75, 0, 10.25, 16], "texture": "#4"}
			}
		},
		{
			"from": [18.21053, 0, 14.29393],
			"to": [27.96053, 16, 14.29393],
			"rotation": {"angle": 45, "axis": "y", "origin": [8, 4, 4.3584]},
			"faces": {
				"north": {"uv": [0, 0, 9.5, 16], "texture": "#4"}
			}
		},
		{
			"from": [11.22582, 0, 9.63622],
			"to": [21.22582, 16, 9.63622],
			"rotation": {"angle": 22.5, "axis": "y", "origin": [8, 4, 4.3584]},
			"faces": {
				"north": {"uv": [0.75, 0, 10.25, 16], "texture": "#4"}
			}
		}
	],
	"groups": [
		{
			"name": "group",
			"origin": [3, 4, 8],
			"color": 0,
			"children": [
				0,
				{
					"name": "group",
					"origin": [3, 4, 8],
					"color": 0,
					"children": [1, 2]
				},
				{
					"name": "group",
					"origin": [3, 4, 8],
					"color": 0,
					"children": [3, 4]
				}
			]
		},
		{
			"name": "group",
			"origin": [3, 4, 8],
			"color": 0,
			"children": [
				5,
				{
					"name": "group",
					"origin": [3, 4, 8],
					"color": 0,
					"children": [6, 7]
				},
				{
					"name": "group",
					"origin": [3, 4, 8],
					"color": 0,
					"children": [8, 9]
				}
			]
		},
		{
			"name": "group",
			"origin": [3, 4, 8],
			"color": 0,
			"children": [
				10,
				{
					"name": "group",
					"origin": [3, 4, 8],
					"color": 0,
					"children": [11, 12]
				},
				{
					"name": "group",
					"origin": [3, 4, 8],
					"color": 0,
					"children": [13, 14]
				}
			]
		}
	]
}