{
	"textures": {
		"0": "item/lobby/astralith_title",
		"1": "item/lobby/astralith_helm_decoration_border",
		"particle": "item/lobby/astralith_title"
	},
	"elements": [
		{
			"from": [-4.5, 7.5, 8],
			"to": [20.5, 9.6, 8],
			"rotation": {"angle": -22.5, "axis": "x", "origin": [9.175, 7.3, 8]},
			"faces": {
				"north": {"uv": [0, 0, 10.875, 0.875], "texture": "#0"}
			}
		},
		{
			"from": [-5.5, 4.1, 8.25],
			"to": [21.5, 11.2, 8.25],
			"rotation": {"angle": -22.5, "axis": "x", "origin": [9.175, 7.3, 8]},
			"faces": {
				"north": {"uv": [1.25, 0, 14.75, 16], "texture": "#1"}
			}
		},
		{
			"from": [21.5, 4.1, 8.25],
			"to": [22.1, 11.2, 8.25],
			"rotation": {"angle": -22.5, "axis": "x", "origin": [9.175, 7.3, 8]},
			"faces": {
				"north": {"uv": [0, 0, 1.25, 16], "texture": "#1"}
			}
		},
		{
			"from": [-6.1, 4.1, 8.25],
			"to": [-5.5, 11.2, 8.25],
			"rotation": {"angle": -22.5, "axis": "x", "origin": [6.825, 7.3, 8]},
			"faces": {
				"north": {"uv": [1.25, 0, 0, 16], "texture": "#1"}
			}
		},
		{
			"from": [10.45, 5.5, 8],
			"to": [19.45, 6.6, 8],
			"rotation": {"angle": -22.5, "axis": "x", "origin": [9.175, 7.3, 8]},
			"faces": {
				"north": {"uv": [0, 0.875, 7.125, 1.75], "texture": "#0"}
			}
		},
		{
			"from": [-3.1, 5.5, 8],
			"to": [9.9, 6.6, 8],
			"rotation": {"angle": -22.5, "axis": "x", "origin": [9.175, 7.3, 8]},
			"faces": {
				"north": {"uv": [0, 1.75, 11.125, 2.625], "texture": "#0"}
			}
		}
	],
	"groups": [
		{
			"name": "group",
			"origin": [9.175, 7.3, 8],
			"color": 0,
			"children": [0, 1, 2, 3, 4, 5]
		}
	]
}