{
	"texture_size": [32, 32],
	"textures": {
		"0": "item/lobby/logo"
	},
	"elements": [
		{
			"from": [23.4, 0.28, 6.46],
			"to": [27.32, 5.88, 9.54],
			"rotation": {"angle": 0, "axis": "x", "origin": [8, 0, 8]},
			"faces": {
				"north": {"uv": [0, 1.1, 0.448, 3.1], "texture": "#0"},
				"south": {"uv": [0.448, 1.1, 0, 3.1], "texture": "#0"},
				"up": {"uv": [0.448, 1.1, 0, 0], "texture": "#0"},
				"down": {"uv": [0.448, 4.2, 0, 3.1], "texture": "#0"}
			}
		},
		{
			"from": [27.6, 6.16, 9.82],
			"to": [23.12, 0, 6.18],
			"rotation": {"angle": 0, "axis": "x", "origin": [8, 0, 8]},
			"faces": {
				"north": {"uv": [0, 13.3, 0.016, 13.35], "texture": "#0"},
				"east": {"uv": [0, 13.3, 0.016, 13.35], "texture": "#0"},
				"south": {"uv": [0, 13.3, 0.016, 13.35], "texture": "#0"},
				"west": {"uv": [0, 13.3, 0.016, 13.35], "texture": "#0"},
				"up": {"uv": [0, 13.3, 0.016, 13.35], "texture": "#0"},
				"down": {"uv": [0, 13.3, 0.016, 13.35], "texture": "#0"}
			}
		},
		{
			"from": [18.36, 0.28, 6.46],
			"to": [22.84, 5.88, 9.54],
			"rotation": {"angle": 0, "axis": "x", "origin": [8, 0, 8]},
			"faces": {
				"north": {"uv": [6.752, 1.1, 7.264, 3.1], "texture": "#0"},
				"south": {"uv": [7.264, 1.1, 6.752, 3.1], "texture": "#0"},
				"up": {"uv": [7.264, 1.1, 6.752, 0], "texture": "#0"},
				"down": {"uv": [7.264, 4.2, 6.752, 3.1], "texture": "#0"}
			}
		},
		{
			"from": [20.32, 5.04, 6.18],
			"to": [20.88, 6.16, 9.82],
			"rotation": {"angle": 0, "axis": "x", "origin": [8, 0, 8]},
			"faces": {
				"east": {"uv": [0, 13.3, 0.016, 13.35], "texture": "#0"},
				"west": {"uv": [0, 13.3, 0.016, 13.35], "texture": "#0"},
				"down": {"uv": [0, 13.3, 0.016, 13.35], "texture": "#0"}
			}
		},
		{
			"from": [20.32, 0, 6.18],
			"to": [20.88, 1.4, 9.82],
			"rotation": {"angle": 0, "axis": "x", "origin": [8, 0, 8]},
			"faces": {
				"east": {"uv": [0, 13.3, 0.016, 13.35], "texture": "#0"},
				"west": {"uv": [0, 13.3, 0.016, 13.35], "texture": "#0"},
				"up": {"uv": [0, 13.3, 0.016, 13.35], "texture": "#0"}
			}
		},
		{
			"from": [23.12, 6.16, 9.82],
			"to": [18.08, 0, 6.18],
			"rotation": {"angle": 0, "axis": "x", "origin": [8, 0, 8]},
			"faces": {
				"north": {"uv": [0.304, 14.4, 0.448, 13.3], "texture": "#0"},
				"east": {"uv": [0, 13.3, 0.016, 13.35], "texture": "#0"},
				"south": {"uv": [0.304, 14.4, 0.448, 13.3], "texture": "#0"},
				"west": {"uv": [0, 13.3, 0.016, 13.35], "texture": "#0"},
				"up": {"uv": [0.304, 13.3, 0.448, 13.35], "texture": "#0"},
				"down": {"uv": [0.304, 13.3, 0.448, 13.35], "texture": "#0"}
			}
		},
		{
			"from": [16.12, 0.28, 6.46],
			"to": [17.8, 5.88, 9.54],
			"rotation": {"angle": 0, "axis": "x", "origin": [8, 0, 8]},
			"faces": {
				"north": {"uv": [4.32, 1.1, 4.512, 3.1], "texture": "#0"},
				"south": {"uv": [4.512, 1.1, 4.32, 3.1], "texture": "#0"},
				"up": {"uv": [4.512, 1.1, 4.32, 0], "texture": "#0"},
				"down": {"uv": [4.512, 4.2, 4.32, 3.1], "texture": "#0"}
			}
		},
		{
			"from": [18.08, 6.16, 9.82],
			"to": [15.84, 0, 6.18],
			"rotation": {"angle": 0, "axis": "x", "origin": [8, 0, 8]},
			"faces": {
				"north": {"uv": [0, 13.3, 0.016, 13.35], "texture": "#0"},
				"east": {"uv": [0, 13.3, 0.016, 13.35], "texture": "#0"},
				"south": {"uv": [0, 13.3, 0.016, 13.35], "texture": "#0"},
				"west": {"uv": [0, 13.3, 0.016, 13.35], "texture": "#0"},
				"up": {"uv": [0, 13.3, 0.016, 13.35], "texture": "#0"},
				"down": {"uv": [0, 13.3, 0.016, 13.35], "texture": "#0"}
			}
		},
		{
			"from": [9.96, 0.28, 6.46],
			"to": [15.56, 5.88, 9.54],
			"rotation": {"angle": 0, "axis": "x", "origin": [8, 0, 8]},
			"faces": {
				"north": {"uv": [5.92, 1.1, 6.56, 3.1], "texture": "#0"},
				"east": {"uv": [0.032, 13.4, 0.048, 13.3], "texture": "#0"},
				"south": {"uv": [6.56, 1.1, 5.92, 3.1], "texture": "#0"},
				"west": {"uv": [0.032, 13.4, 0.048, 13.3], "texture": "#0"},
				"up": {"uv": [6.56, 1.1, 5.92, 0], "texture": "#0"},
				"down": {"uv": [6.56, 4.2, 5.92, 3.1], "texture": "#0"}
			}
		},
		{
			"from": [12.2, 1.4, 6.46],
			"to": [13.32, 1.4, 9.54],
			"rotation": {"angle": 0, "axis": "x", "origin": [8, 0, 8]},
			"faces": {
				"down": {"uv": [6.72, 4.2, 6.592, 3.1], "texture": "#0"}
			}
		},
		{
			"from": [11.92, 5.04, 6.18],
			"to": [13.6, 6.16, 9.82],
			"rotation": {"angle": 0, "axis": "x", "origin": [8, 0, 8]},
			"faces": {
				"east": {"uv": [0, 13.3, 0.016, 13.35], "texture": "#0"},
				"west": {"uv": [0, 13.3, 0.016, 13.35], "texture": "#0"},
				"down": {"uv": [0.016, 13.35, 0.064, 13.4], "texture": "#0"}
			}
		},
		{
			"from": [12.48, 3.92, 6.18],
			"to": [13.04, 5.04, 9.82],
			"rotation": {"angle": 0, "axis": "x", "origin": [8, 0, 8]},
			"faces": {
				"east": {"uv": [0, 13.3, 0.016, 13.35], "texture": "#0"},
				"west": {"uv": [0, 13.3, 0.016, 13.35], "texture": "#0"},
				"down": {"uv": [0, 13.3, 0.016, 13.35], "texture": "#0"}
			}
		},
		{
			"from": [11.92, 0, 6.18],
			"to": [13.6, 1.12, 9.82],
			"rotation": {"angle": 0, "axis": "x", "origin": [8, 0, 8]},
			"faces": {
				"east": {"uv": [0, 13.3, 0.016, 13.35], "texture": "#0"},
				"west": {"uv": [0, 13.3, 0.016, 13.35], "texture": "#0"},
				"up": {"uv": [0, 13.3, 0.016, 13.35], "texture": "#0"}
			}
		},
		{
			"from": [15.84, 6.16, 9.82],
			"to": [9.68, 0, 6.18],
			"rotation": {"angle": 0, "axis": "x", "origin": [8, 0, 8]},
			"faces": {
				"north": {"uv": [0.192, 13.85, 0.368, 13.3], "texture": "#0"},
				"east": {"uv": [0, 13.3, 0.016, 13.35], "texture": "#0"},
				"south": {"uv": [0.192, 13.85, 0.368, 13.3], "texture": "#0"},
				"west": {"uv": [0, 13.3, 0.016, 13.35], "texture": "#0"},
				"up": {"uv": [0.192, 13.3, 0.368, 13.35], "texture": "#0"},
				"down": {"uv": [0.192, 13.3, 0.368, 13.35], "texture": "#0"}
			}
		},
		{
			"from": [5.48, 0.28, 6.46],
			"to": [9.4, 5.88, 9.54],
			"rotation": {"angle": 0, "axis": "x", "origin": [8, 0, 8]},
			"faces": {
				"north": {"uv": [0.48, 1.1, 0.928, 3.1], "texture": "#0"},
				"south": {"uv": [0.928, 1.1, 0.48, 3.1], "texture": "#0"},
				"up": {"uv": [0.928, 1.1, 0.48, 0], "texture": "#0"},
				"down": {"uv": [0.928, 4.2, 0.48, 3.1], "texture": "#0"}
			}
		},
		{
			"from": [9.68, 6.16, 9.82],
			"to": [5.2, 0, 6.18],
			"rotation": {"angle": 0, "axis": "x", "origin": [8, 0, 8]},
			"faces": {
				"north": {"uv": [0, 13.3, 0.016, 13.35], "texture": "#0"},
				"east": {"uv": [0, 13.3, 0.016, 13.35], "texture": "#0"},
				"south": {"uv": [0, 13.3, 0.016, 13.35], "texture": "#0"},
				"west": {"uv": [0, 13.3, 0.016, 13.35], "texture": "#0"},
				"up": {"uv": [0, 13.3, 0.016, 13.35], "texture": "#0"},
				"down": {"uv": [0, 13.3, 0.016, 13.35], "texture": "#0"}
			}
		},
		{
			"from": [1.56, 0.28, 6.46],
			"to": [4.92, 5.88, 9.54],
			"rotation": {"angle": 0, "axis": "x", "origin": [8, 0, 8]},
			"faces": {
				"north": {"uv": [5.504, 1.1, 5.888, 3.1], "texture": "#0"},
				"south": {"uv": [5.888, 1.1, 5.504, 3.1], "texture": "#0"},
				"up": {"uv": [5.888, 1.1, 5.504, 0], "texture": "#0"},
				"down": {"uv": [5.888, 4.2, 5.504, 3.1], "texture": "#0"}
			}
		},
		{
			"from": [1.28, 1.68, 6.18],
			"to": [2.96, 6.16, 9.82],
			"rotation": {"angle": 0, "axis": "x", "origin": [8, 0, 8]},
			"faces": {
				"east": {"uv": [0, 13.3, 0.016, 13.35], "texture": "#0"},
				"down": {"uv": [0, 13.3, 0.016, 13.35], "texture": "#0"}
			}
		},
		{
			"from": [5.2, 6.16, 9.82],
			"to": [1.28, 0, 6.18],
			"rotation": {"angle": 0, "axis": "x", "origin": [8, 0, 8]},
			"faces": {
				"north": {"uv": [0.144, 13.85, 0.256, 13.3], "texture": "#0"},
				"east": {"uv": [0.144, 13.85, 0.16, 13.3], "texture": "#0"},
				"south": {"uv": [0.256, 13.85, 0.144, 13.3], "texture": "#0"},
				"west": {"uv": [0, 13.3, 0.016, 13.35], "texture": "#0"},
				"up": {"uv": [0, 13.3, 0.016, 13.35], "texture": "#0"},
				"down": {"uv": [0.256, 13.3, 0.144, 13.35], "texture": "#0"}
			}
		},
		{
			"from": [-0.68, 0.28, 6.46],
			"to": [1, 5.88, 9.54],
			"rotation": {"angle": 0, "axis": "x", "origin": [8, 0, 8]},
			"faces": {
				"north": {"uv": [4.32, 1.1, 4.512, 3.1], "texture": "#0"},
				"south": {"uv": [4.512, 1.1, 4.32, 3.1], "texture": "#0"},
				"up": {"uv": [4.512, 1.1, 4.32, 0], "texture": "#0"},
				"down": {"uv": [4.512, 4.2, 4.32, 3.1], "texture": "#0"}
			}
		},
		{
			"from": [1.28, 6.16, 9.82],
			"to": [-0.96, 0, 6.18],
			"rotation": {"angle": 0, "axis": "x", "origin": [8, 0, 8]},
			"faces": {
				"north": {"uv": [0, 13.3, 0.016, 13.35], "texture": "#0"},
				"east": {"uv": [0, 13.3, 0.016, 13.35], "texture": "#0"},
				"south": {"uv": [0, 13.3, 0.016, 13.35], "texture": "#0"},
				"west": {"uv": [0, 13.3, 0.016, 13.35], "texture": "#0"},
				"up": {"uv": [0, 13.3, 0.016, 13.35], "texture": "#0"},
				"down": {"uv": [0, 13.3, 0.016, 13.35], "texture": "#0"}
			}
		},
		{
			"from": [-5.16, 0.28, 6.46],
			"to": [-1.24, 5.88, 9.54],
			"rotation": {"angle": 0, "axis": "x", "origin": [8, 0, 8]},
			"faces": {
				"north": {"uv": [10.24, 1.1, 10.688, 3.1], "texture": "#0"},
				"south": {"uv": [10.688, 1.1, 10.24, 3.1], "texture": "#0"},
				"up": {"uv": [10.688, 1.1, 10.24, 0], "texture": "#0"},
				"down": {"uv": [10.688, 4.2, 10.24, 3.1], "texture": "#0"}
			}
		},
		{
			"from": [-0.96, 6.16, 9.82],
			"to": [-5.44, 0, 6.18],
			"rotation": {"angle": 0, "axis": "x", "origin": [8, 0, 8]},
			"faces": {
				"north": {"uv": [0, 13.3, 0.016, 13.35], "texture": "#0"},
				"east": {"uv": [0, 13.3, 0.016, 13.35], "texture": "#0"},
				"south": {"uv": [0, 13.3, 0.016, 13.35], "texture": "#0"},
				"west": {"uv": [0, 13.3, 0.016, 13.35], "texture": "#0"},
				"up": {"uv": [0, 13.3, 0.016, 13.35], "texture": "#0"},
				"down": {"uv": [0, 13.3, 0.016, 13.35], "texture": "#0"}
			}
		},
		{
			"from": [-11.32, 0.28, 6.46],
			"to": [-5.72, 5.88, 9.54],
			"rotation": {"angle": 0, "axis": "x", "origin": [8, 0, 8]},
			"faces": {
				"north": {"uv": [5.92, 1.1, 6.56, 3.1], "texture": "#0"},
				"east": {"uv": [0.032, 13.4, 0.048, 13.3], "texture": "#0"},
				"south": {"uv": [6.56, 1.1, 5.92, 3.1], "texture": "#0"},
				"west": {"uv": [0.032, 13.4, 0.048, 13.3], "texture": "#0"},
				"up": {"uv": [6.56, 1.1, 5.92, 0], "texture": "#0"},
				"down": {"uv": [6.56, 4.2, 5.92, 3.1], "texture": "#0"}
			}
		},
		{
			"from": [-9.08, 1.4, 6.46],
			"to": [-7.96, 1.4, 9.54],
			"rotation": {"angle": 0, "axis": "x", "origin": [8, 0, 8]},
			"faces": {
				"down": {"uv": [6.72, 4.2, 6.592, 3.1], "texture": "#0"}
			}
		},
		{
			"from": [-9.36, 5.04, 6.18],
			"to": [-7.68, 6.16, 9.82],
			"rotation": {"angle": 0, "axis": "x", "origin": [8, 0, 8]},
			"faces": {
				"east": {"uv": [0, 13.3, 0.016, 13.35], "texture": "#0"},
				"west": {"uv": [0, 13.3, 0.016, 13.35], "texture": "#0"},
				"down": {"uv": [0.016, 13.35, 0.064, 13.4], "texture": "#0"}
			}
		},
		{
			"from": [-8.8, 3.92, 6.18],
			"to": [-8.24, 5.04, 9.82],
			"rotation": {"angle": 0, "axis": "x", "origin": [8, 0, 8]},
			"faces": {
				"east": {"uv": [0, 13.3, 0.016, 13.35], "texture": "#0"},
				"west": {"uv": [0, 13.3, 0.016, 13.35], "texture": "#0"},
				"down": {"uv": [0, 13.3, 0.016, 13.35], "texture": "#0"}
			}
		},
		{
			"from": [-9.36, 0, 6.18],
			"to": [-7.68, 1.12, 9.82],
			"rotation": {"angle": 0, "axis": "x", "origin": [8, 0, 8]},
			"faces": {
				"east": {"uv": [0, 13.3, 0.016, 13.35], "texture": "#0"},
				"west": {"uv": [0, 13.3, 0.016, 13.35], "texture": "#0"},
				"up": {"uv": [0, 13.3, 0.016, 13.35], "texture": "#0"}
			}
		},
		{
			"from": [-5.44, 6.16, 9.82],
			"to": [-11.6, 0, 6.18],
			"rotation": {"angle": 0, "axis": "x", "origin": [8, 0, 8]},
			"faces": {
				"north": {"uv": [0.192, 13.85, 0.368, 13.3], "texture": "#0"},
				"east": {"uv": [0, 13.3, 0.016, 13.35], "texture": "#0"},
				"south": {"uv": [0.192, 13.85, 0.368, 13.3], "texture": "#0"},
				"west": {"uv": [0, 13.3, 0.016, 13.35], "texture": "#0"},
				"up": {"uv": [0.192, 13.3, 0.368, 13.35], "texture": "#0"},
				"down": {"uv": [0.192, 13.3, 0.368, 13.35], "texture": "#0"}
			}
		}
	],
	"groups": [
		{
			"name": "animalium",
			"origin": [8, 0, 8],
			"color": 0,
			"children": [
				{
					"name": "a",
					"origin": [8, 0, 8],
					"color": 0,
					"children": [0, 1]
				},
				{
					"name": "n",
					"origin": [8, 0, 8],
					"color": 0,
					"children": [2, 3, 4, 5]
				},
				{
					"name": "i",
					"origin": [8, 0, 8],
					"color": 0,
					"children": [6, 7]
				},
				{
					"name": "m",
					"origin": [8, 0, 8],
					"color": 0,
					"children": [8, 9, 10, 11, 12, 13]
				},
				{
					"name": "a",
					"origin": [8, 0, 8],
					"color": 0,
					"children": [14, 15]
				},
				{
					"name": "l",
					"origin": [8, 0, 8],
					"color": 0,
					"children": [16, 17, 18]
				},
				{
					"name": "i",
					"origin": [8, 0, 8],
					"color": 0,
					"children": [19, 20]
				},
				{
					"name": "u",
					"origin": [8, 0, 8],
					"color": 0,
					"children": [21, 22]
				},
				{
					"name": "m",
					"origin": [8, 0, 8],
					"color": 0,
					"children": [23, 24, 25, 26, 27, 28]
				}
			]
		}
	]
}