{
	"textures": {
		"0": "item/lobby/magic",
		"particle": "item/lobby/magic"
	},
	"elements": [
		{
			"from": [-16, 8, -16],
			"to": [32, 8, 32],
			"faces": {
				"north": {"uv": [0, 0, 16, 0], "rotation": 180, "texture": "#0"},
				"east": {"uv": [0, 0, 0, 16], "rotation": 270, "texture": "#0"},
				"south": {"uv": [0, 0, 16, 0], "texture": "#0"},
				"west": {"uv": [0, 0, 0, 16], "rotation": 90, "texture": "#0"},
				"up": {"uv": [0, 0, 16, 16], "rotation": 180, "texture": "#0"}
			}
		}
	]
}