{
	"textures": {
		"0": "item/ui/highlight"
	},
	"elements": [
		{
			"from": [0, 0, -16],
			"to": [16, 16, -16],
			"rotation": {"angle": 0, "axis": "y", "origin": [0, 0, -17]},
			"faces": {
				"north": {"uv": [0, 0, 16, 16], "texture": "#0"},
				"east": {"uv": [0, 0, 16, 16], "texture": "#0"},
				"south": {"uv": [0, 0, 16, 16], "texture": "#0"},
				"west": {"uv": [0, 0, 16, 16], "texture": "#0"},
				"up": {"uv": [0, 0, 16, 16], "texture": "#0"},
				"down": {"uv": [0, 0, 16, 16], "texture": "#0"}
			}
		}
	],
	"display": {
		"gui": {
			"translation": [0, 0, 80]
		}
	}
}