{
	"format_version": "1.21.6",
	"textures": {
		"0": "block/redwood_2",
		"particle": "block/redwood_2"
	},
	"elements": [
		{
			"from": [0, 0, 0],
			"to": [16, 16, 16],
			"rotation": {"angle": 0, "axis": "x", "origin": [8, 8, 8]},
			"faces": {
				"north": {"uv": [0, 8, 8, 16], "texture": "#0", "cullface": "north"},
				"east": {"uv": [0, 0, 8, 8], "rotation": 90, "texture": "#0", "cullface": "east"},
				"south": {"uv": [0, 8, 8, 16], "rotation": 180, "texture": "#0", "cullface": "south"},
				"west": {"uv": [0, 0, 8, 8], "rotation": 270, "texture": "#0", "cullface": "west"},
				"up": {"uv": [0, 0, 8, 8], "texture": "#0", "cullface": "up"},
				"down": {"uv": [0, 0, 8, 8], "rotation": 180, "texture": "#0", "cullface": "down"}
			}
		},
		{
			"from": [-0.01, -0.01, -0.01],
			"to": [2.01, 16.01, 16.01],
			"rotation": {"angle": 0, "axis": "x", "origin": [8, 8, 8]},
			"faces": {
				"north": {"uv": [8, 0, 9, 8], "rotation": 180, "texture": "#0", "cullface": "west"},
				"south": {"uv": [8, 8, 9, 0], "texture": "#0", "cullface": "west"}
			}
		},
		{
			"from": [-0.01, 13.99, -0.01],
			"to": [16.01, 16.01, 16.01],
			"rotation": {"angle": 0, "axis": "x", "origin": [8, 8, 8]},
			"faces": {
				"north": {"uv": [16, 8, 8, 7], "texture": "#0", "cullface": "up"},
				"south": {"uv": [16, 7, 8, 8], "rotation": 180, "texture": "#0", "cullface": "up"}
			}
		},
		{
			"from": [-0.01, -0.01, -0.01],
			"to": [16.01, 2.01, 16.01],
			"rotation": {"angle": 0, "axis": "x", "origin": [8, 8, 8]},
			"faces": {
				"north": {"uv": [16, 1, 8, 0], "texture": "#0", "cullface": "down"},
				"south": {"uv": [16, 0, 8, 1], "rotation": 180, "texture": "#0", "cullface": "down"}
			}
		},
		{
			"from": [13.99, -0.01, -0.01],
			"to": [16.01, 16.01, 16.01],
			"rotation": {"angle": 0, "axis": "x", "origin": [8, 8, 8]},
			"faces": {
				"north": {"uv": [15, 0, 16, 8], "rotation": 180, "texture": "#0", "cullface": "east"},
				"south": {"uv": [15, 8, 16, 0], "texture": "#0", "cullface": "east"}
			}
		}
	]
}