{
	"texture_size": [64, 64],
	"textures": {
		"0": "item/lobby/statue/minezocker",
		"1": "item/lobby/statue/glitch_red",
		"2": "item/lobby/statue/glitch_green",
		"particle": "item/lobby/statue/minezocker"
	},
	"elements": [
		{
			"name": "right_pants",
			"from": [8.875, -0.625, 6.875],
			"to": [11.125, 5.625, 9.125],
			"rotation": {"angle": 22.5, "axis": "z", "origin": [10, 5.5, 8]},
			"faces": {
				"north": {"uv": [1, 9, 2, 12], "texture": "#0"},
				"east": {"uv": [0, 9, 1, 12], "texture": "#0"},
				"south": {"uv": [3, 9, 4, 12], "texture": "#0"},
				"west": {"uv": [2, 9, 3, 12], "texture": "#0"},
				"up": {"uv": [2, 9, 1, 8], "texture": "#0"},
				"down": {"uv": [3, 8, 2, 9], "texture": "#0"}
			}
		},
		{
			"name": "right_leg",
			"from": [9, -0.5, 7],
			"to": [11, 5.5, 9],
			"rotation": {"angle": 22.5, "axis": "z", "origin": [10, 5.5, 8]},
			"faces": {
				"north": {"uv": [1, 5, 2, 8], "texture": "#0"},
				"east": {"uv": [0, 5, 1, 8], "texture": "#0"},
				"south": {"uv": [3, 5, 4, 8], "texture": "#0"},
				"west": {"uv": [2, 5, 3, 8], "texture": "#0"},
				"up": {"uv": [2, 5, 1, 4], "texture": "#0"},
				"down": {"uv": [3, 4, 2, 5], "texture": "#0"}
			}
		},
		{
			"name": "left_pants",
			"from": [4.875, 0.375, 3.875],
			"to": [7.125, 6.625, 6.125],
			"rotation": {"angle": -22.5, "axis": "y", "origin": [6, 6.5, 5]},
			"faces": {
				"north": {"uv": [1, 13, 2, 16], "texture": "#0"},
				"east": {"uv": [0, 13, 1, 16], "texture": "#0"},
				"south": {"uv": [3, 13, 4, 16], "texture": "#0"},
				"west": {"uv": [2, 13, 3, 16], "texture": "#0"},
				"up": {"uv": [2, 13, 1, 12], "texture": "#0"},
				"down": {"uv": [3, 12, 2, 13], "texture": "#0"}
			}
		},
		{
			"name": "left_leg",
			"from": [5, 0.5, 4],
			"to": [7, 6.5, 6],
			"rotation": {"angle": -22.5, "axis": "y", "origin": [6, 6.5, 5]},
			"faces": {
				"north": {"uv": [5, 13, 6, 16], "texture": "#0"},
				"east": {"uv": [4, 13, 5, 16], "texture": "#0"},
				"south": {"uv": [7, 13, 8, 16], "texture": "#0"},
				"west": {"uv": [6, 13, 7, 16], "texture": "#0"},
				"up": {"uv": [6, 13, 5, 12], "texture": "#0"},
				"down": {"uv": [7, 12, 6, 13], "texture": "#0"}
			}
		},
		{
			"name": "right_sleeve",
			"from": [12.375, 9.875, 3.875],
			"to": [18.625, 12.125, 6.125],
			"rotation": {"angle": 45, "axis": "z", "origin": [13.5, 10.5, 5]},
			"faces": {
				"north": {"uv": [11, 9, 12, 12], "rotation": 90, "texture": "#0"},
				"east": {"uv": [13, 8, 12, 9], "rotation": 270, "texture": "#0"},
				"south": {"uv": [13, 9, 14, 12], "rotation": 270, "texture": "#0"},
				"west": {"uv": [12, 9, 11, 8], "rotation": 270, "texture": "#0"},
				"up": {"uv": [10, 9, 11, 12], "rotation": 270, "texture": "#0"},
				"down": {"uv": [12, 9, 13, 12], "rotation": 270, "texture": "#0"}
			}
		},
		{
			"name": "right_arm",
			"from": [12.5, 10, 4],
			"to": [18.5, 12, 6],
			"rotation": {"angle": 45, "axis": "z", "origin": [13.5, 10.5, 5]},
			"faces": {
				"north": {"uv": [11, 5, 12, 8], "rotation": 90, "texture": "#0"},
				"east": {"uv": [13, 4, 12, 5], "rotation": 270, "texture": "#0"},
				"south": {"uv": [13, 5, 14, 8], "rotation": 270, "texture": "#0"},
				"west": {"uv": [12, 5, 11, 4], "rotation": 270, "texture": "#0"},
				"up": {"uv": [10, 5, 11, 8], "rotation": 270, "texture": "#0"},
				"down": {"uv": [12, 5, 13, 8], "rotation": 270, "texture": "#0"}
			}
		},
		{
			"name": "left_sleeve",
			"from": [-0.625, 9.875, 5.875],
			"to": [5.625, 12.125, 8.125],
			"rotation": {"angle": -22.5, "axis": "z", "origin": [4.5, 10.5, 7]},
			"faces": {
				"north": {"uv": [13, 13, 14, 16], "rotation": 270, "texture": "#0"},
				"east": {"uv": [14, 13, 13, 12], "rotation": 90, "texture": "#0"},
				"south": {"uv": [15, 13, 16, 16], "rotation": 90, "texture": "#0"},
				"west": {"uv": [15, 12, 14, 13], "rotation": 90, "texture": "#0"},
				"up": {"uv": [14, 13, 15, 16], "rotation": 90, "texture": "#0"},
				"down": {"uv": [12, 13, 13, 16], "rotation": 90, "texture": "#0"}
			}
		},
		{
			"name": "left_arm",
			"from": [-0.5, 10, 6],
			"to": [5.5, 12, 8],
			"rotation": {"angle": -22.5, "axis": "z", "origin": [4.5, 10.5, 7]},
			"faces": {
				"north": {"uv": [9, 13, 10, 16], "rotation": 270, "texture": "#0"},
				"east": {"uv": [10, 13, 9, 12], "rotation": 90, "texture": "#0"},
				"south": {"uv": [11, 13, 12, 16], "rotation": 90, "texture": "#0"},
				"west": {"uv": [11, 12, 10, 13], "rotation": 90, "texture": "#0"},
				"up": {"uv": [10, 13, 11, 16], "rotation": 90, "texture": "#0"},
				"down": {"uv": [8, 13, 9, 16], "rotation": 90, "texture": "#0"}
			}
		},
		{
			"name": "body",
			"from": [7, 5.5, 7],
			"to": [11, 11.5, 9],
			"rotation": {"angle": 0, "axis": "y", "origin": [9, 11.5, 8]},
			"faces": {
				"north": {"uv": [5, 5, 7, 8], "texture": "#0"},
				"east": {"uv": [4, 5, 5, 8], "texture": "#0"},
				"south": {"uv": [8, 5, 10, 8], "texture": "#0"},
				"west": {"uv": [7, 5, 8, 8], "texture": "#0"},
				"up": {"uv": [7, 5, 5, 4], "texture": "#0"},
				"down": {"uv": [9, 4, 7, 5], "texture": "#0"}
			}
		},
		{
			"name": "jacket",
			"from": [6.875, 5.375, 6.875],
			"to": [11.125, 11.625, 9.125],
			"rotation": {"angle": 0, "axis": "y", "origin": [9, 11.5, 8]},
			"faces": {
				"north": {"uv": [5, 9, 7, 12], "texture": "#0"},
				"east": {"uv": [4, 9, 5, 12], "texture": "#0"},
				"south": {"uv": [8, 9, 10, 12], "texture": "#0"},
				"west": {"uv": [7, 9, 8, 12], "texture": "#0"},
				"up": {"uv": [7, 9, 5, 8], "texture": "#0"},
				"down": {"uv": [9, 8, 7, 9], "texture": "#0"}
			}
		},
		{
			"name": "headwear",
			"from": [4.875, 13.375, 5.875],
			"to": [9.125, 17.625, 10.125],
			"rotation": {"angle": 22.5, "axis": "x", "origin": [7, 13.75, 8]},
			"faces": {
				"north": {"uv": [10, 2, 12, 4], "texture": "#0"},
				"east": {"uv": [8, 2, 10, 4], "texture": "#0"},
				"south": {"uv": [14, 2, 16, 4], "texture": "#0"},
				"west": {"uv": [12, 2, 14, 4], "texture": "#0"},
				"up": {"uv": [12, 2, 10, 0], "texture": "#0"},
				"down": {"uv": [14, 0, 12, 2], "texture": "#0"}
			}
		},
		{
			"name": "head",
			"from": [5, 13.5, 6],
			"to": [9, 17.5, 10],
			"rotation": {"angle": 22.5, "axis": "x", "origin": [7, 13.75, 8]},
			"faces": {
				"north": {"uv": [2, 2, 4, 4], "texture": "#0"},
				"east": {"uv": [0, 2, 2, 4], "texture": "#0"},
				"south": {"uv": [6, 2, 8, 4], "texture": "#0"},
				"west": {"uv": [4, 2, 6, 4], "texture": "#0"},
				"up": {"uv": [4, 2, 2, 0], "texture": "#0"},
				"down": {"uv": [6, 0, 4, 2], "texture": "#0"}
			}
		},
		{
			"name": "right_pants",
			"from": [9.135, -0.615, 6.885],
			"to": [11.365, 5.615, 9.115],
			"rotation": {"angle": 22.5, "axis": "z", "origin": [10, 5.5, 8]},
			"faces": {
				"north": {"uv": [1, 9, 2, 12], "texture": "#2"},
				"east": {"uv": [0, 9, 1, 12], "texture": "#2"},
				"south": {"uv": [3, 9, 4, 12], "texture": "#2"},
				"west": {"uv": [2, 9, 3, 12], "texture": "#2"},
				"up": {"uv": [2, 9, 1, 8], "texture": "#2"},
				"down": {"uv": [3, 8, 2, 9], "texture": "#2"}
			}
		},
		{
			"name": "right_leg",
			"from": [9.26, -0.49, 7.01],
			"to": [11.24, 5.49, 8.99],
			"rotation": {"angle": 22.5, "axis": "z", "origin": [10, 5.5, 8]},
			"faces": {
				"north": {"uv": [1, 5, 2, 8], "texture": "#2"},
				"east": {"uv": [0, 5, 1, 8], "texture": "#2"},
				"south": {"uv": [3, 5, 4, 8], "texture": "#2"},
				"west": {"uv": [2, 5, 3, 8], "texture": "#2"},
				"up": {"uv": [2, 5, 1, 4], "texture": "#2"},
				"down": {"uv": [3, 4, 2, 5], "texture": "#2"}
			}
		},
		{
			"name": "left_pants",
			"from": [5.135, 0.385, 3.885],
			"to": [7.365, 6.615, 6.115],
			"rotation": {"angle": -22.5, "axis": "y", "origin": [6, 6.5, 5]},
			"faces": {
				"north": {"uv": [1, 13, 2, 16], "texture": "#2"},
				"east": {"uv": [0, 13, 1, 16], "texture": "#2"},
				"south": {"uv": [3, 13, 4, 16], "texture": "#2"},
				"west": {"uv": [2, 13, 3, 16], "texture": "#2"},
				"up": {"uv": [2, 13, 1, 12], "texture": "#2"},
				"down": {"uv": [3, 12, 2, 13], "texture": "#2"}
			}
		},
		{
			"name": "left_leg",
			"from": [5.26, 0.51, 4.01],
			"to": [7.24, 6.49, 5.99],
			"rotation": {"angle": -22.5, "axis": "y", "origin": [6, 6.5, 5]},
			"faces": {
				"north": {"uv": [5, 13, 6, 16], "texture": "#2"},
				"east": {"uv": [4, 13, 5, 16], "texture": "#2"},
				"south": {"uv": [7, 13, 8, 16], "texture": "#2"},
				"west": {"uv": [6, 13, 7, 16], "texture": "#2"},
				"up": {"uv": [6, 13, 5, 12], "texture": "#2"},
				"down": {"uv": [7, 12, 6, 13], "texture": "#2"}
			}
		},
		{
			"name": "right_sleeve",
			"from": [12.385, 9.635, 3.885],
			"to": [18.615, 11.865, 6.115],
			"rotation": {"angle": 45, "axis": "z", "origin": [13.5, 10.5, 5]},
			"faces": {
				"north": {"uv": [11, 9, 12, 12], "rotation": 90, "texture": "#2"},
				"east": {"uv": [13, 8, 12, 9], "rotation": 270, "texture": "#2"},
				"south": {"uv": [13, 9, 14, 12], "rotation": 270, "texture": "#2"},
				"west": {"uv": [12, 9, 11, 8], "rotation": 270, "texture": "#2"},
				"up": {"uv": [10, 9, 11, 12], "rotation": 270, "texture": "#2"},
				"down": {"uv": [12, 9, 13, 12], "rotation": 270, "texture": "#2"}
			}
		},
		{
			"name": "right_arm",
			"from": [12.51, 9.76, 4.01],
			"to": [18.49, 11.74, 5.99],
			"rotation": {"angle": 45, "axis": "z", "origin": [13.5, 10.5, 5]},
			"faces": {
				"north": {"uv": [11, 5, 12, 8], "rotation": 90, "texture": "#2"},
				"east": {"uv": [13, 4, 12, 5], "rotation": 270, "texture": "#2"},
				"south": {"uv": [13, 5, 14, 8], "rotation": 270, "texture": "#2"},
				"west": {"uv": [12, 5, 11, 4], "rotation": 270, "texture": "#2"},
				"up": {"uv": [10, 5, 11, 8], "rotation": 270, "texture": "#2"},
				"down": {"uv": [12, 5, 13, 8], "rotation": 270, "texture": "#2"}
			}
		},
		{
			"name": "left_sleeve",
			"from": [-0.615, 10.135, 5.885],
			"to": [5.615, 12.365, 8.115],
			"rotation": {"angle": -22.5, "axis": "z", "origin": [4.5, 10.5, 7]},
			"faces": {
				"north": {"uv": [13, 13, 14, 16], "rotation": 270, "texture": "#2"},
				"east": {"uv": [14, 13, 13, 12], "rotation": 90, "texture": "#2"},
				"south": {"uv": [15, 13, 16, 16], "rotation": 90, "texture": "#2"},
				"west": {"uv": [15, 12, 14, 13], "rotation": 90, "texture": "#2"},
				"up": {"uv": [14, 13, 15, 16], "rotation": 90, "texture": "#2"},
				"down": {"uv": [12, 13, 13, 16], "rotation": 90, "texture": "#2"}
			}
		},
		{
			"name": "left_arm",
			"from": [-0.49, 10.26, 6.01],
			"to": [5.49, 12.24, 7.99],
			"rotation": {"angle": -22.5, "axis": "z", "origin": [4.5, 10.5, 7]},
			"faces": {
				"north": {"uv": [9, 13, 10, 16], "rotation": 270, "texture": "#2"},
				"east": {"uv": [10, 13, 9, 12], "rotation": 90, "texture": "#2"},
				"south": {"uv": [11, 13, 12, 16], "rotation": 90, "texture": "#2"},
				"west": {"uv": [11, 12, 10, 13], "rotation": 90, "texture": "#2"},
				"up": {"uv": [10, 13, 11, 16], "rotation": 90, "texture": "#2"},
				"down": {"uv": [8, 13, 9, 16], "rotation": 90, "texture": "#2"}
			}
		},
		{
			"name": "body",
			"from": [7.26, 5.51, 7.01],
			"to": [11.24, 11.49, 8.99],
			"rotation": {"angle": 0, "axis": "y", "origin": [9, 11.5, 8]},
			"faces": {
				"north": {"uv": [5, 5, 7, 8], "texture": "#2"},
				"east": {"uv": [4, 5, 5, 8], "texture": "#2"},
				"south": {"uv": [8, 5, 10, 8], "texture": "#2"},
				"west": {"uv": [7, 5, 8, 8], "texture": "#2"},
				"up": {"uv": [7, 5, 5, 4], "texture": "#2"},
				"down": {"uv": [9, 4, 7, 5], "texture": "#2"}
			}
		},
		{
			"name": "jacket",
			"from": [7.135, 5.385, 6.885],
			"to": [11.365, 11.615, 9.115],
			"rotation": {"angle": 0, "axis": "y", "origin": [9, 11.5, 8]},
			"faces": {
				"north": {"uv": [5, 9, 7, 12], "texture": "#2"},
				"east": {"uv": [4, 9, 5, 12], "texture": "#2"},
				"south": {"uv": [8, 9, 10, 12], "texture": "#2"},
				"west": {"uv": [7, 9, 8, 12], "texture": "#2"},
				"up": {"uv": [7, 9, 5, 8], "texture": "#2"},
				"down": {"uv": [9, 8, 7, 9], "texture": "#2"}
			}
		},
		{
			"name": "headwear",
			"from": [5.135, 13.385, 5.885],
			"to": [9.365, 17.615, 10.115],
			"rotation": {"angle": 22.5, "axis": "x", "origin": [7, 13.75, 8]},
			"faces": {
				"north": {"uv": [10, 2, 12, 4], "texture": "#2"},
				"east": {"uv": [8, 2, 10, 4], "texture": "#2"},
				"south": {"uv": [14, 2, 16, 4], "texture": "#2"},
				"west": {"uv": [12, 2, 14, 4], "texture": "#2"},
				"up": {"uv": [12, 2, 10, 0], "texture": "#2"},
				"down": {"uv": [14, 0, 12, 2], "texture": "#2"}
			}
		},
		{
			"name": "head",
			"from": [5.26, 13.51, 6.01],
			"to": [9.24, 17.49, 9.99],
			"rotation": {"angle": 22.5, "axis": "x", "origin": [7, 13.75, 8]},
			"faces": {
				"north": {"uv": [2, 2, 4, 4], "texture": "#2"},
				"east": {"uv": [0, 2, 2, 4], "texture": "#2"},
				"south": {"uv": [6, 2, 8, 4], "texture": "#2"},
				"west": {"uv": [4, 2, 6, 4], "texture": "#2"},
				"up": {"uv": [4, 2, 2, 0], "texture": "#2"},
				"down": {"uv": [6, 0, 4, 2], "texture": "#2"}
			}
		},
		{
			"name": "right_pants",
			"from": [8.63, -0.62, 6.88],
			"to": [10.87, 5.62, 9.12],
			"rotation": {"angle": 22.5, "axis": "z", "origin": [10, 5.5, 8]},
			"faces": {
				"north": {"uv": [1, 9, 2, 12], "texture": "#1"},
				"east": {"uv": [0, 9, 1, 12], "texture": "#1"},
				"south": {"uv": [3, 9, 4, 12], "texture": "#1"},
				"west": {"uv": [2, 9, 3, 12], "texture": "#1"},
				"up": {"uv": [2, 9, 1, 8], "texture": "#1"},
				"down": {"uv": [3, 8, 2, 9], "texture": "#1"}
			}
		},
		{
			"name": "right_leg",
			"from": [8.755, -0.495, 7.005],
			"to": [10.745, 5.495, 8.995],
			"rotation": {"angle": 22.5, "axis": "z", "origin": [10, 5.5, 8]},
			"faces": {
				"north": {"uv": [1, 5, 2, 8], "texture": "#1"},
				"east": {"uv": [0, 5, 1, 8], "texture": "#1"},
				"south": {"uv": [3, 5, 4, 8], "texture": "#1"},
				"west": {"uv": [2, 5, 3, 8], "texture": "#1"},
				"up": {"uv": [2, 5, 1, 4], "texture": "#1"},
				"down": {"uv": [3, 4, 2, 5], "texture": "#1"}
			}
		},
		{
			"name": "left_pants",
			"from": [4.63, 0.38, 3.88],
			"to": [6.87, 6.62, 6.12],
			"rotation": {"angle": -22.5, "axis": "y", "origin": [6, 6.5, 5]},
			"faces": {
				"north": {"uv": [1, 13, 2, 16], "texture": "#1"},
				"east": {"uv": [0, 13, 1, 16], "texture": "#1"},
				"south": {"uv": [3, 13, 4, 16], "texture": "#1"},
				"west": {"uv": [2, 13, 3, 16], "texture": "#1"},
				"up": {"uv": [2, 13, 1, 12], "texture": "#1"},
				"down": {"uv": [3, 12, 2, 13], "texture": "#1"}
			}
		},
		{
			"name": "left_leg",
			"from": [4.755, 0.505, 4.005],
			"to": [6.745, 6.495, 5.995],
			"rotation": {"angle": -22.5, "axis": "y", "origin": [6, 6.5, 5]},
			"faces": {
				"north": {"uv": [5, 13, 6, 16], "texture": "#1"},
				"east": {"uv": [4, 13, 5, 16], "texture": "#1"},
				"south": {"uv": [7, 13, 8, 16], "texture": "#1"},
				"west": {"uv": [6, 13, 7, 16], "texture": "#1"},
				"up": {"uv": [6, 13, 5, 12], "texture": "#1"},
				"down": {"uv": [7, 12, 6, 13], "texture": "#1"}
			}
		},
		{
			"name": "right_sleeve",
			"from": [12.38, 10.13, 3.88],
			"to": [18.62, 12.37, 6.12],
			"rotation": {"angle": 45, "axis": "z", "origin": [13.5, 10.5, 5]},
			"faces": {
				"north": {"uv": [11, 9, 12, 12], "rotation": 90, "texture": "#1"},
				"east": {"uv": [13, 8, 12, 9], "rotation": 270, "texture": "#1"},
				"south": {"uv": [13, 9, 14, 12], "rotation": 270, "texture": "#1"},
				"west": {"uv": [12, 9, 11, 8], "rotation": 270, "texture": "#1"},
				"up": {"uv": [10, 9, 11, 12], "rotation": 270, "texture": "#1"},
				"down": {"uv": [12, 9, 13, 12], "rotation": 270, "texture": "#1"}
			}
		},
		{
			"name": "right_arm",
			"from": [12.505, 10.255, 4.005],
			"to": [18.495, 12.245, 5.995],
			"rotation": {"angle": 45, "axis": "z", "origin": [13.5, 10.5, 5]},
			"faces": {
				"north": {"uv": [11, 5, 12, 8], "rotation": 90, "texture": "#1"},
				"east": {"uv": [13, 4, 12, 5], "rotation": 270, "texture": "#1"},
				"south": {"uv": [13, 5, 14, 8], "rotation": 270, "texture": "#1"},
				"west": {"uv": [12, 5, 11, 4], "rotation": 270, "texture": "#1"},
				"up": {"uv": [10, 5, 11, 8], "rotation": 270, "texture": "#1"},
				"down": {"uv": [12, 5, 13, 8], "rotation": 270, "texture": "#1"}
			}
		},
		{
			"name": "left_sleeve",
			"from": [-0.62, 9.63, 5.88],
			"to": [5.62, 11.87, 8.12],
			"rotation": {"angle": -22.5, "axis": "z", "origin": [4.5, 10.5, 7]},
			"faces": {
				"north": {"uv": [13, 13, 14, 16], "rotation": 270, "texture": "#1"},
				"east": {"uv": [14, 13, 13, 12], "rotation": 90, "texture": "#1"},
				"south": {"uv": [15, 13, 16, 16], "rotation": 90, "texture": "#1"},
				"west": {"uv": [15, 12, 14, 13], "rotation": 90, "texture": "#1"},
				"up": {"uv": [14, 13, 15, 16], "rotation": 90, "texture": "#1"},
				"down": {"uv": [12, 13, 13, 16], "rotation": 90, "texture": "#1"}
			}
		},
		{
			"name": "left_arm",
			"from": [-0.495, 9.755, 6.005],
			"to": [5.495, 11.745, 7.995],
			"rotation": {"angle": -22.5, "axis": "z", "origin": [4.5, 10.5, 7]},
			"faces": {
				"north": {"uv": [9, 13, 10, 16], "rotation": 270, "texture": "#1"},
				"east": {"uv": [10, 13, 9, 12], "rotation": 90, "texture": "#1"},
				"south": {"uv": [11, 13, 12, 16], "rotation": 90, "texture": "#1"},
				"west": {"uv": [11, 12, 10, 13], "rotation": 90, "texture": "#1"},
				"up": {"uv": [10, 13, 11, 16], "rotation": 90, "texture": "#1"},
				"down": {"uv": [8, 13, 9, 16], "rotation": 90, "texture": "#1"}
			}
		},
		{
			"name": "body",
			"from": [6.755, 5.505, 7.005],
			"to": [10.745, 11.495, 8.995],
			"rotation": {"angle": 0, "axis": "y", "origin": [9, 11.5, 8]},
			"faces": {
				"north": {"uv": [5, 5, 7, 8], "texture": "#1"},
				"east": {"uv": [4, 5, 5, 8], "texture": "#1"},
				"south": {"uv": [8, 5, 10, 8], "texture": "#1"},
				"west": {"uv": [7, 5, 8, 8], "texture": "#1"},
				"up": {"uv": [7, 5, 5, 4], "texture": "#1"},
				"down": {"uv": [9, 4, 7, 5], "texture": "#1"}
			}
		},
		{
			"name": "jacket",
			"from": [6.63, 5.38, 6.88],
			"to": [10.87, 11.62, 9.12],
			"rotation": {"angle": 0, "axis": "y", "origin": [9, 11.5, 8]},
			"faces": {
				"north": {"uv": [5, 9, 7, 12], "texture": "#1"},
				"east": {"uv": [4, 9, 5, 12], "texture": "#1"},
				"south": {"uv": [8, 9, 10, 12], "texture": "#1"},
				"west": {"uv": [7, 9, 8, 12], "texture": "#1"},
				"up": {"uv": [7, 9, 5, 8], "texture": "#1"},
				"down": {"uv": [9, 8, 7, 9], "texture": "#1"}
			}
		},
		{
			"name": "headwear",
			"from": [4.63, 13.38, 5.88],
			"to": [8.87, 17.62, 10.12],
			"rotation": {"angle": 22.5, "axis": "x", "origin": [7, 13.75, 8]},
			"faces": {
				"north": {"uv": [10, 2, 12, 4], "texture": "#1"},
				"east": {"uv": [8, 2, 10, 4], "texture": "#1"},
				"south": {"uv": [14, 2, 16, 4], "texture": "#1"},
				"west": {"uv": [12, 2, 14, 4], "texture": "#1"},
				"up": {"uv": [12, 2, 10, 0], "texture": "#1"},
				"down": {"uv": [14, 0, 12, 2], "texture": "#1"}
			}
		},
		{
			"name": "head",
			"from": [4.755, 13.505, 6.005],
			"to": [8.745, 17.495, 9.995],
			"rotation": {"angle": 22.5, "axis": "x", "origin": [7, 13.75, 8]},
			"faces": {
				"north": {"uv": [2, 2, 4, 4], "texture": "#1"},
				"east": {"uv": [0, 2, 2, 4], "texture": "#1"},
				"south": {"uv": [6, 2, 8, 4], "texture": "#1"},
				"west": {"uv": [4, 2, 6, 4], "texture": "#1"},
				"up": {"uv": [4, 2, 2, 0], "texture": "#1"},
				"down": {"uv": [6, 0, 4, 2], "texture": "#1"}
			}
		}
	],
	"groups": [
		{
			"name": "bone",
			"origin": [0, 0, 0],
			"color": 0,
			"children": [
				{
					"name": "right_leg",
					"origin": [2, 12, 0],
					"color": 0,
					"children": [0, 1]
				},
				{
					"name": "left_leg",
					"origin": [-2, 12, 0],
					"color": 0,
					"children": [2, 3]
				},
				{
					"name": "right_arm",
					"origin": [5, 22, 0],
					"color": 0,
					"children": [4, 5]
				},
				{
					"name": "left_arm",
					"origin": [-5, 22, 0],
					"color": 0,
					"children": [6, 7]
				},
				{
					"name": "body",
					"origin": [0, 24, 0],
					"color": 0,
					"children": [8, 9]
				},
				{
					"name": "head",
					"origin": [0, 24, 0],
					"color": 0,
					"children": [10, 11]
				}
			]
		},
		{
			"name": "bone",
			"origin": [0, 0, 0],
			"color": 0,
			"children": [
				{
					"name": "right_leg",
					"origin": [2, 12, 0],
					"color": 0,
					"children": [12, 13]
				},
				{
					"name": "left_leg",
					"origin": [-2, 12, 0],
					"color": 0,
					"children": [14, 15]
				},
				{
					"name": "right_arm",
					"origin": [5, 22, 0],
					"color": 0,
					"children": [16, 17]
				},
				{
					"name": "left_arm",
					"origin": [-5, 22, 0],
					"color": 0,
					"children": [18, 19]
				},
				{
					"name": "body",
					"origin": [0, 24, 0],
					"color": 0,
					"children": [20, 21]
				},
				{
					"name": "head",
					"origin": [0, 24, 0],
					"color": 0,
					"children": [22, 23]
				}
			]
		},
		{
			"name": "bone",
			"origin": [0, 0, 0],
			"color": 0,
			"children": [
				{
					"name": "right_leg",
					"origin": [2, 12, 0],
					"color": 0,
					"children": [24, 25]
				},
				{
					"name": "left_leg",
					"origin": [-2, 12, 0],
					"color": 0,
					"children": [26, 27]
				},
				{
					"name": "right_arm",
					"origin": [5, 22, 0],
					"color": 0,
					"children": [28, 29]
				},
				{
					"name": "left_arm",
					"origin": [-5, 22, 0],
					"color": 0,
					"children": [30, 31]
				},
				{
					"name": "body",
					"origin": [0, 24, 0],
					"color": 0,
					"children": [32, 33]
				},
				{
					"name": "head",
					"origin": [0, 24, 0],
					"color": 0,
					"children": [34, 35]
				}
			]
		}
	]
}