{
	"textures": {
		"0": "item/lobby/statue/skuemr",
		"2": "item/blaze_rod",
		"3": "item/fire_charge",
		"4": "item/lobby/statue/fire_emissive",
		"particle": "item/lobby/statue/skuemr"
	},
	"elements": [
		{
			"name": "right_pants",
			"from": [7.925, -0.625, 7.275],
			"to": [10.175, 5.625, 9.525],
			"rotation": {"angle": -22.5, "axis": "x", "origin": [9, 5.5, 8]},
			"faces": {
				"north": {"uv": [1, 9, 2, 12], "texture": "#0"},
				"east": {"uv": [0, 9, 1, 12], "texture": "#0"},
				"south": {"uv": [3, 9, 4, 12], "texture": "#0"},
				"west": {"uv": [2, 9, 3, 12], "texture": "#0"},
				"up": {"uv": [2, 9, 1, 8], "texture": "#0"},
				"down": {"uv": [3, 8, 2, 9], "texture": "#0"}
			}
		},
		{
			"name": "left_pants",
			"from": [5.825, -0.625, 6.025],
			"to": [8.075, 5.625, 8.275],
			"rotation": {"angle": 22.5, "axis": "x", "origin": [7, 5.5, 7.55]},
			"faces": {
				"north": {"uv": [1, 13, 2, 16], "texture": "#0"},
				"east": {"uv": [0, 13, 1, 16], "texture": "#0"},
				"south": {"uv": [3, 13, 4, 16], "texture": "#0"},
				"west": {"uv": [2, 13, 3, 16], "texture": "#0"},
				"up": {"uv": [2, 13, 1, 12], "texture": "#0"},
				"down": {"uv": [3, 12, 2, 13], "texture": "#0"}
			}
		},
		{
			"name": "right_sleeve",
			"from": [9.625, 9.675, 6.775],
			"to": [15.875, 11.925, 9.025],
			"rotation": {"angle": 22.5, "axis": "z", "origin": [10.75, 11.25, 9]},
			"faces": {
				"north": {"uv": [13, 9, 14, 12], "rotation": 90, "texture": "#0"},
				"east": {"uv": [13, 8, 12, 9], "rotation": 90, "texture": "#0"},
				"south": {"uv": [11, 9, 12, 12], "rotation": 270, "texture": "#0"},
				"west": {"uv": [12, 9, 11, 8], "rotation": 90, "texture": "#0"},
				"up": {"uv": [12, 9, 13, 12], "rotation": 270, "texture": "#0"},
				"down": {"uv": [10, 9, 11, 12], "rotation": 270, "texture": "#0"}
			}
		},
		{
			"name": "left_sleeve",
			"from": [4.175, 5.125, 6.375],
			"to": [6.425, 11.375, 8.625],
			"rotation": {"angle": -22.5, "axis": "z", "origin": [5.75, 10.25, 8.5]},
			"faces": {
				"north": {"uv": [13, 13, 14, 16], "texture": "#0"},
				"east": {"uv": [12, 13, 13, 16], "texture": "#0"},
				"south": {"uv": [15, 13, 16, 16], "texture": "#0"},
				"west": {"uv": [14, 13, 15, 16], "texture": "#0"},
				"up": {"uv": [14, 13, 13, 12], "texture": "#0"},
				"down": {"uv": [15, 12, 14, 13], "texture": "#0"}
			}
		},
		{
			"name": "jacket",
			"from": [5.875, 5.375, 6.875],
			"to": [10.125, 11.625, 9.125],
			"rotation": {"angle": -22.5, "axis": "y", "origin": [8, 11.5, 8]},
			"faces": {
				"north": {"uv": [5, 9, 7, 12], "texture": "#0"},
				"east": {"uv": [4, 9, 5, 12], "texture": "#0"},
				"south": {"uv": [8, 9, 10, 12], "texture": "#0"},
				"west": {"uv": [7, 9, 8, 12], "texture": "#0"},
				"up": {"uv": [7, 9, 5, 8], "texture": "#0"},
				"down": {"uv": [9, 8, 7, 9], "texture": "#0"}
			}
		},
		{
			"name": "headwear",
			"from": [6.175, 11.375, 5.875],
			"to": [10.425, 15.625, 10.125],
			"rotation": {"angle": 22.5, "axis": "y", "origin": [8.3, 11.75, 8]},
			"faces": {
				"north": {"uv": [10, 2, 12, 4], "texture": "#0"},
				"east": {"uv": [8, 2, 10, 4], "texture": "#0"},
				"south": {"uv": [14, 2, 16, 4], "texture": "#0"},
				"west": {"uv": [12, 2, 14, 4], "texture": "#0"},
				"up": {"uv": [12, 2, 10, 0], "texture": "#0"},
				"down": {"uv": [14, 0, 12, 2], "texture": "#0"}
			}
		},
		{
			"name": "blaze_rod_0",
			"from": [14.5, 14.5, 2.65],
			"to": [14.875, 15.625, 3.4],
			"rotation": {"angle": 22.5, "axis": "x", "origin": [14.5, 10, 7.9]},
			"faces": {
				"north": {"uv": [13, 1, 14, 4], "texture": "#2"},
				"east": {"uv": [12, 1, 14, 4], "texture": "#2"},
				"south": {"uv": [12, 1, 13, 4], "texture": "#2"},
				"west": {"uv": [14, 1, 12, 4], "texture": "#2"},
				"up": {"uv": [12, 1, 14, 2], "rotation": 270, "texture": "#2"},
				"down": {"uv": [12, 3, 14, 4], "rotation": 90, "texture": "#2"}
			}
		},
		{
			"name": "blaze_rod_1",
			"from": [14.5, 13.75, 3.4],
			"to": [14.875, 15.25, 3.775],
			"rotation": {"angle": 22.5, "axis": "x", "origin": [14.5, 10, 7.9]},
			"faces": {
				"north": {"uv": [11, 2, 12, 6], "texture": "#2"},
				"east": {"uv": [11, 2, 12, 6], "texture": "#2"},
				"south": {"uv": [11, 2, 12, 6], "texture": "#2"},
				"west": {"uv": [12, 2, 11, 6], "texture": "#2"},
				"up": {"uv": [11, 2, 12, 3], "rotation": 270, "texture": "#2"},
				"down": {"uv": [11, 5, 12, 6], "rotation": 90, "texture": "#2"}
			}
		},
		{
			"name": "blaze_rod_2",
			"from": [14.5, 14.875, 2.275],
			"to": [14.875, 15.25, 2.65],
			"rotation": {"angle": 22.5, "axis": "x", "origin": [14.5, 10, 7.9]},
			"faces": {
				"north": {"uv": [14, 2, 15, 3], "texture": "#2"},
				"east": {"uv": [14, 2, 15, 3], "texture": "#2"},
				"west": {"uv": [15, 2, 14, 3], "texture": "#2"},
				"up": {"uv": [14, 2, 15, 3], "rotation": 270, "texture": "#2"},
				"down": {"uv": [14, 2, 15, 3], "rotation": 90, "texture": "#2"}
			}
		},
		{
			"name": "blaze_rod_3",
			"from": [14.5, 13.375, 3.775],
			"to": [14.875, 14.875, 4.15],
			"rotation": {"angle": 22.5, "axis": "x", "origin": [14.5, 10, 7.9]},
			"faces": {
				"north": {"uv": [10, 3, 11, 7], "texture": "#2"},
				"east": {"uv": [10, 3, 11, 7], "texture": "#2"},
				"south": {"uv": [10, 3, 11, 7], "texture": "#2"},
				"west": {"uv": [11, 3, 10, 7], "texture": "#2"},
				"up": {"uv": [10, 3, 11, 4], "rotation": 270, "texture": "#2"},
				"down": {"uv": [10, 6, 11, 7], "rotation": 90, "texture": "#2"}
			}
		},
		{
			"name": "blaze_rod_4",
			"from": [14.5, 13, 4.15],
			"to": [14.875, 14.5, 4.525],
			"rotation": {"angle": 22.5, "axis": "x", "origin": [14.5, 10, 7.9]},
			"faces": {
				"north": {"uv": [9, 4, 10, 8], "texture": "#2"},
				"east": {"uv": [9, 4, 10, 8], "texture": "#2"},
				"south": {"uv": [9, 4, 10, 8], "texture": "#2"},
				"west": {"uv": [10, 4, 9, 8], "texture": "#2"},
				"up": {"uv": [9, 4, 10, 5], "rotation": 270, "texture": "#2"},
				"down": {"uv": [9, 7, 10, 8], "rotation": 90, "texture": "#2"}
			}
		},
		{
			"name": "blaze_rod_5",
			"from": [14.5, 14.125, 3.025],
			"to": [14.875, 14.5, 3.4],
			"rotation": {"angle": 22.5, "axis": "x", "origin": [14.5, 10, 7.9]},
			"faces": {
				"north": {"uv": [12, 4, 13, 5], "texture": "#2"},
				"east": {"uv": [12, 4, 13, 5], "texture": "#2"},
				"west": {"uv": [13, 4, 12, 5], "texture": "#2"},
				"down": {"uv": [12, 4, 13, 5], "rotation": 90, "texture": "#2"}
			}
		},
		{
			"name": "blaze_rod_6",
			"from": [14.5, 12.625, 4.525],
			"to": [14.875, 14.125, 4.9],
			"rotation": {"angle": 22.5, "axis": "x", "origin": [14.5, 10, 7.9]},
			"faces": {
				"north": {"uv": [8, 5, 9, 9], "texture": "#2"},
				"east": {"uv": [8, 5, 9, 9], "texture": "#2"},
				"south": {"uv": [8, 5, 9, 9], "texture": "#2"},
				"west": {"uv": [9, 5, 8, 9], "texture": "#2"},
				"up": {"uv": [8, 5, 9, 6], "rotation": 270, "texture": "#2"},
				"down": {"uv": [8, 8, 9, 9], "rotation": 90, "texture": "#2"}
			}
		},
		{
			"name": "blaze_rod_7",
			"from": [14.5, 12.25, 4.9],
			"to": [14.875, 13.75, 5.275],
			"rotation": {"angle": 22.5, "axis": "x", "origin": [14.5, 10, 7.9]},
			"faces": {
				"north": {"uv": [7, 6, 8, 10], "texture": "#2"},
				"east": {"uv": [7, 6, 8, 10], "texture": "#2"},
				"south": {"uv": [7, 6, 8, 10], "texture": "#2"},
				"west": {"uv": [8, 6, 7, 10], "texture": "#2"},
				"up": {"uv": [7, 6, 8, 7], "rotation": 270, "texture": "#2"},
				"down": {"uv": [7, 9, 8, 10], "rotation": 90, "texture": "#2"}
			}
		},
		{
			"name": "blaze_rod_8",
			"from": [14.5, 11.875, 5.275],
			"to": [14.875, 13.375, 5.65],
			"rotation": {"angle": 22.5, "axis": "x", "origin": [14.5, 10, 7.9]},
			"faces": {
				"north": {"uv": [6, 7, 7, 11], "texture": "#2"},
				"east": {"uv": [6, 7, 7, 11], "texture": "#2"},
				"south": {"uv": [6, 7, 7, 11], "texture": "#2"},
				"west": {"uv": [7, 7, 6, 11], "texture": "#2"},
				"up": {"uv": [6, 7, 7, 8], "rotation": 270, "texture": "#2"},
				"down": {"uv": [6, 10, 7, 11], "rotation": 90, "texture": "#2"}
			}
		},
		{
			"name": "blaze_rod_9",
			"from": [14.5, 11.5, 5.65],
			"to": [14.875, 13, 6.025],
			"rotation": {"angle": 22.5, "axis": "x", "origin": [14.5, 10, 7.9]},
			"faces": {
				"north": {"uv": [5, 8, 6, 12], "texture": "#2"},
				"east": {"uv": [5, 8, 6, 12], "texture": "#2"},
				"south": {"uv": [5, 8, 6, 12], "texture": "#2"},
				"west": {"uv": [6, 8, 5, 12], "texture": "#2"},
				"up": {"uv": [5, 8, 6, 9], "rotation": 270, "texture": "#2"},
				"down": {"uv": [5, 11, 6, 12], "rotation": 90, "texture": "#2"}
			}
		},
		{
			"name": "blaze_rod_10",
			"from": [14.5, 11.125, 6.025],
			"to": [14.875, 12.625, 6.4],
			"rotation": {"angle": 22.5, "axis": "x", "origin": [14.5, 10, 7.9]},
			"faces": {
				"north": {"uv": [4, 9, 5, 13], "texture": "#2"},
				"east": {"uv": [4, 9, 5, 13], "texture": "#2"},
				"south": {"uv": [4, 9, 5, 13], "texture": "#2"},
				"west": {"uv": [5, 9, 4, 13], "texture": "#2"},
				"up": {"uv": [4, 9, 5, 10], "rotation": 270, "texture": "#2"},
				"down": {"uv": [4, 12, 5, 13], "rotation": 90, "texture": "#2"}
			}
		},
		{
			"name": "blaze_rod_11",
			"from": [14.5, 10.75, 6.4],
			"to": [14.875, 12.25, 6.775],
			"rotation": {"angle": 22.5, "axis": "x", "origin": [14.5, 10, 7.9]},
			"faces": {
				"north": {"uv": [3, 10, 4, 14], "texture": "#2"},
				"east": {"uv": [3, 10, 4, 14], "texture": "#2"},
				"south": {"uv": [3, 10, 4, 14], "texture": "#2"},
				"west": {"uv": [4, 10, 3, 14], "texture": "#2"},
				"up": {"uv": [3, 10, 4, 11], "rotation": 270, "texture": "#2"},
				"down": {"uv": [3, 13, 4, 14], "rotation": 90, "texture": "#2"}
			}
		},
		{
			"name": "blaze_rod_12",
			"from": [14.5, 10.375, 6.775],
			"to": [14.875, 11.875, 7.15],
			"rotation": {"angle": 22.5, "axis": "x", "origin": [14.5, 10, 7.9]},
			"faces": {
				"north": {"uv": [2, 11, 3, 15], "texture": "#2"},
				"east": {"uv": [2, 11, 3, 15], "texture": "#2"},
				"south": {"uv": [2, 11, 3, 15], "texture": "#2"},
				"west": {"uv": [3, 11, 2, 15], "texture": "#2"},
				"up": {"uv": [2, 11, 3, 12], "rotation": 270, "texture": "#2"},
				"down": {"uv": [2, 14, 3, 15], "rotation": 90, "texture": "#2"}
			}
		},
		{
			"name": "blaze_rod_13",
			"from": [14.5, 10.375, 7.15],
			"to": [14.875, 11.5, 7.525],
			"rotation": {"angle": 22.5, "axis": "x", "origin": [14.5, 10, 7.9]},
			"faces": {
				"east": {"uv": [1, 12, 2, 15], "texture": "#2"},
				"south": {"uv": [1, 12, 2, 15], "texture": "#2"},
				"west": {"uv": [2, 12, 1, 15], "texture": "#2"},
				"up": {"uv": [1, 12, 2, 13], "rotation": 270, "texture": "#2"},
				"down": {"uv": [1, 14, 2, 15], "rotation": 90, "texture": "#2"}
			}
		},
		{
			"name": "right_leg",
			"from": [8.05, -0.5, 7.4],
			"to": [10.05, 5.5, 9.4],
			"rotation": {"angle": -22.5, "axis": "x", "origin": [9, 5.5, 8]},
			"faces": {
				"north": {"uv": [1, 5, 2, 8], "texture": "#0"},
				"east": {"uv": [0, 5, 1, 8], "texture": "#0"},
				"south": {"uv": [3, 5, 4, 8], "texture": "#0"},
				"west": {"uv": [2, 5, 3, 8], "texture": "#0"},
				"up": {"uv": [2, 5, 1, 4], "texture": "#0"},
				"down": {"uv": [3, 4, 2, 5], "texture": "#0"}
			}
		},
		{
			"name": "left_leg",
			"from": [5.95, -0.5, 6.15],
			"to": [7.95, 5.5, 8.15],
			"rotation": {"angle": 22.5, "axis": "x", "origin": [7, 5.5, 7.55]},
			"faces": {
				"north": {"uv": [5, 13, 6, 16], "texture": "#0"},
				"east": {"uv": [4, 13, 5, 16], "texture": "#0"},
				"south": {"uv": [7, 13, 8, 16], "texture": "#0"},
				"west": {"uv": [6, 13, 7, 16], "texture": "#0"},
				"up": {"uv": [6, 13, 5, 12], "texture": "#0"},
				"down": {"uv": [7, 12, 6, 13], "texture": "#0"}
			}
		},
		{
			"name": "right_arm",
			"from": [9.75, 9.8, 7],
			"to": [15.75, 11.8, 9],
			"rotation": {"angle": 22.5, "axis": "z", "origin": [10.75, 11.25, 9]},
			"faces": {
				"north": {"uv": [13, 5, 14, 8], "rotation": 90, "texture": "#0"},
				"east": {"uv": [13, 4, 12, 5], "rotation": 90, "texture": "#0"},
				"south": {"uv": [11, 5, 12, 8], "rotation": 270, "texture": "#0"},
				"west": {"uv": [12, 5, 11, 4], "rotation": 90, "texture": "#0"},
				"up": {"uv": [12, 5, 13, 8], "rotation": 270, "texture": "#0"},
				"down": {"uv": [10, 5, 11, 8], "rotation": 270, "texture": "#0"}
			}
		},
		{
			"name": "left_arm",
			"from": [4.3, 5.25, 6.5],
			"to": [6.3, 11.25, 8.5],
			"rotation": {"angle": -22.5, "axis": "z", "origin": [5.75, 10.25, 8.5]},
			"faces": {
				"north": {"uv": [9, 13, 10, 16], "texture": "#0"},
				"east": {"uv": [8, 13, 9, 16], "texture": "#0"},
				"south": {"uv": [11, 13, 12, 16], "texture": "#0"},
				"west": {"uv": [10, 13, 11, 16], "texture": "#0"},
				"up": {"uv": [10, 13, 9, 12], "texture": "#0"},
				"down": {"uv": [11, 12, 10, 13], "texture": "#0"}
			}
		},
		{
			"name": "body",
			"from": [6, 5.5, 7],
			"to": [10, 11.5, 9],
			"rotation": {"angle": -22.5, "axis": "y", "origin": [8, 11.5, 8]},
			"faces": {
				"north": {"uv": [5, 5, 7, 8], "texture": "#0"},
				"east": {"uv": [4, 5, 5, 8], "texture": "#0"},
				"south": {"uv": [8, 5, 10, 8], "texture": "#0"},
				"west": {"uv": [7, 5, 8, 8], "texture": "#0"},
				"up": {"uv": [7, 5, 5, 4], "texture": "#0"},
				"down": {"uv": [9, 4, 7, 5], "texture": "#0"}
			}
		},
		{
			"name": "head",
			"from": [6.3, 11.5, 6],
			"to": [10.3, 15.5, 10],
			"rotation": {"angle": 22.5, "axis": "y", "origin": [8.3, 11.75, 8]},
			"faces": {
				"north": {"uv": [2, 2, 4, 4], "texture": "#0"},
				"east": {"uv": [0, 2, 2, 4], "texture": "#0"},
				"south": {"uv": [6, 2, 8, 4], "texture": "#0"},
				"west": {"uv": [4, 2, 6, 4], "texture": "#0"},
				"up": {"uv": [4, 2, 2, 0], "texture": "#0"},
				"down": {"uv": [6, 0, 4, 2], "texture": "#0"}
			}
		},
		{
			"name": "fire_charge_0",
			"from": [14.34, 14.66, -5.64],
			"to": [15.66, 18.62, -5.31],
			"rotation": {"angle": -45, "axis": "y", "origin": [5.36, 14, -3.64]},
			"faces": {
				"north": {"uv": [10, 2, 6, 14], "texture": "#3"},
				"east": {"uv": [9, 2, 10, 14], "texture": "#3"},
				"south": {"uv": [6, 2, 10, 14], "texture": "#3"},
				"west": {"uv": [6, 2, 7, 14], "texture": "#3"},
				"up": {"uv": [6, 2, 10, 3], "texture": "#3"},
				"down": {"uv": [6, 13, 10, 14], "texture": "#3"}
			}
		},
		{
			"name": "fire_charge_1",
			"from": [13.04, 16.56, -5.475],
			"to": [17.04, 20.56, -5.475],
			"rotation": {"angle": -45, "axis": "y", "origin": [5.36, 14, -3.64]},
			"faces": {
				"north": {"uv": [0, 0, 16, 16], "texture": "#4"},
				"east": {"uv": [0, 0, 16, 16], "texture": "#4"},
				"south": {"uv": [0, 0, 16, 16], "texture": "#4"},
				"west": {"uv": [0, 0, 16, 16], "texture": "#4"},
				"up": {"uv": [0, 0, 16, 16], "texture": "#4"},
				"down": {"uv": [0, 0, 16, 16], "texture": "#4"}
			}
		},
		{
			"name": "fire_charge_1",
			"from": [13.68, 14.99, -5.64],
			"to": [14.34, 18.29, -5.31],
			"rotation": {"angle": -45, "axis": "y", "origin": [5.36, 14, -3.64]},
			"faces": {
				"north": {"uv": [6, 3, 4, 13], "texture": "#3"},
				"east": {"uv": [5, 3, 6, 13], "texture": "#3"},
				"south": {"uv": [4, 3, 6, 13], "texture": "#3"},
				"west": {"uv": [4, 3, 5, 13], "texture": "#3"},
				"up": {"uv": [4, 3, 6, 4], "texture": "#3"},
				"down": {"uv": [4, 12, 6, 13], "texture": "#3"}
			}
		},
		{
			"name": "fire_charge_2",
			"from": [15.66, 14.99, -5.64],
			"to": [16.32, 18.29, -5.31],
			"rotation": {"angle": -45, "axis": "y", "origin": [5.36, 14, -3.64]},
			"faces": {
				"north": {"uv": [12, 3, 10, 13], "texture": "#3"},
				"east": {"uv": [11, 3, 12, 13], "texture": "#3"},
				"south": {"uv": [10, 3, 12, 13], "texture": "#3"},
				"west": {"uv": [10, 3, 11, 13], "texture": "#3"},
				"up": {"uv": [10, 3, 12, 4], "texture": "#3"},
				"down": {"uv": [10, 12, 12, 13], "texture": "#3"}
			}
		},
		{
			"name": "fire_charge_3",
			"from": [13.35, 15.32, -5.64],
			"to": [13.68, 17.96, -5.31],
			"rotation": {"angle": -45, "axis": "y", "origin": [5.36, 14, -3.64]},
			"faces": {
				"north": {"uv": [4, 4, 3, 12], "texture": "#3"},
				"east": {"uv": [3, 4, 4, 12], "texture": "#3"},
				"south": {"uv": [3, 4, 4, 12], "texture": "#3"},
				"west": {"uv": [3, 4, 4, 12], "texture": "#3"},
				"up": {"uv": [3, 4, 4, 5], "texture": "#3"},
				"down": {"uv": [3, 11, 4, 12], "texture": "#3"}
			}
		},
		{
			"name": "fire_charge_4",
			"from": [16.32, 15.32, -5.64],
			"to": [16.65, 17.96, -5.31],
			"rotation": {"angle": -45, "axis": "y", "origin": [5.36, 14, -3.64]},
			"faces": {
				"north": {"uv": [13, 4, 12, 12], "texture": "#3"},
				"east": {"uv": [12, 4, 13, 12], "texture": "#3"},
				"south": {"uv": [12, 4, 13, 12], "texture": "#3"},
				"west": {"uv": [12, 4, 13, 12], "texture": "#3"},
				"up": {"uv": [12, 4, 13, 5], "texture": "#3"},
				"down": {"uv": [12, 11, 13, 12], "texture": "#3"}
			}
		},
		{
			"name": "fire_charge_5",
			"from": [13.02, 15.98, -5.64],
			"to": [13.35, 17.3, -5.31],
			"rotation": {"angle": -45, "axis": "y", "origin": [5.36, 14, -3.64]},
			"faces": {
				"north": {"uv": [3, 6, 2, 10], "texture": "#3"},
				"east": {"uv": [2, 6, 3, 10], "texture": "#3"},
				"south": {"uv": [2, 6, 3, 10], "texture": "#3"},
				"west": {"uv": [2, 6, 3, 10], "texture": "#3"},
				"up": {"uv": [2, 6, 3, 7], "texture": "#3"},
				"down": {"uv": [2, 9, 3, 10], "texture": "#3"}
			}
		},
		{
			"name": "fire_charge_6",
			"from": [16.65, 15.98, -5.64],
			"to": [16.98, 17.3, -5.31],
			"rotation": {"angle": -45, "axis": "y", "origin": [5.36, 14, -3.64]},
			"faces": {
				"north": {"uv": [14, 6, 13, 10], "texture": "#3"},
				"east": {"uv": [13, 6, 14, 10], "texture": "#3"},
				"south": {"uv": [13, 6, 14, 10], "texture": "#3"},
				"west": {"uv": [13, 6, 14, 10], "texture": "#3"},
				"up": {"uv": [13, 6, 14, 7], "texture": "#3"},
				"down": {"uv": [13, 9, 14, 10], "texture": "#3"}
			}
		}
	],
	"display": {},
	"groups": [
		{
			"name": "bone",
			"origin": [0, 0, 0],
			"color": 0,
			"children": [
				{
					"name": "right_leg",
					"origin": [2, 12, 0],
					"color": 0,
					"children": [0]
				},
				{
					"name": "left_leg",
					"origin": [-2, 12, 0],
					"color": 0,
					"children": [1]
				},
				{
					"name": "right_arm",
					"origin": [5, 22, 0],
					"color": 0,
					"children": [2]
				},
				{
					"name": "left_arm",
					"origin": [-5, 22, 0],
					"color": 0,
					"children": [3]
				},
				{
					"name": "body",
					"origin": [0, 24, 0],
					"color": 0,
					"children": [4]
				},
				{
					"name": "head",
					"origin": [0, 24, 0],
					"color": 0,
					"children": [5]
				}
			]
		},
		{
			"name": "blaze_rod",
			"origin": [8, 8, 8],
			"color": 0,
			"children": [6, 7, 8, 9, 10, 11, 12, 13, 14, 15, 16, 17, 18, 19]
		},
		20,
		21,
		22,
		23,
		24,
		25,
		{
			"name": "fire_charge",
			"origin": [8, 8, 8],
			"color": 0,
			"children": [26, 27, 28, 29, 30, 31, 32, 33]
		}
	]
}