{
	"textures": {
		"0": "item/lobby/statue/fishcute",
		"1": "item/lobby/statue/fox",
		"particle": "item/lobby/statue/fishcute"
	},
	"elements": [
		{
			"name": "right_pants",
			"from": [7.925, -0.625, 7.275],
			"to": [10.175, 5.625, 9.525],
			"rotation": {"angle": -22.5, "axis": "x", "origin": [9, 5.5, 8]},
			"faces": {
				"north": {"uv": [1, 9, 2, 12], "texture": "#0"},
				"east": {"uv": [0, 9, 1, 12], "texture": "#0"},
				"south": {"uv": [3, 9, 4, 12], "texture": "#0"},
				"west": {"uv": [2, 9, 3, 12], "texture": "#0"},
				"up": {"uv": [2, 9, 1, 8], "texture": "#0"},
				"down": {"uv": [3, 8, 2, 9], "texture": "#0"}
			}
		},
		{
			"name": "right_leg",
			"from": [8.05, -0.5, 7.4],
			"to": [10.05, 5.5, 9.4],
			"rotation": {"angle": -22.5, "axis": "x", "origin": [9, 5.5, 8]},
			"faces": {
				"north": {"uv": [1, 5, 2, 8], "texture": "#0"},
				"east": {"uv": [0, 5, 1, 8], "texture": "#0"},
				"south": {"uv": [3, 5, 4, 8], "texture": "#0"},
				"west": {"uv": [2, 5, 3, 8], "texture": "#0"},
				"up": {"uv": [2, 5, 1, 4], "texture": "#0"},
				"down": {"uv": [3, 4, 2, 5], "texture": "#0"}
			}
		},
		{
			"name": "left_pants",
			"from": [5.825, -0.625, 6.475],
			"to": [8.075, 5.625, 8.725],
			"rotation": {"angle": -22.5, "axis": "y", "origin": [7, 5.5, 8]},
			"faces": {
				"north": {"uv": [1, 13, 2, 16], "texture": "#0"},
				"east": {"uv": [0, 13, 1, 16], "texture": "#0"},
				"south": {"uv": [3, 13, 4, 16], "texture": "#0"},
				"west": {"uv": [2, 13, 3, 16], "texture": "#0"},
				"up": {"uv": [2, 13, 1, 12], "texture": "#0"},
				"down": {"uv": [3, 12, 2, 13], "texture": "#0"}
			}
		},
		{
			"name": "left_leg",
			"from": [5.95, -0.5, 6.6],
			"to": [7.95, 5.5, 8.6],
			"rotation": {"angle": -22.5, "axis": "y", "origin": [7, 5.5, 8]},
			"faces": {
				"north": {"uv": [5, 13, 6, 16], "texture": "#0"},
				"east": {"uv": [4, 13, 5, 16], "texture": "#0"},
				"south": {"uv": [7, 13, 8, 16], "texture": "#0"},
				"west": {"uv": [6, 13, 7, 16], "texture": "#0"},
				"up": {"uv": [6, 13, 5, 12], "texture": "#0"},
				"down": {"uv": [7, 12, 6, 13], "texture": "#0"}
			}
		},
		{
			"name": "right_sleeve",
			"from": [9.575, 9.025, 2.875],
			"to": [11.325, 11.275, 9.125],
			"rotation": {"angle": -45, "axis": "x", "origin": [10.25, 11.25, 8]},
			"faces": {
				"north": {"uv": [12.5, 8, 11.75, 9], "rotation": 180, "texture": "#0"},
				"east": {"uv": [10, 9, 11, 12], "rotation": 270, "texture": "#0"},
				"south": {"uv": [11.75, 9, 11, 8], "texture": "#0"},
				"west": {"uv": [11.75, 9, 12.75, 12], "rotation": 90, "texture": "#0"},
				"up": {"uv": [11, 9, 11.75, 12], "rotation": 180, "texture": "#0"},
				"down": {"uv": [12.75, 9, 13.5, 12], "texture": "#0"}
			}
		},
		{
			"name": "right_arm",
			"from": [9.7, 9.25, 3],
			"to": [11.2, 11.25, 9],
			"rotation": {"angle": -45, "axis": "x", "origin": [10.25, 11.25, 8]},
			"faces": {
				"north": {"uv": [12.5, 4, 11.75, 5], "rotation": 180, "texture": "#0"},
				"east": {"uv": [10, 5, 11, 8], "rotation": 270, "texture": "#0"},
				"south": {"uv": [11.75, 5, 11, 4], "texture": "#0"},
				"west": {"uv": [11.75, 5, 12.75, 8], "rotation": 90, "texture": "#0"},
				"up": {"uv": [11, 5, 11.75, 8], "rotation": 180, "texture": "#0"},
				"down": {"uv": [12.75, 5, 13.5, 8], "texture": "#0"}
			}
		},
		{
			"name": "left_sleeve",
			"from": [4.675, 5.125, 5.875],
			"to": [6.425, 11.375, 8.125],
			"rotation": {"angle": 22.5, "axis": "x", "origin": [5.75, 10.25, 8]},
			"faces": {
				"north": {"uv": [13, 13, 13.75, 16], "texture": "#0"},
				"east": {"uv": [12, 13, 13, 16], "texture": "#0"},
				"south": {"uv": [14.75, 13, 15.5, 16], "texture": "#0"},
				"west": {"uv": [13.75, 13, 14.75, 16], "texture": "#0"},
				"up": {"uv": [13.75, 13, 13, 12], "texture": "#0"},
				"down": {"uv": [14.5, 12, 13.75, 13], "texture": "#0"}
			}
		},
		{
			"name": "left_arm",
			"from": [4.8, 5.25, 6],
			"to": [6.3, 11.25, 8],
			"rotation": {"angle": 22.5, "axis": "x", "origin": [5.75, 10.25, 8]},
			"faces": {
				"north": {"uv": [9, 13, 9.75, 16], "texture": "#0"},
				"east": {"uv": [8, 13, 9, 16], "texture": "#0"},
				"south": {"uv": [10.75, 13, 11.5, 16], "texture": "#0"},
				"west": {"uv": [9.75, 13, 10.75, 16], "texture": "#0"},
				"up": {"uv": [9.75, 13, 9, 12], "texture": "#0"},
				"down": {"uv": [10.5, 12, 9.75, 13], "texture": "#0"}
			}
		},
		{
			"name": "body",
			"from": [6, 5.5, 7],
			"to": [10, 11.5, 9],
			"rotation": {"angle": -22.5, "axis": "y", "origin": [8, 11.5, 8]},
			"faces": {
				"north": {"uv": [5, 5, 7, 8], "texture": "#0"},
				"east": {"uv": [4, 5, 5, 8], "texture": "#0"},
				"south": {"uv": [8, 5, 10, 8], "texture": "#0"},
				"west": {"uv": [7, 5, 8, 8], "texture": "#0"},
				"up": {"uv": [7, 5, 5, 4], "texture": "#0"},
				"down": {"uv": [9, 4, 7, 5], "texture": "#0"}
			}
		},
		{
			"name": "jacket",
			"from": [5.875, 5.375, 6.875],
			"to": [10.125, 11.625, 9.125],
			"rotation": {"angle": -22.5, "axis": "y", "origin": [8, 11.5, 8]},
			"faces": {
				"north": {"uv": [5, 9, 7, 12], "texture": "#0"},
				"east": {"uv": [4, 9, 5, 12], "texture": "#0"},
				"south": {"uv": [8, 9, 10, 12], "texture": "#0"},
				"west": {"uv": [7, 9, 8, 12], "texture": "#0"},
				"up": {"uv": [7, 9, 5, 8], "texture": "#0"},
				"down": {"uv": [9, 8, 7, 9], "texture": "#0"}
			}
		},
		{
			"name": "headwear",
			"from": [6.175, 11.375, 5.875],
			"to": [10.425, 15.625, 10.125],
			"rotation": {"angle": -22.5, "axis": "y", "origin": [8.3, 11.75, 8]},
			"faces": {
				"north": {"uv": [10, 2, 12, 4], "texture": "#0"},
				"east": {"uv": [8, 2, 10, 4], "texture": "#0"},
				"south": {"uv": [14, 2, 16, 4], "texture": "#0"},
				"west": {"uv": [12, 2, 14, 4], "texture": "#0"},
				"up": {"uv": [12, 2, 10, 0], "texture": "#0"},
				"down": {"uv": [14, 0, 12, 2], "texture": "#0"}
			}
		},
		{
			"name": "head",
			"from": [6.3, 11.5, 6],
			"to": [10.3, 15.5, 10],
			"rotation": {"angle": -22.5, "axis": "y", "origin": [8.3, 11.75, 8]},
			"faces": {
				"north": {"uv": [2, 2, 4, 4], "texture": "#0"},
				"east": {"uv": [0, 2, 2, 4], "texture": "#0"},
				"south": {"uv": [6, 2, 8, 4], "texture": "#0"},
				"west": {"uv": [4, 2, 6, 4], "texture": "#0"},
				"up": {"uv": [4, 2, 2, 0], "texture": "#0"},
				"down": {"uv": [6, 0, 4, 2], "texture": "#0"}
			}
		},
		{
			"name": "head",
			"from": [6.9, 8.95, 2.8],
			"to": [10.1, 11.35, 5.2],
			"rotation": {"angle": -45, "axis": "y", "origin": [8, 10.25, 7.3]},
			"faces": {
				"north": {"uv": [1.75, 2.75, 3.75, 4.25], "texture": "#1"},
				"east": {"uv": [0.25, 2.75, 1.75, 4.25], "texture": "#1"},
				"south": {"uv": [5.25, 2.75, 7.25, 4.25], "texture": "#1"},
				"west": {"uv": [3.75, 2.75, 5.25, 4.25], "texture": "#1"},
				"up": {"uv": [3.75, 2.75, 1.75, 1.25], "texture": "#1"},
				"down": {"uv": [5.75, 1.25, 3.75, 2.75], "texture": "#1"}
			}
		},
		{
			"name": "head",
			"from": [6.9, 11.35, 3.2],
			"to": [7.7, 12.15, 3.6],
			"rotation": {"angle": -45, "axis": "y", "origin": [8, 10.25, 7.3]},
			"faces": {
				"north": {"uv": [4, 0.5, 4.5, 1], "texture": "#1"},
				"east": {"uv": [3.75, 0.5, 4, 1], "texture": "#1"},
				"south": {"uv": [4.75, 0.5, 5.25, 1], "texture": "#1"},
				"west": {"uv": [4.5, 0.5, 4.75, 1], "texture": "#1"},
				"up": {"uv": [4, 0.25, 4.5, 0.5], "texture": "#1"},
				"down": {"uv": [4.5, 0.25, 5, 0.5], "texture": "#1"}
			}
		},
		{
			"name": "head",
			"from": [9.3, 11.35, 3.2],
			"to": [10.1, 12.15, 3.6],
			"rotation": {"angle": -45, "axis": "y", "origin": [8, 10.25, 7.3]},
			"faces": {
				"north": {"uv": [2.25, 0.5, 2.75, 1], "texture": "#1"},
				"east": {"uv": [2, 0.5, 2.25, 1], "texture": "#1"},
				"south": {"uv": [3, 0.5, 3.5, 1], "texture": "#1"},
				"west": {"uv": [2.75, 0.5, 3, 1], "texture": "#1"},
				"up": {"uv": [2.25, 0.25, 2.75, 0.5], "texture": "#1"},
				"down": {"uv": [2.75, 0.25, 3.25, 0.5], "texture": "#1"}
			}
		},
		{
			"name": "head",
			"from": [7.7, 8.95, 1.6],
			"to": [9.3, 9.75, 2.8],
			"rotation": {"angle": -45, "axis": "y", "origin": [8, 10.25, 7.3]},
			"faces": {
				"north": {"uv": [2.25, 5.25, 3.25, 5.75], "texture": "#1"},
				"east": {"uv": [1.5, 5.25, 2.25, 5.75], "texture": "#1"},
				"south": {"uv": [4, 5.25, 5, 5.75], "texture": "#1"},
				"west": {"uv": [3.25, 5.25, 4, 5.75], "texture": "#1"},
				"up": {"uv": [3.25, 5.25, 2.25, 4.5], "texture": "#1"},
				"down": {"uv": [4.25, 4.5, 3.25, 5.25], "texture": "#1"}
			}
		},
		{
			"name": "body",
			"from": [4.56899, 7.67769, 4.1],
			"to": [8.96899, 10.07769, 6.5],
			"rotation": {"angle": 22.5, "axis": "z", "origin": [7, 10.7, 3.8]},
			"faces": {
				"north": {"uv": [6, 5.25, 7.5, 8], "rotation": 90, "texture": "#1"},
				"east": {"uv": [7.5, 3.75, 9, 5.25], "texture": "#1"},
				"south": {"uv": [10.5, 5.25, 9, 8], "rotation": 90, "texture": "#1"},
				"west": {"uv": [9, 3.75, 10.5, 5.25], "texture": "#1"},
				"up": {"uv": [12, 8, 10.5, 5.25], "rotation": 90, "texture": "#1"},
				"down": {"uv": [9, 5.25, 7.5, 8], "rotation": 270, "texture": "#1"}
			}
		},
		{
			"name": "leg1",
			"from": [6.3, 5.55, 5.7004],
			"to": [7.1, 7.95, 6.5004],
			"rotation": {"angle": 0, "axis": "z", "origin": [8, 9.25, 5.3]},
			"faces": {
				"north": {"uv": [4.25, 6.5, 4.75, 8], "texture": "#1"},
				"east": {"uv": [3.75, 6.5, 4.25, 8], "texture": "#1"},
				"south": {"uv": [3.25, 6.5, 3.75, 8], "texture": "#1"},
				"west": {"uv": [4.75, 6.5, 5.25, 8], "texture": "#1"},
				"up": {"uv": [3.75, 6, 4.25, 6.5], "rotation": 90, "texture": "#1"},
				"down": {"uv": [4.25, 6, 4.75, 6.5], "rotation": 270, "texture": "#1"}
			}
		},
		{
			"name": "leg2",
			"from": [6.6, 5.3, 3.5996],
			"to": [7.4, 7.7, 4.3996],
			"rotation": {"angle": -22.5, "axis": "z", "origin": [8, 9.5, 5.3]},
			"faces": {
				"north": {"uv": [2, 6.5, 2.5, 8], "texture": "#1"},
				"east": {"uv": [1.5, 6.5, 2, 8], "texture": "#1"},
				"south": {"uv": [1, 6.5, 1.5, 8], "texture": "#1"},
				"west": {"uv": [2.5, 6.5, 3, 8], "texture": "#1"},
				"up": {"uv": [1.5, 6, 2, 6.5], "rotation": 90, "texture": "#1"},
				"down": {"uv": [2, 6, 2.5, 6.5], "rotation": 270, "texture": "#1"}
			}
		},
		{
			"name": "leg3",
			"from": [8.4, 6.55, 5.7004],
			"to": [9.2, 8.95, 6.5004],
			"rotation": {"angle": 22.5, "axis": "z", "origin": [8, 9.25, 5.3]},
			"faces": {
				"north": {"uv": [4.25, 6.5, 4.75, 8], "texture": "#1"},
				"east": {"uv": [3.75, 6.5, 4.25, 8], "texture": "#1"},
				"south": {"uv": [3.25, 6.5, 3.75, 8], "texture": "#1"},
				"west": {"uv": [4.75, 6.5, 5.25, 8], "texture": "#1"},
				"up": {"uv": [3.75, 6, 4.25, 6.5], "rotation": 90, "texture": "#1"},
				"down": {"uv": [4.25, 6, 4.75, 6.5], "rotation": 270, "texture": "#1"}
			}
		},
		{
			"name": "leg4",
			"from": [8.8, 8.65, 4.0996],
			"to": [11.2, 9.45, 4.8996],
			"rotation": {"angle": -22.5, "axis": "z", "origin": [8, 9.25, 5.3]},
			"faces": {
				"north": {"uv": [2, 6.5, 2.5, 8], "rotation": 90, "texture": "#1"},
				"east": {"uv": [2, 6, 2.5, 6.5], "rotation": 180, "texture": "#1"},
				"south": {"uv": [1, 6.5, 1.5, 8], "rotation": 270, "texture": "#1"},
				"west": {"uv": [1.5, 6, 2, 6.5], "texture": "#1"},
				"up": {"uv": [1.5, 6.5, 2, 8], "rotation": 270, "texture": "#1"},
				"down": {"uv": [2.5, 6.5, 3, 8], "rotation": 270, "texture": "#1"}
			}
		},
		{
			"name": "tail",
			"from": [3.06466, 7.25866, 4.9],
			"to": [6.66466, 9.25866, 6.5],
			"rotation": {"angle": -45, "axis": "y", "origin": [7, 10.7, 3.8]},
			"faces": {
				"north": {"uv": [7.5, 3.5, 8.75, 1.25], "rotation": 90, "texture": "#1"},
				"east": {"uv": [8.75, 0, 9.75, 1.25], "texture": "#1"},
				"south": {"uv": [11, 1.25, 9.75, 3.5], "rotation": 90, "texture": "#1"},
				"west": {"uv": [9.75, 0, 10.75, 1.25], "texture": "#1"},
				"up": {"uv": [12, 1.25, 11, 3.5], "rotation": 90, "texture": "#1"},
				"down": {"uv": [9.75, 3.5, 8.75, 1.25], "rotation": 270, "texture": "#1"}
			}
		}
	],
	"display": {
		"head": {
			"rotation": [0, -22.5, 0],
			"translation": [-0.75, -17.75, -0.5],
			"scale": [3.25, 3.25, 3.25]
		}
	},
	"groups": [
		{
			"name": "bone",
			"origin": [0, 0, 0],
			"color": 0,
			"children": [
				{
					"name": "right_leg",
					"origin": [2, 12, 0],
					"color": 0,
					"children": [0, 1]
				},
				{
					"name": "left_leg",
					"origin": [-2, 12, 0],
					"color": 0,
					"children": [2, 3]
				},
				{
					"name": "right_arm",
					"origin": [5, 22, 0],
					"color": 0,
					"children": [4, 5]
				},
				{
					"name": "left_arm",
					"origin": [-5, 22, 0],
					"color": 0,
					"children": [6, 7]
				},
				{
					"name": "body",
					"origin": [0, 24, 0],
					"color": 0,
					"children": [8, 9]
				},
				{
					"name": "head",
					"origin": [0, 24, 0],
					"color": 0,
					"children": [10, 11]
				}
			]
		},
		{
			"name": "bone",
			"origin": [0, 0, 0],
			"color": 0,
			"children": [
				{
					"name": "head",
					"origin": [1, 7.5, -3],
					"color": 0,
					"children": [12, 13, 14, 15]
				},
				{
					"name": "body",
					"origin": [0, 8, -6],
					"rotation": [-90, 0, 0],
					"color": 0,
					"children": [16]
				},
				{
					"name": "leg1",
					"origin": [5, 6.5, 7],
					"color": 0,
					"children": [17]
				},
				{
					"name": "leg2",
					"origin": [1, 6.5, 7],
					"color": 0,
					"children": [18]
				},
				{
					"name": "leg3",
					"origin": [5, 6.5, 0],
					"color": 0,
					"children": [19]
				},
				{
					"name": "leg4",
					"origin": [1, 6.5, 0],
					"color": 0,
					"children": [20]
				},
				{
					"name": "tail",
					"origin": [4, 7, 9],
					"rotation": [-90, 0, 0],
					"color": 0,
					"children": [21]
				}
			]
		}
	]
}