{
	"texture_size": [64, 64],
	"elements": [
		{
			"name": "right_pants",
			"from": [7.875, -0.625, 6.875],
			"to": [10.125, 5.625, 9.125],
			"rotation": {"angle": 0, "axis": "y", "origin": [9, 5.5, 8]},
			"faces": {
				"north": {"uv": [1, 9, 2, 12], "texture": "#missing"},
				"east": {"uv": [0, 9, 1, 12], "texture": "#missing"},
				"south": {"uv": [3, 9, 4, 12], "texture": "#missing"},
				"west": {"uv": [2, 9, 3, 12], "texture": "#missing"},
				"up": {"uv": [2, 9, 1, 8], "texture": "#missing"},
				"down": {"uv": [3, 8, 2, 9], "texture": "#missing"}
			}
		},
		{
			"name": "right_leg",
			"from": [8, -0.5, 7],
			"to": [10, 5.5, 9],
			"rotation": {"angle": 0, "axis": "y", "origin": [9, 5.5, 8]},
			"faces": {
				"north": {"uv": [1, 5, 2, 8], "texture": "#missing"},
				"east": {"uv": [0, 5, 1, 8], "texture": "#missing"},
				"south": {"uv": [3, 5, 4, 8], "texture": "#missing"},
				"west": {"uv": [2, 5, 3, 8], "texture": "#missing"},
				"up": {"uv": [2, 5, 1, 4], "texture": "#missing"},
				"down": {"uv": [3, 4, 2, 5], "texture": "#missing"}
			}
		},
		{
			"name": "left_pants",
			"from": [5.875, -0.625, 6.875],
			"to": [8.125, 5.625, 9.125],
			"rotation": {"angle": 0, "axis": "y", "origin": [7, 5.5, 8]},
			"faces": {
				"north": {"uv": [1, 13, 2, 16], "texture": "#missing"},
				"east": {"uv": [0, 13, 1, 16], "texture": "#missing"},
				"south": {"uv": [3, 13, 4, 16], "texture": "#missing"},
				"west": {"uv": [2, 13, 3, 16], "texture": "#missing"},
				"up": {"uv": [2, 13, 1, 12], "texture": "#missing"},
				"down": {"uv": [3, 12, 2, 13], "texture": "#missing"}
			}
		},
		{
			"name": "left_leg",
			"from": [6, -0.5, 7],
			"to": [8, 5.5, 9],
			"rotation": {"angle": 0, "axis": "y", "origin": [7, 5.5, 8]},
			"faces": {
				"north": {"uv": [5, 13, 6, 16], "texture": "#missing"},
				"east": {"uv": [4, 13, 5, 16], "texture": "#missing"},
				"south": {"uv": [7, 13, 8, 16], "texture": "#missing"},
				"west": {"uv": [6, 13, 7, 16], "texture": "#missing"},
				"up": {"uv": [6, 13, 5, 12], "texture": "#missing"},
				"down": {"uv": [7, 12, 6, 13], "texture": "#missing"}
			}
		},
		{
			"name": "right_sleeve",
			"from": [9.875, 5.375, 6.875],
			"to": [12.125, 11.625, 9.125],
			"rotation": {"angle": 0, "axis": "y", "origin": [10.5, 10.5, 8]},
			"faces": {
				"north": {"uv": [11, 9, 12, 12], "texture": "#missing"},
				"east": {"uv": [10, 9, 11, 12], "texture": "#missing"},
				"south": {"uv": [13, 9, 14, 12], "texture": "#missing"},
				"west": {"uv": [12, 9, 13, 12], "texture": "#missing"},
				"up": {"uv": [12, 9, 11, 8], "texture": "#missing"},
				"down": {"uv": [13, 8, 12, 9], "texture": "#missing"}
			}
		},
		{
			"name": "right_arm",
			"from": [10, 5.5, 7],
			"to": [12, 11.5, 9],
			"rotation": {"angle": 0, "axis": "y", "origin": [10.5, 10.5, 8]},
			"faces": {
				"north": {"uv": [11, 5, 12, 8], "texture": "#missing"},
				"east": {"uv": [10, 5, 11, 8], "texture": "#missing"},
				"south": {"uv": [13, 5, 14, 8], "texture": "#missing"},
				"west": {"uv": [12, 5, 13, 8], "texture": "#missing"},
				"up": {"uv": [12, 5, 11, 4], "texture": "#missing"},
				"down": {"uv": [13, 4, 12, 5], "texture": "#missing"}
			}
		},
		{
			"name": "left_sleeve",
			"from": [3.875, 5.375, 6.875],
			"to": [6.125, 11.625, 9.125],
			"rotation": {"angle": 0, "axis": "x", "origin": [5.5, 10.5, 8]},
			"faces": {
				"north": {"uv": [13, 13, 14, 16], "texture": "#missing"},
				"east": {"uv": [12, 13, 13, 16], "texture": "#missing"},
				"south": {"uv": [15, 13, 16, 16], "texture": "#missing"},
				"west": {"uv": [14, 13, 15, 16], "texture": "#missing"},
				"up": {"uv": [14, 13, 13, 12], "texture": "#missing"},
				"down": {"uv": [15, 12, 14, 13], "texture": "#missing"}
			}
		},
		{
			"name": "left_arm",
			"from": [4, 5.5, 7],
			"to": [6, 11.5, 9],
			"rotation": {"angle": 0, "axis": "y", "origin": [5.5, 10.5, 8]},
			"faces": {
				"north": {"uv": [9, 13, 10, 16], "texture": "#missing"},
				"east": {"uv": [8, 13, 9, 16], "texture": "#missing"},
				"south": {"uv": [11, 13, 12, 16], "texture": "#missing"},
				"west": {"uv": [10, 13, 11, 16], "texture": "#missing"},
				"up": {"uv": [10, 13, 9, 12], "texture": "#missing"},
				"down": {"uv": [11, 12, 10, 13], "texture": "#missing"}
			}
		},
		{
			"name": "body",
			"from": [6, 5.5, 7],
			"to": [10, 11.5, 9],
			"rotation": {"angle": 0, "axis": "y", "origin": [8, 11.5, 8]},
			"faces": {
				"north": {"uv": [5, 5, 7, 8], "texture": "#missing"},
				"east": {"uv": [4, 5, 5, 8], "texture": "#missing"},
				"south": {"uv": [8, 5, 10, 8], "texture": "#missing"},
				"west": {"uv": [7, 5, 8, 8], "texture": "#missing"},
				"up": {"uv": [7, 5, 5, 4], "texture": "#missing"},
				"down": {"uv": [9, 4, 7, 5], "texture": "#missing"}
			}
		},
		{
			"name": "jacket",
			"from": [5.875, 5.375, 6.875],
			"to": [10.125, 11.625, 9.125],
			"rotation": {"angle": 0, "axis": "y", "origin": [8, 11.5, 8]},
			"faces": {
				"north": {"uv": [5, 9, 7, 12], "texture": "#missing"},
				"east": {"uv": [4, 9, 5, 12], "texture": "#missing"},
				"south": {"uv": [8, 9, 10, 12], "texture": "#missing"},
				"west": {"uv": [7, 9, 8, 12], "texture": "#missing"},
				"up": {"uv": [7, 9, 5, 8], "texture": "#missing"},
				"down": {"uv": [9, 8, 7, 9], "texture": "#missing"}
			}
		},
		{
			"name": "headwear",
			"from": [5.875, 11.375, 5.875],
			"to": [10.125, 15.625, 10.125],
			"rotation": {"angle": 0, "axis": "x", "origin": [8, 11.75, 8]},
			"faces": {
				"north": {"uv": [10, 2, 12, 4], "texture": "#missing"},
				"east": {"uv": [8, 2, 10, 4], "texture": "#missing"},
				"south": {"uv": [14, 2, 16, 4], "texture": "#missing"},
				"west": {"uv": [12, 2, 14, 4], "texture": "#missing"},
				"up": {"uv": [12, 2, 10, 0], "texture": "#missing"},
				"down": {"uv": [14, 0, 12, 2], "texture": "#missing"}
			}
		},
		{
			"name": "head",
			"from": [6, 11.5, 6],
			"to": [10, 15.5, 10],
			"rotation": {"angle": 0, "axis": "x", "origin": [8, 11.75, 8]},
			"faces": {
				"north": {"uv": [2, 2, 4, 4], "texture": "#missing"},
				"east": {"uv": [0, 2, 2, 4], "texture": "#missing"},
				"south": {"uv": [6, 2, 8, 4], "texture": "#missing"},
				"west": {"uv": [4, 2, 6, 4], "texture": "#missing"},
				"up": {"uv": [4, 2, 2, 0], "texture": "#missing"},
				"down": {"uv": [6, 0, 4, 2], "texture": "#missing"}
			}
		}
	],
	"groups": [
		{
			"name": "bone",
			"origin": [0, 0, 0],
			"color": 0,
			"children": [
				{
					"name": "right_leg",
					"origin": [2, 12, 0],
					"color": 0,
					"children": [0, 1]
				},
				{
					"name": "left_leg",
					"origin": [-2, 12, 0],
					"color": 0,
					"children": [2, 3]
				},
				{
					"name": "right_arm",
					"origin": [5, 22, 0],
					"color": 0,
					"children": [4, 5]
				},
				{
					"name": "left_arm",
					"origin": [-5, 22, 0],
					"color": 0,
					"children": [6, 7]
				},
				{
					"name": "body",
					"origin": [0, 24, 0],
					"color": 0,
					"children": [8, 9]
				},
				{
					"name": "head",
					"origin": [0, 24, 0],
					"color": 0,
					"children": [10, 11]
				}
			]
		}
	]
}