{
	"credit": "Made with Blockbench",
	"texture_size": [32, 32],
	"textures": {
		"1": "item/skybox/black_hole",
		"2": "item/skybox/stars/stars",
		"5": "item/skybox/black_hole_dark"
	},
	"elements": [
		{
			"from": [6.5, 2.25, 5],
			"to": [9.5, 19.25, 5],
			"rotation": {"angle": 0, "axis": "y", "origin": [7.75, -6, 12.5]},
			"faces": {
				"south": {"uv": [6.66667, 0, 9.33333, 16], "texture": "#1", "tintindex": 1}
			}
		},
		{
			"from": [3.7795, 2.2295, 7.7195],
			"to": [3.8205, 19.2705, 10.2605],
			"rotation": {"angle": 0, "axis": "y", "origin": [8.25, -6, 12.5]},
			"faces": {
				"east": {"uv": [0.66667, 0, 2.33333, 16], "texture": "#1", "tintindex": 1}
			}
		},
		{
			"from": [2.285, 2.235, 8.255],
			"to": [2.315, 19.265, 9.785],
			"rotation": {"angle": -22.5, "axis": "y", "origin": [8.25, -6, 12.5]},
			"faces": {
				"east": {"uv": [2, 0, 3.66667, 16], "texture": "#1", "tintindex": 1}
			}
		},
		{
			"from": [7.995, 2.245, 4.895],
			"to": [9.505, 19.255, 4.905],
			"rotation": {"angle": 22.5, "axis": "y", "origin": [8.25, -6, 12.5]},
			"faces": {
				"south": {"uv": [5, 0, 6.66667, 16], "texture": "#1", "tintindex": 1}
			}
		},
		{
			"from": [9.8975, 2.2375, 5.3675],
			"to": [10.9225, 19.2625, 5.3925],
			"rotation": {"angle": 45, "axis": "y", "origin": [8.25, -6, 12.5]},
			"faces": {
				"south": {"uv": [3.66667, 0, 5, 16], "texture": "#1", "tintindex": 1}
			}
		},
		{
			"from": [6.495, 2.245, 4.895],
			"to": [8.005, 19.255, 4.905],
			"rotation": {"angle": -22.5, "axis": "y", "origin": [7.75, -6, 12.5]},
			"faces": {
				"south": {"uv": [9.33333, 0, 11, 16], "texture": "#1", "tintindex": 1}
			}
		},
		{
			"from": [5.0775, 2.2375, 5.3675],
			"to": [6.1025, 19.2625, 5.3925],
			"rotation": {"angle": -45, "axis": "y", "origin": [7.75, -6, 12.5]},
			"faces": {
				"south": {"uv": [11, 0, 12.33333, 16], "texture": "#1", "tintindex": 1}
			}
		},
		{
			"from": [13.685, 2.235, 8.255],
			"to": [13.715, 19.265, 9.785],
			"rotation": {"angle": 22.5, "axis": "y", "origin": [7.75, -6, 12.5]},
			"faces": {
				"west": {"uv": [12.33333, 0, 14, 16], "texture": "#1", "tintindex": 1}
			}
		},
		{
			"from": [12.1795, 2.2295, 7.7195],
			"to": [12.2205, 19.2705, 10.2605],
			"rotation": {"angle": 0, "axis": "y", "origin": [7.75, -6, 12.5]},
			"faces": {
				"west": {"uv": [14, 0, 15.66667, 16], "texture": "#1", "tintindex": 1}
			}
		},
		{
			"from": [6.5, 6.4, 5.25],
			"to": [9.5, 9.4, 5.25],
			"rotation": {"angle": 0, "axis": "y", "origin": [7.75, -6, 12.5]},
			"faces": {
				"south": {"uv": [0, 0, 16, 16], "texture": "#5", "tintindex": 2}
			}
		},
		{
			"from": [16, 16, 16],
			"to": [0, 2, 0],
			"rotation": {"angle": 0, "axis": "y", "origin": [0, -6, 0]},
			"faces": {
				"north": {"uv": [0, 0, 16, 16], "rotation": 180, "texture": "#2", "tintindex": 0},
				"east": {"uv": [0, 0, 16, 16], "rotation": 180, "texture": "#2", "tintindex": 0},
				"south": {"uv": [0, 0, 16, 16], "rotation": 180, "texture": "#2", "tintindex": 0},
				"west": {"uv": [0, 0, 16, 16], "rotation": 180, "texture": "#2", "tintindex": 0},
				"up": {"uv": [0, 0, 16, 16], "rotation": 180, "texture": "#2", "tintindex": 0},
				"down": {"uv": [0, 0, 16, 16], "rotation": 180, "texture": "#2", "tintindex": 0}
			}
		}
	],
	"groups": [
		{
			"name": "group",
			"origin": [7.75, -6, 13],
			"color": 0,
			"children": [0, 1, 2, 3, 4, 5, 6, 7, 8, 9]
		},
		10
	]
}