{
	"credit": "Made with Blockbench",
	"texture_size": [8, 8],
	"textures": {
		"0": "item/skybox/below_solid",
		"1": "item/skybox/black_hole",
		"2": "item/skybox/stars/stars_atmosphere",
		"3": "item/skybox/sun",
		"4": "item/skybox/overlay"
	},
	"elements": [
		{
			"from": [-8, 8.0001, -8],
			"to": [24, 8.0001, 24],
			"rotation": {"angle": 22.5, "axis": "y", "origin": [8, 11.5, 8]},
			"faces": {
				"up": {"uv": [0, 0, 16, 16], "texture": "#4", "tintindex": 2}
			}
		},
		{
			"from": [0, 8, 0],
			"to": [16, 8, 16],
			"rotation": {"angle": 22.5, "axis": "y", "origin": [8, 11.5, 8]},
			"faces": {
				"up": {"uv": [0, 0, 8, 8], "texture": "#0", "tintindex": 1}
			}
		},
		{
			"from": [3.25, 4.75, -3.5],
			"to": [12.25, 13.75, -3.5],
			"rotation": {"angle": 22.5, "axis": "x", "origin": [8, 0, 8]},
			"faces": {
				"east": {"uv": [0, 0, 0, 8], "texture": "#1", "tintindex": 0},
				"south": {"uv": [0, 0, 16, 16], "texture": "#1", "tintindex": 3},
				"west": {"uv": [0, 0, 0, 8], "texture": "#1", "tintindex": 0},
				"up": {"uv": [16, 0, 0, 0], "texture": "#1", "tintindex": 0},
				"down": {"uv": [16, 0, 0, 0], "texture": "#1", "tintindex": 0}
			}
		},
		{
			"from": [16, 22, 16],
			"to": [0, 8, 0],
			"rotation": {"angle": 22.5, "axis": "y", "origin": [8, 11.5, 8]},
			"faces": {
				"north": {"uv": [0, 0, 16, 16], "rotation": 180, "texture": "#2", "tintindex": 0},
				"east": {"uv": [0, 0, 16, 16], "rotation": 180, "texture": "#2", "tintindex": 0},
				"south": {"uv": [0, 0, 16, 16], "rotation": 180, "texture": "#2", "tintindex": 0},
				"west": {"uv": [0, 0, 16, 16], "rotation": 180, "texture": "#2", "tintindex": 0},
				"down": {"uv": [0, 0, 16, 12], "rotation": 180, "texture": "#2", "tintindex": 0}
			}
		},
		{
			"from": [4, 18.25, 4],
			"to": [12, 18.25, 12],
			"faces": {
				"north": {"uv": [0, 0, 16, 16], "texture": "#3", "tintindex": 0},
				"east": {"uv": [0, 0, 16, 16], "texture": "#3", "tintindex": 0},
				"south": {"uv": [0, 0, 16, 16], "texture": "#3", "tintindex": 0},
				"west": {"uv": [0, 0, 16, 16], "texture": "#3", "tintindex": 0},
				"down": {"uv": [0, 0, 16, 16], "texture": "#3", "tintindex": 2}
			}
		}
	]
}