{
	"credit": "Made with Blockbench",
	"texture_size": [8, 8],
	"textures": {
		"0": "item/skybox/secret",
		"2": "item/skybox/stars/stars_atmosphere",
		"4": "item/skybox/overlay",
		"6": "item/skybox/meridia",
		"7": "item/skybox/meridia_2",
		"8": "item/skybox/meridia_3",
		"9": "item/skybox/meridia_4"
	},
	"elements": [
		{
			"from": [-8, 8.0001, -8],
			"to": [24, 8.0001, 24],
			"rotation": {"angle": 0, "axis": "y", "origin": [0, 8, 0]},
			"faces": {
				"up": {"uv": [0, 0, 16, 16], "texture": "#4", "tintindex": 2}
			}
		},
		{
			"from": [0, 8, 0],
			"to": [16, 8, 16],
			"rotation": {"angle": 0, "axis": "y", "origin": [0, 8, 0]},
			"faces": {
				"up": {"uv": [0, 0, 8, 8], "texture": "#0", "tintindex": 1}
			}
		},
		{
			"from": [16, 22, 16],
			"to": [0, 8, 0],
			"faces": {
				"north": {"uv": [0, 0, 16, 16], "rotation": 180, "texture": "#2", "tintindex": 0},
				"east": {"uv": [0, 0, 16, 16], "rotation": 180, "texture": "#2", "tintindex": 0},
				"south": {"uv": [0, 0, 16, 16], "rotation": 180, "texture": "#2", "tintindex": 0},
				"west": {"uv": [0, 0, 16, 16], "rotation": 180, "texture": "#2", "tintindex": 0},
				"down": {"uv": [0, 0, 16, 12], "rotation": 180, "texture": "#2", "tintindex": 0}
			}
		},
		{
			"name": "meridia",
			"from": [4, 13, 4],
			"to": [12, 13, 12],
			"rotation": {"angle": 0, "axis": "y", "origin": [7, 2, 7]},
			"faces": {
				"down": {"uv": [0, 0, 16, 16], "texture": "#6", "tintindex": 5}
			}
		},
		{
			"name": "ring_inner",
			"from": [1.5, 13, 1.5],
			"to": [14.5, 13, 14.5],
			"rotation": {"angle": 0, "axis": "y", "origin": [7, 2, 7]},
			"faces": {
				"down": {"uv": [0, 0, 16, 16], "texture": "#7", "tintindex": 6}
			}
		},
		{
			"name": "ring_outer",
			"from": [-2.5, 13, -2.5],
			"to": [18.5, 13, 18.5],
			"rotation": {"angle": 0, "axis": "y", "origin": [7, 2, 7]},
			"faces": {
				"down": {"uv": [0, 0, 16, 16], "texture": "#9", "tintindex": 7}
			}
		},
		{
			"name": "fog",
			"from": [-3, 13, -3],
			"to": [19, 13, 19],
			"rotation": {"angle": 0, "axis": "y", "origin": [7, 2, 7]},
			"faces": {
				"down": {"uv": [0, 0, 16, 16], "texture": "#8", "tintindex": 1}
			}
		}
	],
	"groups": [
		0,
		1,
		2,
		{
			"name": "group",
			"origin": [7, 14, 7],
			"color": 0,
			"children": [3, 4, 5, 6]
		}
	]
}