{
	"credit": "Made with Blockbench",
	"texture_size": [32, 32],
	"textures": {
		"1": "item/skybox/meridia",
		"2": "item/skybox/stars/stars",
		"3": "item/skybox/meridia_2",
		"4": "item/skybox/meridia_4",
		"5": "item/skybox/meridia_3"
	},
	"elements": [
		{
			"from": [16, 16, 16],
			"to": [0, 2, 0],
			"rotation": {"angle": 0, "axis": "y", "origin": [0, -6, 0]},
			"faces": {
				"north": {"uv": [0, 0, 16, 16], "rotation": 180, "texture": "#2", "tintindex": 0},
				"east": {"uv": [0, 0, 16, 16], "rotation": 180, "texture": "#2", "tintindex": 0},
				"south": {"uv": [0, 0, 16, 16], "rotation": 180, "texture": "#2", "tintindex": 0},
				"west": {"uv": [0, 0, 16, 16], "rotation": 180, "texture": "#2", "tintindex": 0},
				"up": {"uv": [0, 0, 16, 16], "rotation": 180, "texture": "#2", "tintindex": 0},
				"down": {"uv": [0, 0, 16, 16], "rotation": 180, "texture": "#2", "tintindex": 0}
			}
		},
		{
			"name": "meridia",
			"from": [4, 4, 4],
			"to": [12, 4, 12],
			"rotation": {"angle": 0, "axis": "y", "origin": [7, 2, 7]},
			"faces": {
				"up": {"uv": [0, 0, 16, 16], "texture": "#1", "tintindex": 5}
			}
		},
		{
			"name": "ring_inner",
			"from": [1.5, 4, 1.5],
			"to": [14.5, 4, 14.5],
			"rotation": {"angle": 0, "axis": "y", "origin": [7, 2, 7]},
			"faces": {
				"up": {"uv": [0, 0, 16, 16], "texture": "#3", "tintindex": 6}
			}
		},
		{
			"name": "ring_outer",
			"from": [-2.5, 4, -2.5],
			"to": [18.5, 4, 18.5],
			"rotation": {"angle": 0, "axis": "y", "origin": [7, 2, 7]},
			"faces": {
				"up": {"uv": [0, 0, 16, 16], "texture": "#4", "tintindex": 7}
			}
		},
		{
			"name": "fog",
			"from": [-3, 4, -3],
			"to": [19, 4, 19],
			"rotation": {"angle": 0, "axis": "y", "origin": [7, 2, 7]},
			"faces": {
				"up": {"uv": [0, 0, 16, 16], "texture": "#5", "tintindex": 1}
			}
		}
	]
}