{
	"credit": "Made with Blockbench",
	"texture_size": [8, 8],
	"textures": {
		"5": "item/skybox/ring_inner",
		"6": "item/skybox/ring",
		"7": "item/skybox/ring_outer",
		"8": "item/skybox/ring_edge"
	},
	"elements": [
		{
			"from": [10, -0.75, -2.75],
			"to": [10, 20.75, 18.75],
			"rotation": {"angle": 22.5, "axis": "z", "origin": [10, -1, 0]},
			"faces": {
				"north": {"uv": [0, 0, 0, 16], "texture": "#5", "tintindex": 0 },
				"east": {"uv": [0, 0, 16, 16], "texture": "#5", "tintindex": 0 },
				"south": {"uv": [0, 0, 0, 16], "texture": "#5", "tintindex": 0 },
				"west": {"uv": [0, 0, 16, 16], "texture": "#5", "tintindex": 0 },
				"up": {"uv": [0, 0, 0, 16], "texture": "#5", "tintindex": 0 },
				"down": {"uv": [0, 0, 0, 16], "texture": "#5", "tintindex": 0 }
			}
		},
		{
			"from": [10, -3.5, -5.5],
			"to": [10, 23.5, 21.5],
			"rotation": {"angle": 22.5, "axis": "z", "origin": [10, -1, 0]},
			"faces": {
				"north": {"uv": [0, 0, 0, 16], "texture": "#6", "tintindex": 0 },
				"east": {"uv": [0, 0, 16, 16], "texture": "#6", "tintindex": 0 },
				"south": {"uv": [0, 0, 0, 16], "texture": "#6", "tintindex": 0 },
				"west": {"uv": [0, 0, 16, 16], "texture": "#6", "tintindex": 0 },
				"up": {"uv": [0, 0, 0, 16], "texture": "#6", "tintindex": 0 },
				"down": {"uv": [0, 0, 0, 16], "texture": "#6", "tintindex": 0 }
			}
		},
		{
			"from": [10, -6.5, -8.75],
			"to": [10, 26.5, 24.75],
			"rotation": {"angle": 22.5, "axis": "z", "origin": [10, -1, 0]},
			"faces": {
				"north": {"uv": [0, 0, 0, 16], "texture": "#7", "tintindex": 0 },
				"east": {"uv": [0, 0, 16, 16], "texture": "#7", "tintindex": 0 },
				"south": {"uv": [0, 0, 0, 16], "texture": "#7", "tintindex": 0 },
				"west": {"uv": [0, 0, 16, 16], "texture": "#7", "tintindex": 0 },
				"up": {"uv": [0, 0, 0, 16], "texture": "#7", "tintindex": 0 },
				"down": {"uv": [0, 0, 0, 16], "texture": "#7", "tintindex": 0 }
			}
		},
		{
			"from": [10, 1.25, -0.75],
			"to": [10, 18.75, 16.75],
			"rotation": {"angle": 22.5, "axis": "z", "origin": [10, -1, 0]},
			"faces": {
				"north": {"uv": [0, 0, 0, 16], "texture": "#7", "tintindex": 0 },
				"east": {"uv": [0, 0, 16, 16], "texture": "#7", "tintindex": 0 },
				"south": {"uv": [0, 0, 0, 16], "texture": "#7", "tintindex": 0 },
				"west": {"uv": [0, 0, 16, 16], "texture": "#7", "tintindex": 0 },
				"up": {"uv": [0, 0, 0, 16], "texture": "#7", "tintindex": 0 },
				"down": {"uv": [0, 0, 0, 16], "texture": "#7", "tintindex": 0 }
			}
		},
		{
			"from": [10, -12.5, -15],
			"to": [10, 32, 31],
			"rotation": {"angle": 22.5, "axis": "z", "origin": [10, -1, 0]},
			"faces": {
				"north": {"uv": [0, 0, 0, 16], "texture": "#8", "tintindex": 0 },
				"east": {"uv": [0, 0, 16, 16], "texture": "#8", "tintindex": 0 },
				"south": {"uv": [0, 0, 0, 16], "texture": "#8", "tintindex": 0 },
				"west": {"uv": [0, 0, 16, 16], "texture": "#8", "tintindex": 0 },
				"up": {"uv": [0, 0, 0, 16], "texture": "#8", "tintindex": 0 },
				"down": {"uv": [0, 0, 0, 16], "texture": "#8", "tintindex": 0 }
			}
		}
	],
	"groups": [
		{
			"name": "group",
			"origin": [10, -1, 0],
			"color": 0,
			"children": [0, 1, 2, 3, 4]
		}
	]
}