{
	"credit": "Made with Blockbench",
	"texture_size": [8, 8],
	"textures": {
		"0": "item/skybox/oshaune",
		"2": "item/skybox/stars/stars_atmosphere",
		"3": "item/skybox/sun",
		"4": "item/skybox/overlay",
		"5": "item/skybox/capricorn"
	},
	"elements": [
		{
			"from": [-8, 8.0001, -8],
			"to": [24, 8.0001, 24],
			"rotation": {"angle": 0, "axis": "y", "origin": [0, 8, 0]},
			"faces": {
				"north": {"uv": [0, 0, 16, 0], "texture": "#4", "tintindex": 0 },
				"east": {"uv": [0, 0, 16, 0], "texture": "#4", "tintindex": 0 },
				"south": {"uv": [0, 0, 16, 0], "texture": "#4", "tintindex": 0 },
				"west": {"uv": [0, 0, 16, 0], "texture": "#4", "tintindex": 0 },
				"up": {"uv": [0, 0, 16, 16], "texture": "#4", "tintindex": 0 }
			}
		},
		{
			"from": [0, 8, 0],
			"to": [16, 8, 16],
			"rotation": {"angle": 0, "axis": "y", "origin": [0, 8, 0]},
			"faces": {
				"north": {"uv": [0, 0, 16, 0], "texture": "#0", "tintindex": 0 },
				"east": {"uv": [0, 0, 16, 0], "texture": "#0", "tintindex": 0 },
				"south": {"uv": [0, 0, 16, 0], "texture": "#0", "tintindex": 0 },
				"west": {"uv": [0, 0, 16, 0], "texture": "#0", "tintindex": 0 },
				"up": {"uv": [0, 0, 8, 8], "texture": "#0", "tintindex": 0 }
			}
		},
		{
			"from": [16, 22, 16],
			"to": [0, 8, 0],
			"faces": {
				"north": {"uv": [0, 0, 16, 16], "rotation": 180, "texture": "#2", "tintindex": 0 },
				"east": {"uv": [0, 0, 16, 16], "rotation": 180, "texture": "#2", "tintindex": 0 },
				"south": {"uv": [0, 0, 16, 16], "rotation": 180, "texture": "#2", "tintindex": 0 },
				"west": {"uv": [0, 0, 16, 16], "rotation": 180, "texture": "#2", "tintindex": 0 },
				"down": {"uv": [0, 0, 16, 12], "rotation": 180, "texture": "#2", "tintindex": 0 }
			}
		},
		{
			"from": [4, 18.25, 4],
			"to": [12, 18.25, 12],
			"faces": {
				"north": {"uv": [0, 0, 16, 16], "texture": "#3", "tintindex": 0 },
				"east": {"uv": [0, 0, 16, 16], "texture": "#3", "tintindex": 0 },
				"south": {"uv": [0, 0, 16, 16], "texture": "#3", "tintindex": 0 },
				"west": {"uv": [0, 0, 16, 16], "texture": "#3", "tintindex": 0 },
				"down": {"uv": [0, 0, 16, 16], "texture": "#3", "tintindex": 0 }
			}
		},
		{
			"from": [9, 18.2, 1],
			"to": [11, 18.2, 3],
			"rotation": {"angle": 0, "axis": "y", "origin": [2, -2.8, -6]},
			"faces": {
				"north": {"uv": [0, 0, 4, 0], "texture": "#5", "tintindex": 0 },
				"east": {"uv": [0, 0, 4, 0], "texture": "#5", "tintindex": 0 },
				"south": {"uv": [0, 0, 4, 0], "texture": "#5", "tintindex": 0 },
				"west": {"uv": [0, 0, 4, 0], "texture": "#5", "tintindex": 0 },
				"down": {"uv": [0, 0, 16, 16], "texture": "#5", "tintindex": 0 }
			}
		},
		{
			"from": [-5, 16.2, 7],
			"to": [-3, 16.2, 9],
			"rotation": {"angle": 0, "axis": "y", "origin": [-12, -4.8, 0]},
			"faces": {
				"north": {"uv": [0, 0, 4, 0], "texture": "#5", "tintindex": 0 },
				"east": {"uv": [0, 0, 4, 0], "texture": "#5", "tintindex": 0 },
				"south": {"uv": [0, 0, 4, 0], "texture": "#5", "tintindex": 0 },
				"west": {"uv": [0, 0, 4, 0], "texture": "#5", "tintindex": 0 },
				"down": {"uv": [0, 0, 16, 16], "texture": "#5", "tintindex": 0 }
			}
		},
		{
			"from": [15, 20.2, 16],
			"to": [17, 20.2, 18],
			"rotation": {"angle": 0, "axis": "y", "origin": [8, -0.8, 9]},
			"faces": {
				"north": {"uv": [0, 0, 4, 0], "texture": "#5", "tintindex": 0 },
				"east": {"uv": [0, 0, 4, 0], "texture": "#5", "tintindex": 0 },
				"south": {"uv": [0, 0, 4, 0], "texture": "#5", "tintindex": 0 },
				"west": {"uv": [0, 0, 4, 0], "texture": "#5", "tintindex": 0 },
				"down": {"uv": [0, 0, 16, 16], "texture": "#5", "tintindex": 0 }
			}
		},
		{
			"from": [20, 22.2, 10],
			"to": [22, 22.2, 12],
			"rotation": {"angle": 0, "axis": "y", "origin": [13, 1.2, 3]},
			"faces": {
				"north": {"uv": [0, 0, 4, 0], "texture": "#5", "tintindex": 0 },
				"east": {"uv": [0, 0, 4, 0], "texture": "#5", "tintindex": 0 },
				"south": {"uv": [0, 0, 4, 0], "texture": "#5", "tintindex": 0 },
				"west": {"uv": [0, 0, 4, 0], "texture": "#5", "tintindex": 0 },
				"down": {"uv": [0, 0, 16, 16], "texture": "#5", "tintindex": 0 }
			}
		},
		{
			"from": [-16, 22.2, 3],
			"to": [-14, 22.2, 5],
			"rotation": {"angle": 0, "axis": "y", "origin": [-23, 1.2, -4]},
			"faces": {
				"north": {"uv": [0, 0, 4, 0], "texture": "#5", "tintindex": 0 },
				"east": {"uv": [0, 0, 4, 0], "texture": "#5", "tintindex": 0 },
				"south": {"uv": [0, 0, 4, 0], "texture": "#5", "tintindex": 0 },
				"west": {"uv": [0, 0, 4, 0], "texture": "#5", "tintindex": 0 },
				"down": {"uv": [0, 0, 16, 16], "texture": "#5", "tintindex": 0 }
			}
		},
		{
			"from": [-2, 22.2, -10],
			"to": [0, 22.2, -8],
			"rotation": {"angle": 0, "axis": "y", "origin": [-9, 1.2, -17]},
			"faces": {
				"north": {"uv": [0, 0, 4, 0], "texture": "#5", "tintindex": 0 },
				"east": {"uv": [0, 0, 4, 0], "texture": "#5", "tintindex": 0 },
				"south": {"uv": [0, 0, 4, 0], "texture": "#5", "tintindex": 0 },
				"west": {"uv": [0, 0, 4, 0], "texture": "#5", "tintindex": 0 },
				"down": {"uv": [0, 0, 16, 16], "texture": "#5", "tintindex": 0 }
			}
		},
		{
			"from": [26, 27.2, -8],
			"to": [28, 27.2, -6],
			"rotation": {"angle": 0, "axis": "y", "origin": [19, 6.2, -15]},
			"faces": {
				"north": {"uv": [0, 0, 4, 0], "texture": "#5", "tintindex": 0 },
				"east": {"uv": [0, 0, 4, 0], "texture": "#5", "tintindex": 0 },
				"south": {"uv": [0, 0, 4, 0], "texture": "#5", "tintindex": 0 },
				"west": {"uv": [0, 0, 4, 0], "texture": "#5", "tintindex": 0 },
				"down": {"uv": [0, 0, 16, 16], "texture": "#5", "tintindex": 0 }
			}
		},
		{
			"from": [18, 27.2, -3],
			"to": [20, 27.2, -1],
			"rotation": {"angle": 0, "axis": "y", "origin": [11, 6.2, -10]},
			"faces": {
				"north": {"uv": [0, 0, 4, 0], "texture": "#5", "tintindex": 0 },
				"east": {"uv": [0, 0, 4, 0], "texture": "#5", "tintindex": 0 },
				"south": {"uv": [0, 0, 4, 0], "texture": "#5", "tintindex": 0 },
				"west": {"uv": [0, 0, 4, 0], "texture": "#5", "tintindex": 0 },
				"down": {"uv": [0, 0, 16, 16], "texture": "#5", "tintindex": 0 }
			}
		},
		{
			"from": [-12, 27.2, 26],
			"to": [-10, 27.2, 28],
			"rotation": {"angle": 0, "axis": "y", "origin": [-19, 6.2, 19]},
			"faces": {
				"north": {"uv": [0, 0, 4, 0], "texture": "#5", "tintindex": 0 },
				"east": {"uv": [0, 0, 4, 0], "texture": "#5", "tintindex": 0 },
				"south": {"uv": [0, 0, 4, 0], "texture": "#5", "tintindex": 0 },
				"west": {"uv": [0, 0, 4, 0], "texture": "#5", "tintindex": 0 },
				"down": {"uv": [0, 0, 16, 16], "texture": "#5", "tintindex": 0 }
			}
		},
		{
			"from": [-2, 27.2, 18],
			"to": [0, 27.2, 20],
			"rotation": {"angle": 0, "axis": "y", "origin": [-9, 6.2, 11]},
			"faces": {
				"north": {"uv": [0, 0, 4, 0], "texture": "#5", "tintindex": 0 },
				"east": {"uv": [0, 0, 4, 0], "texture": "#5", "tintindex": 0 },
				"south": {"uv": [0, 0, 4, 0], "texture": "#5", "tintindex": 0 },
				"west": {"uv": [0, 0, 4, 0], "texture": "#5", "tintindex": 0 },
				"down": {"uv": [0, 0, 16, 16], "texture": "#5", "tintindex": 0 }
			}
		},
		{
			"from": [2, 17.2, 3],
			"to": [4, 17.2, 5],
			"rotation": {"angle": 0, "axis": "y", "origin": [-5, -3.8, -4]},
			"faces": {
				"north": {"uv": [0, 0, 4, 0], "texture": "#5", "tintindex": 0 },
				"east": {"uv": [0, 0, 4, 0], "texture": "#5", "tintindex": 0 },
				"south": {"uv": [0, 0, 4, 0], "texture": "#5", "tintindex": 0 },
				"west": {"uv": [0, 0, 4, 0], "texture": "#5", "tintindex": 0 },
				"down": {"uv": [0, 0, 16, 16], "texture": "#5", "tintindex": 0 }
			}
		},
		{
			"from": [7, 20.2, 14],
			"to": [9, 20.2, 16],
			"rotation": {"angle": 0, "axis": "y", "origin": [0, -0.8, 7]},
			"faces": {
				"north": {"uv": [0, 0, 4, 0], "texture": "#5", "tintindex": 0 },
				"east": {"uv": [0, 0, 4, 0], "texture": "#5", "tintindex": 0 },
				"south": {"uv": [0, 0, 4, 0], "texture": "#5", "tintindex": 0 },
				"west": {"uv": [0, 0, 4, 0], "texture": "#5", "tintindex": 0 },
				"down": {"uv": [0, 0, 16, 16], "texture": "#5", "tintindex": 0 }
			}
		},
		{
			"from": [12, 16.2, 12],
			"to": [14, 16.2, 14],
			"rotation": {"angle": 0, "axis": "y", "origin": [5, -4.8, 5]},
			"faces": {
				"north": {"uv": [0, 0, 4, 0], "texture": "#5", "tintindex": 0 },
				"east": {"uv": [0, 0, 4, 0], "texture": "#5", "tintindex": 0 },
				"south": {"uv": [0, 0, 4, 0], "texture": "#5", "tintindex": 0 },
				"west": {"uv": [0, 0, 4, 0], "texture": "#5", "tintindex": 0 },
				"down": {"uv": [0, 0, 16, 16], "texture": "#5", "tintindex": 0 }
			}
		},
		{
			"from": [12, 19.2, 2],
			"to": [14, 19.2, 4],
			"rotation": {"angle": 0, "axis": "y", "origin": [5, -1.8, -5]},
			"faces": {
				"north": {"uv": [0, 0, 4, 0], "texture": "#5", "tintindex": 0 },
				"east": {"uv": [0, 0, 4, 0], "texture": "#5", "tintindex": 0 },
				"south": {"uv": [0, 0, 4, 0], "texture": "#5", "tintindex": 0 },
				"west": {"uv": [0, 0, 4, 0], "texture": "#5", "tintindex": 0 },
				"down": {"uv": [0, 0, 16, 16], "texture": "#5", "tintindex": 0 }
			}
		},
		{
			"from": [1, 18.2, 7],
			"to": [3, 18.2, 9],
			"rotation": {"angle": 0, "axis": "y", "origin": [-6, -2.8, 0]},
			"faces": {
				"north": {"uv": [0, 0, 4, 0], "texture": "#5", "tintindex": 0 },
				"east": {"uv": [0, 0, 4, 0], "texture": "#5", "tintindex": 0 },
				"south": {"uv": [0, 0, 4, 0], "texture": "#5", "tintindex": 0 },
				"west": {"uv": [0, 0, 4, 0], "texture": "#5", "tintindex": 0 },
				"down": {"uv": [0, 0, 16, 16], "texture": "#5", "tintindex": 0 }
			}
		},
		{
			"from": [4, 21.2, 18],
			"to": [6, 21.2, 20],
			"rotation": {"angle": 0, "axis": "y", "origin": [-3, 0.2, 11]},
			"faces": {
				"north": {"uv": [0, 0, 4, 0], "texture": "#5", "tintindex": 0 },
				"east": {"uv": [0, 0, 4, 0], "texture": "#5", "tintindex": 0 },
				"south": {"uv": [0, 0, 4, 0], "texture": "#5", "tintindex": 0 },
				"west": {"uv": [0, 0, 4, 0], "texture": "#5", "tintindex": 0 },
				"down": {"uv": [0, 0, 16, 16], "texture": "#5", "tintindex": 0 }
			}
		},
		{
			"from": [4, 17.2, 20],
			"to": [6, 17.2, 22],
			"rotation": {"angle": 0, "axis": "y", "origin": [-3, -3.8, 13]},
			"faces": {
				"north": {"uv": [0, 0, 4, 0], "texture": "#5", "tintindex": 0 },
				"east": {"uv": [0, 0, 4, 0], "texture": "#5", "tintindex": 0 },
				"south": {"uv": [0, 0, 4, 0], "texture": "#5", "tintindex": 0 },
				"west": {"uv": [0, 0, 4, 0], "texture": "#5", "tintindex": 0 },
				"down": {"uv": [0, 0, 16, 16], "texture": "#5", "tintindex": 0 }
			}
		},
		{
			"from": [13, 21.2, 20],
			"to": [15, 21.2, 22],
			"rotation": {"angle": 0, "axis": "y", "origin": [6, 0.2, 13]},
			"faces": {
				"north": {"uv": [0, 0, 4, 0], "texture": "#5", "tintindex": 0 },
				"east": {"uv": [0, 0, 4, 0], "texture": "#5", "tintindex": 0 },
				"south": {"uv": [0, 0, 4, 0], "texture": "#5", "tintindex": 0 },
				"west": {"uv": [0, 0, 4, 0], "texture": "#5", "tintindex": 0 },
				"down": {"uv": [0, 0, 16, 16], "texture": "#5", "tintindex": 0 }
			}
		},
		{
			"from": [-2, 17.2, 11],
			"to": [0, 17.2, 13],
			"rotation": {"angle": 0, "axis": "y", "origin": [-9, -3.8, 4]},
			"faces": {
				"north": {"uv": [0, 0, 4, 0], "texture": "#5", "tintindex": 0 },
				"east": {"uv": [0, 0, 4, 0], "texture": "#5", "tintindex": 0 },
				"south": {"uv": [0, 0, 4, 0], "texture": "#5", "tintindex": 0 },
				"west": {"uv": [0, 0, 4, 0], "texture": "#5", "tintindex": 0 },
				"down": {"uv": [0, 0, 16, 16], "texture": "#5", "tintindex": 0 }
			}
		},
		{
			"from": [20, 23.2, 14],
			"to": [22, 23.2, 16],
			"rotation": {"angle": 0, "axis": "y", "origin": [13, 2.2, 7]},
			"faces": {
				"north": {"uv": [0, 0, 4, 0], "texture": "#5", "tintindex": 0 },
				"east": {"uv": [0, 0, 4, 0], "texture": "#5", "tintindex": 0 },
				"south": {"uv": [0, 0, 4, 0], "texture": "#5", "tintindex": 0 },
				"west": {"uv": [0, 0, 4, 0], "texture": "#5", "tintindex": 0 },
				"down": {"uv": [0, 0, 16, 16], "texture": "#5", "tintindex": 0 }
			}
		},
		{
			"from": [-10, 23.2, 7],
			"to": [-8, 23.2, 9],
			"rotation": {"angle": 0, "axis": "y", "origin": [-17, 2.2, 0]},
			"faces": {
				"north": {"uv": [0, 0, 4, 0], "texture": "#5", "tintindex": 0 },
				"east": {"uv": [0, 0, 4, 0], "texture": "#5", "tintindex": 0 },
				"south": {"uv": [0, 0, 4, 0], "texture": "#5", "tintindex": 0 },
				"west": {"uv": [0, 0, 4, 0], "texture": "#5", "tintindex": 0 },
				"down": {"uv": [0, 0, 16, 16], "texture": "#5", "tintindex": 0 }
			}
		},
		{
			"from": [1, 23.2, -6],
			"to": [3, 23.2, -4],
			"rotation": {"angle": 0, "axis": "y", "origin": [-6, 2.2, -13]},
			"faces": {
				"north": {"uv": [0, 0, 4, 0], "texture": "#5", "tintindex": 0 },
				"east": {"uv": [0, 0, 4, 0], "texture": "#5", "tintindex": 0 },
				"south": {"uv": [0, 0, 4, 0], "texture": "#5", "tintindex": 0 },
				"west": {"uv": [0, 0, 4, 0], "texture": "#5", "tintindex": 0 },
				"down": {"uv": [0, 0, 16, 16], "texture": "#5", "tintindex": 0 }
			}
		},
		{
			"from": [6, 28.2, -4],
			"to": [8, 28.2, -2],
			"rotation": {"angle": 0, "axis": "y", "origin": [-1, 7.2, -11]},
			"faces": {
				"north": {"uv": [0, 0, 4, 0], "texture": "#5", "tintindex": 0 },
				"east": {"uv": [0, 0, 4, 0], "texture": "#5", "tintindex": 0 },
				"south": {"uv": [0, 0, 4, 0], "texture": "#5", "tintindex": 0 },
				"west": {"uv": [0, 0, 4, 0], "texture": "#5", "tintindex": 0 },
				"down": {"uv": [0, 0, 16, 16], "texture": "#5", "tintindex": 0 }
			}
		},
		{
			"from": [22, 28.2, -4],
			"to": [24, 28.2, -2],
			"rotation": {"angle": 0, "axis": "y", "origin": [15, 7.2, -11]},
			"faces": {
				"north": {"uv": [0, 0, 4, 0], "texture": "#5", "tintindex": 0 },
				"east": {"uv": [0, 0, 4, 0], "texture": "#5", "tintindex": 0 },
				"south": {"uv": [0, 0, 4, 0], "texture": "#5", "tintindex": 0 },
				"west": {"uv": [0, 0, 4, 0], "texture": "#5", "tintindex": 0 },
				"down": {"uv": [0, 0, 16, 16], "texture": "#5", "tintindex": 0 }
			}
		},
		{
			"from": [17, 28.2, 1],
			"to": [19, 28.2, 3],
			"rotation": {"angle": 0, "axis": "y", "origin": [10, 7.2, -6]},
			"faces": {
				"north": {"uv": [0, 0, 4, 0], "texture": "#5", "tintindex": 0 },
				"east": {"uv": [0, 0, 4, 0], "texture": "#5", "tintindex": 0 },
				"south": {"uv": [0, 0, 4, 0], "texture": "#5", "tintindex": 0 },
				"west": {"uv": [0, 0, 4, 0], "texture": "#5", "tintindex": 0 },
				"down": {"uv": [0, 0, 16, 16], "texture": "#5", "tintindex": 0 }
			}
		},
		{
			"from": [-12, 28.2, 30],
			"to": [-10, 28.2, 32],
			"rotation": {"angle": 0, "axis": "y", "origin": [-19, 7.2, 23]},
			"faces": {
				"north": {"uv": [0, 0, 4, 0], "texture": "#5", "tintindex": 0 },
				"east": {"uv": [0, 0, 4, 0], "texture": "#5", "tintindex": 0 },
				"south": {"uv": [0, 0, 4, 0], "texture": "#5", "tintindex": 0 },
				"west": {"uv": [0, 0, 4, 0], "texture": "#5", "tintindex": 0 },
				"down": {"uv": [0, 0, 16, 16], "texture": "#5", "tintindex": 0 }
			}
		},
		{
			"from": [-6, 28.2, 22],
			"to": [-4, 28.2, 24],
			"rotation": {"angle": 0, "axis": "y", "origin": [-13, 7.2, 15]},
			"faces": {
				"north": {"uv": [0, 0, 4, 0], "texture": "#5", "tintindex": 0 },
				"east": {"uv": [0, 0, 4, 0], "texture": "#5", "tintindex": 0 },
				"south": {"uv": [0, 0, 4, 0], "texture": "#5", "tintindex": 0 },
				"west": {"uv": [0, 0, 4, 0], "texture": "#5", "tintindex": 0 },
				"down": {"uv": [0, 0, 16, 16], "texture": "#5", "tintindex": 0 }
			}
		},
		{
			"from": [-16, 28.2, 23],
			"to": [-14, 28.2, 25],
			"rotation": {"angle": 0, "axis": "y", "origin": [-23, 7.2, 16]},
			"faces": {
				"north": {"uv": [0, 0, 4, 0], "texture": "#5", "tintindex": 0 },
				"east": {"uv": [0, 0, 4, 0], "texture": "#5", "tintindex": 0 },
				"south": {"uv": [0, 0, 4, 0], "texture": "#5", "tintindex": 0 },
				"west": {"uv": [0, 0, 4, 0], "texture": "#5", "tintindex": 0 },
				"down": {"uv": [0, 0, 16, 16], "texture": "#5", "tintindex": 0 }
			}
		},
		{
			"from": [9, 16.2, -5],
			"to": [11, 16.2, -3],
			"rotation": {"angle": 0, "axis": "y", "origin": [2, -4.8, -12]},
			"faces": {
				"north": {"uv": [0, 0, 4, 0], "texture": "#5", "tintindex": 0 },
				"east": {"uv": [0, 0, 4, 0], "texture": "#5", "tintindex": 0 },
				"south": {"uv": [0, 0, 4, 0], "texture": "#5", "tintindex": 0 },
				"west": {"uv": [0, 0, 4, 0], "texture": "#5", "tintindex": 0 },
				"down": {"uv": [0, 0, 16, 16], "texture": "#5", "tintindex": 0 }
			}
		},
		{
			"from": [5, 15.2, -3],
			"to": [7, 15.2, -1],
			"rotation": {"angle": 0, "axis": "y", "origin": [-2, -5.8, -10]},
			"faces": {
				"north": {"uv": [0, 0, 4, 0], "texture": "#5", "tintindex": 0 },
				"east": {"uv": [0, 0, 4, 0], "texture": "#5", "tintindex": 0 },
				"south": {"uv": [0, 0, 4, 0], "texture": "#5", "tintindex": 0 },
				"west": {"uv": [0, 0, 4, 0], "texture": "#5", "tintindex": 0 },
				"down": {"uv": [0, 0, 16, 16], "texture": "#5", "tintindex": 0 }
			}
		},
		{
			"from": [5, 18.2, 8],
			"to": [7, 18.2, 10],
			"rotation": {"angle": 0, "axis": "y", "origin": [-2, -2.8, 1]},
			"faces": {
				"north": {"uv": [0, 0, 4, 0], "texture": "#5", "tintindex": 0 },
				"east": {"uv": [0, 0, 4, 0], "texture": "#5", "tintindex": 0 },
				"south": {"uv": [0, 0, 4, 0], "texture": "#5", "tintindex": 0 },
				"west": {"uv": [0, 0, 4, 0], "texture": "#5", "tintindex": 0 },
				"down": {"uv": [0, 0, 16, 16], "texture": "#5", "tintindex": 0 }
			}
		},
		{
			"from": [11, 14.2, 6],
			"to": [13, 14.2, 8],
			"rotation": {"angle": 0, "axis": "y", "origin": [4, -6.8, -1]},
			"faces": {
				"north": {"uv": [0, 0, 4, 0], "texture": "#5", "tintindex": 0 },
				"east": {"uv": [0, 0, 4, 0], "texture": "#5", "tintindex": 0 },
				"south": {"uv": [0, 0, 4, 0], "texture": "#5", "tintindex": 0 },
				"west": {"uv": [0, 0, 4, 0], "texture": "#5", "tintindex": 0 },
				"down": {"uv": [0, 0, 16, 16], "texture": "#5", "tintindex": 0 }
			}
		},
		{
			"from": [24, 18.2, 10],
			"to": [26, 18.2, 12],
			"rotation": {"angle": 0, "axis": "y", "origin": [17, -2.8, 3]},
			"faces": {
				"north": {"uv": [0, 0, 4, 0], "texture": "#5", "tintindex": 0 },
				"east": {"uv": [0, 0, 4, 0], "texture": "#5", "tintindex": 0 },
				"south": {"uv": [0, 0, 4, 0], "texture": "#5", "tintindex": 0 },
				"west": {"uv": [0, 0, 4, 0], "texture": "#5", "tintindex": 0 },
				"down": {"uv": [0, 0, 16, 16], "texture": "#5", "tintindex": 0 }
			}
		},
		{
			"from": [-3, 14.2, 1],
			"to": [-1, 14.2, 3],
			"rotation": {"angle": 0, "axis": "y", "origin": [-10, -6.8, -6]},
			"faces": {
				"north": {"uv": [0, 0, 4, 0], "texture": "#5", "tintindex": 0 },
				"east": {"uv": [0, 0, 4, 0], "texture": "#5", "tintindex": 0 },
				"south": {"uv": [0, 0, 4, 0], "texture": "#5", "tintindex": 0 },
				"west": {"uv": [0, 0, 4, 0], "texture": "#5", "tintindex": 0 },
				"down": {"uv": [0, 0, 16, 16], "texture": "#5", "tintindex": 0 }
			}
		},
		{
			"from": [20, 20.2, 4],
			"to": [22, 20.2, 6],
			"rotation": {"angle": 0, "axis": "y", "origin": [13, -0.8, -3]},
			"faces": {
				"north": {"uv": [0, 0, 4, 0], "texture": "#5", "tintindex": 0 },
				"east": {"uv": [0, 0, 4, 0], "texture": "#5", "tintindex": 0 },
				"south": {"uv": [0, 0, 4, 0], "texture": "#5", "tintindex": 0 },
				"west": {"uv": [0, 0, 4, 0], "texture": "#5", "tintindex": 0 },
				"down": {"uv": [0, 0, 16, 16], "texture": "#5", "tintindex": 0 }
			}
		},
		{
			"from": [-10, 20.2, -3],
			"to": [-8, 20.2, -1],
			"rotation": {"angle": 0, "axis": "y", "origin": [-17, -0.8, -10]},
			"faces": {
				"north": {"uv": [0, 0, 4, 0], "texture": "#5", "tintindex": 0 },
				"east": {"uv": [0, 0, 4, 0], "texture": "#5", "tintindex": 0 },
				"south": {"uv": [0, 0, 4, 0], "texture": "#5", "tintindex": 0 },
				"west": {"uv": [0, 0, 4, 0], "texture": "#5", "tintindex": 0 },
				"down": {"uv": [0, 0, 16, 16], "texture": "#5", "tintindex": 0 }
			}
		},
		{
			"from": [15, 20.2, -16],
			"to": [17, 20.2, -14],
			"rotation": {"angle": 0, "axis": "y", "origin": [8, -0.8, -23]},
			"faces": {
				"north": {"uv": [0, 0, 4, 0], "texture": "#5", "tintindex": 0 },
				"east": {"uv": [0, 0, 4, 0], "texture": "#5", "tintindex": 0 },
				"south": {"uv": [0, 0, 4, 0], "texture": "#5", "tintindex": 0 },
				"west": {"uv": [0, 0, 4, 0], "texture": "#5", "tintindex": 0 },
				"down": {"uv": [0, 0, 16, 16], "texture": "#5", "tintindex": 0 }
			}
		},
		{
			"from": [-11, 25.2, -14],
			"to": [-9, 25.2, -12],
			"rotation": {"angle": 0, "axis": "y", "origin": [-18, 4.2, -21]},
			"faces": {
				"north": {"uv": [0, 0, 4, 0], "texture": "#5", "tintindex": 0 },
				"east": {"uv": [0, 0, 4, 0], "texture": "#5", "tintindex": 0 },
				"south": {"uv": [0, 0, 4, 0], "texture": "#5", "tintindex": 0 },
				"west": {"uv": [0, 0, 4, 0], "texture": "#5", "tintindex": 0 },
				"down": {"uv": [0, 0, 16, 16], "texture": "#5", "tintindex": 0 }
			}
		},
		{
			"from": [23, 25.2, -14],
			"to": [25, 25.2, -12],
			"rotation": {"angle": 0, "axis": "y", "origin": [16, 4.2, -21]},
			"faces": {
				"north": {"uv": [0, 0, 4, 0], "texture": "#5", "tintindex": 0 },
				"east": {"uv": [0, 0, 4, 0], "texture": "#5", "tintindex": 0 },
				"south": {"uv": [0, 0, 4, 0], "texture": "#5", "tintindex": 0 },
				"west": {"uv": [0, 0, 4, 0], "texture": "#5", "tintindex": 0 },
				"down": {"uv": [0, 0, 16, 16], "texture": "#5", "tintindex": 0 }
			}
		},
		{
			"from": [18, 25.2, -9],
			"to": [20, 25.2, -7],
			"rotation": {"angle": 0, "axis": "y", "origin": [11, 4.2, -16]},
			"faces": {
				"north": {"uv": [0, 0, 4, 0], "texture": "#5", "tintindex": 0 },
				"east": {"uv": [0, 0, 4, 0], "texture": "#5", "tintindex": 0 },
				"south": {"uv": [0, 0, 4, 0], "texture": "#5", "tintindex": 0 },
				"west": {"uv": [0, 0, 4, 0], "texture": "#5", "tintindex": 0 },
				"down": {"uv": [0, 0, 16, 16], "texture": "#5", "tintindex": 0 }
			}
		},
		{
			"from": [-6, 25.2, 12],
			"to": [-4, 25.2, 14],
			"rotation": {"angle": 0, "axis": "y", "origin": [-13, 4.2, 5]},
			"faces": {
				"north": {"uv": [0, 0, 4, 0], "texture": "#5", "tintindex": 0 },
				"east": {"uv": [0, 0, 4, 0], "texture": "#5", "tintindex": 0 },
				"south": {"uv": [0, 0, 4, 0], "texture": "#5", "tintindex": 0 },
				"west": {"uv": [0, 0, 4, 0], "texture": "#5", "tintindex": 0 },
				"down": {"uv": [0, 0, 16, 16], "texture": "#5", "tintindex": 0 }
			}
		},
		{
			"from": [-16, 25.2, 13],
			"to": [-14, 25.2, 15],
			"rotation": {"angle": 0, "axis": "y", "origin": [-23, 4.2, 6]},
			"faces": {
				"north": {"uv": [0, 0, 4, 0], "texture": "#5", "tintindex": 0 },
				"east": {"uv": [0, 0, 4, 0], "texture": "#5", "tintindex": 0 },
				"south": {"uv": [0, 0, 4, 0], "texture": "#5", "tintindex": 0 },
				"west": {"uv": [0, 0, 4, 0], "texture": "#5", "tintindex": 0 },
				"down": {"uv": [0, 0, 16, 16], "texture": "#5", "tintindex": 0 }
			}
		}
	],
	"groups": [
		0,
		1,
		2,
		3,
		{
			"name": "group",
			"origin": [-23, 8, 6],
			"color": 0,
			"children": [4, 5, 6, 7, 8, 9, 10, 11, 12, 13, 14, 15, 16, 17, 18, 19, 20, 21, 22, 23, 24, 25, 26, 27, 28, 29, 30, 31, 32, 33, 34, 35, 36, 37, 38, 39, 40, 41, 42, 43, 44, 45]
		}
	]
}