{
	"credit": "Made with Blockbench",
	"texture_size": [8, 8],
	"textures": {
		"1": "item/skybox/1",
		"3": "item/skybox/2",
		"4": "item/skybox/3",
		"5": "item/skybox/4",
		"6": "item/skybox/5",
		"7": "item/skybox/6",
		"8": "item/skybox/pylon",
		"9": "item/skybox/effect",
		"10": "item/skybox/effect_2"
	},
	"elements": [
		{
			"from": [16, 16, 16],
			"to": [0, 0, 0],
			"rotation": {"angle": 0, "axis": "y", "origin": [0, -6, 0]},
			"faces": {
				"north": {"uv": [0, 0, 16, 16], "rotation": 180, "texture": "#4", "tintindex": 0},
				"east": {"uv": [0, 0, 16, 16], "rotation": 180, "texture": "#5", "tintindex": 0},
				"south": {"uv": [0, 0, 16, 16], "rotation": 180, "texture": "#1", "tintindex": 0},
				"west": {"uv": [0, 0, 16, 16], "rotation": 180, "texture": "#3", "tintindex": 0},
				"up": {"uv": [0, 0, 16, 16], "rotation": 180, "texture": "#7", "tintindex": 0},
				"down": {"uv": [0, 0, 16, 16], "rotation": 180, "texture": "#6", "tintindex": 0}
			}
		},
		{
			"from": [7.71875, 8.375, 6.875],
			"to": [7.90625, 9.3125, 7.0625],
			"rotation": {"angle": -45, "axis": "y", "origin": [8, 8.375, 8]},
			"faces": {
				"north": {"uv": [0, 0, 2, 10], "texture": "#8", "tintindex": 1},
				"east": {"uv": [0, 0, 2, 10], "texture": "#8", "tintindex": 1},
				"south": {"uv": [0, 0, 2, 10], "texture": "#8", "tintindex": 1},
				"west": {"uv": [0, 0, 2, 10], "texture": "#8", "tintindex": 1},
				"up": {"uv": [4, 2, 2, 0], "texture": "#8", "tintindex": 1},
				"down": {"uv": [4, 2, 2, 4], "texture": "#8", "tintindex": 1}
			}
		},
		{
			"from": [7.98125, 8.375, 6.875],
			"to": [8.16875, 9.3125, 7.0625],
			"rotation": {"angle": 22.5, "axis": "y", "origin": [8, 8.375, 8]},
			"faces": {
				"north": {"uv": [0, 0, 2, 10], "texture": "#8", "tintindex": 1},
				"east": {"uv": [0, 0, 2, 10], "texture": "#8", "tintindex": 1},
				"south": {"uv": [0, 0, 2, 10], "texture": "#8", "tintindex": 1},
				"west": {"uv": [0, 0, 2, 10], "texture": "#8", "tintindex": 1},
				"up": {"uv": [4, 2, 2, 0], "texture": "#8", "tintindex": 1},
				"down": {"uv": [4, 2, 2, 4], "texture": "#8", "tintindex": 1}
			}
		},
		{
			"from": [6.875, 8.5625, 7.83125],
			"to": [7.0625, 9.5, 8.01875],
			"rotation": {"angle": 0, "axis": "y", "origin": [8, 8.5625, 8]},
			"faces": {
				"north": {"uv": [0, 0, 2, 10], "texture": "#8", "tintindex": 1},
				"east": {"uv": [0, 0, 2, 10], "texture": "#8", "tintindex": 1},
				"south": {"uv": [0, 0, 2, 10], "texture": "#8", "tintindex": 1},
				"west": {"uv": [0, 0, 2, 10], "texture": "#8", "tintindex": 1},
				"up": {"uv": [4, 2, 2, 0], "rotation": 270, "texture": "#8", "tintindex": 1},
				"down": {"uv": [4, 2, 2, 4], "rotation": 90, "texture": "#8", "tintindex": 1}
			}
		},
		{
			"from": [6.875, 8.375, 7.98125],
			"to": [7.0625, 9.3125, 8.16875],
			"rotation": {"angle": -22.5, "axis": "y", "origin": [8, 8.375, 8]},
			"faces": {
				"north": {"uv": [0, 0, 2, 10], "texture": "#8", "tintindex": 1},
				"east": {"uv": [0, 0, 2, 10], "texture": "#8", "tintindex": 1},
				"south": {"uv": [0, 0, 2, 10], "texture": "#8", "tintindex": 1},
				"west": {"uv": [0, 0, 2, 10], "texture": "#8", "tintindex": 1},
				"up": {"uv": [4, 2, 2, 0], "rotation": 270, "texture": "#8", "tintindex": 1},
				"down": {"uv": [4, 2, 2, 4], "rotation": 90, "texture": "#8", "tintindex": 1}
			}
		},
		{
			"from": [6.89375, 8.1875, 7.7375],
			"to": [7.04375, 8.9375, 7.8875],
			"rotation": {"angle": -45, "axis": "y", "origin": [8, 8.1875, 8]},
			"faces": {
				"north": {"uv": [0, 0, 2, 10], "texture": "#8", "tintindex": 1},
				"east": {"uv": [0, 0, 2, 10], "texture": "#8", "tintindex": 1},
				"south": {"uv": [0, 0, 2, 10], "texture": "#8", "tintindex": 1},
				"west": {"uv": [0, 0, 2, 10], "texture": "#8", "tintindex": 1},
				"up": {"uv": [4, 2, 2, 0], "rotation": 270, "texture": "#8", "tintindex": 1},
				"down": {"uv": [4, 2, 2, 4], "rotation": 90, "texture": "#8", "tintindex": 1}
			}
		},
		{
			"from": [6.89375, 8.1875, 7.925],
			"to": [7.04375, 8.9375, 8.075],
			"rotation": {"angle": 22.5, "axis": "y", "origin": [8, 8.1875, 8]},
			"faces": {
				"north": {"uv": [0, 0, 2, 10], "texture": "#8", "tintindex": 1},
				"east": {"uv": [0, 0, 2, 10], "texture": "#8", "tintindex": 1},
				"south": {"uv": [0, 0, 2, 10], "texture": "#8", "tintindex": 1},
				"west": {"uv": [0, 0, 2, 10], "texture": "#8", "tintindex": 1},
				"up": {"uv": [4, 2, 2, 0], "rotation": 270, "texture": "#8", "tintindex": 1},
				"down": {"uv": [4, 2, 2, 4], "rotation": 90, "texture": "#8", "tintindex": 1}
			}
		},
		{
			"from": [7.75625, 8.375, 8.9375],
			"to": [7.94375, 9.3125, 9.125],
			"rotation": {"angle": 0, "axis": "y", "origin": [7.85, 8.375, 8]},
			"faces": {
				"north": {"uv": [0, 0, 2, 10], "texture": "#8", "tintindex": 1},
				"east": {"uv": [0, 0, 2, 10], "texture": "#8", "tintindex": 1},
				"south": {"uv": [0, 0, 2, 10], "texture": "#8", "tintindex": 1},
				"west": {"uv": [0, 0, 2, 10], "texture": "#8", "tintindex": 1},
				"up": {"uv": [4, 2, 2, 0], "rotation": 180, "texture": "#8", "tintindex": 1},
				"down": {"uv": [4, 2, 2, 4], "rotation": 180, "texture": "#8", "tintindex": 1}
			}
		},
		{
			"from": [7.925, 8.1875, 8.95625],
			"to": [8.075, 8.9375, 9.10625],
			"rotation": {"angle": -22.5, "axis": "y", "origin": [8, 8.1875, 8]},
			"faces": {
				"north": {"uv": [0, 0, 2, 10], "texture": "#8", "tintindex": 1},
				"east": {"uv": [0, 0, 2, 10], "texture": "#8", "tintindex": 1},
				"south": {"uv": [0, 0, 2, 10], "texture": "#8", "tintindex": 1},
				"west": {"uv": [0, 0, 2, 10], "texture": "#8", "tintindex": 1},
				"up": {"uv": [4, 2, 2, 0], "rotation": 180, "texture": "#8", "tintindex": 1},
				"down": {"uv": [4, 2, 2, 4], "rotation": 180, "texture": "#8", "tintindex": 1}
			}
		},
		{
			"from": [7.71875, 8.25, 8.9375],
			"to": [7.90625, 9.1875, 9.125],
			"rotation": {"angle": -45, "axis": "y", "origin": [8, 8, 8]},
			"faces": {
				"north": {"uv": [0, 0, 2, 10], "texture": "#8", "tintindex": 1},
				"east": {"uv": [0, 0, 2, 10], "texture": "#8", "tintindex": 1},
				"south": {"uv": [0, 0, 2, 10], "texture": "#8", "tintindex": 1},
				"west": {"uv": [0, 0, 2, 10], "texture": "#8", "tintindex": 1},
				"up": {"uv": [4, 2, 2, 0], "rotation": 180, "texture": "#8", "tintindex": 1},
				"down": {"uv": [4, 2, 2, 4], "rotation": 180, "texture": "#8", "tintindex": 1}
			}
		},
		{
			"from": [7.85, 8.0625, 8.95625],
			"to": [8, 8.8125, 9.10625],
			"rotation": {"angle": 22.5, "axis": "y", "origin": [8, 7.8125, 8]},
			"faces": {
				"north": {"uv": [0, 0, 2, 10], "texture": "#8", "tintindex": 1},
				"east": {"uv": [0, 0, 2, 10], "texture": "#8", "tintindex": 1},
				"south": {"uv": [0, 0, 2, 10], "texture": "#8", "tintindex": 1},
				"west": {"uv": [0, 0, 2, 10], "texture": "#8", "tintindex": 1},
				"up": {"uv": [4, 2, 2, 0], "rotation": 180, "texture": "#8", "tintindex": 1},
				"down": {"uv": [4, 2, 2, 4], "rotation": 180, "texture": "#8", "tintindex": 1}
			}
		},
		{
			"from": [8.9375, 8.5625, 7.75625],
			"to": [9.125, 9.5, 7.94375],
			"rotation": {"angle": 0, "axis": "y", "origin": [8, 8.5625, 8]},
			"faces": {
				"north": {"uv": [0, 0, 2, 10], "texture": "#8", "tintindex": 1},
				"east": {"uv": [0, 0, 2, 10], "texture": "#8", "tintindex": 1},
				"south": {"uv": [0, 0, 2, 10], "texture": "#8", "tintindex": 1},
				"west": {"uv": [0, 0, 2, 10], "texture": "#8", "tintindex": 1},
				"up": {"uv": [4, 2, 2, 0], "rotation": 90, "texture": "#8", "tintindex": 1},
				"down": {"uv": [4, 2, 2, 4], "rotation": 270, "texture": "#8", "tintindex": 1}
			}
		},
		{
			"from": [8.95625, 8, 8],
			"to": [9.10625, 8.75, 8.15],
			"rotation": {"angle": -22.5, "axis": "y", "origin": [8, 8, 8]},
			"faces": {
				"north": {"uv": [0, 0, 2, 10], "texture": "#8", "tintindex": 1},
				"east": {"uv": [0, 0, 2, 10], "texture": "#8", "tintindex": 1},
				"south": {"uv": [0, 0, 2, 10], "texture": "#8", "tintindex": 1},
				"west": {"uv": [0, 0, 2, 10], "texture": "#8", "tintindex": 1},
				"up": {"uv": [4, 2, 2, 0], "rotation": 90, "texture": "#8", "tintindex": 1},
				"down": {"uv": [4, 2, 2, 4], "rotation": 270, "texture": "#8", "tintindex": 1}
			}
		},
		{
			"from": [8.9375, 8.1875, 7.98125],
			"to": [9.125, 9.125, 8.16875],
			"rotation": {"angle": -45, "axis": "y", "origin": [8, 8.1875, 8]},
			"faces": {
				"north": {"uv": [0, 0, 2, 10], "texture": "#8", "tintindex": 1},
				"east": {"uv": [0, 0, 2, 10], "texture": "#8", "tintindex": 1},
				"south": {"uv": [0, 0, 2, 10], "texture": "#8", "tintindex": 1},
				"west": {"uv": [0, 0, 2, 10], "texture": "#8", "tintindex": 1},
				"up": {"uv": [4, 2, 2, 0], "rotation": 90, "texture": "#8", "tintindex": 1},
				"down": {"uv": [4, 2, 2, 4], "rotation": 270, "texture": "#8", "tintindex": 1}
			}
		},
		{
			"from": [8.95625, 8.1875, 7.925],
			"to": [9.10625, 8.9375, 8.075],
			"rotation": {"angle": 22.5, "axis": "y", "origin": [8, 8.1875, 8]},
			"faces": {
				"north": {"uv": [0, 0, 2, 10], "texture": "#8", "tintindex": 1},
				"east": {"uv": [0, 0, 2, 10], "texture": "#8", "tintindex": 1},
				"south": {"uv": [0, 0, 2, 10], "texture": "#8", "tintindex": 1},
				"west": {"uv": [0, 0, 2, 10], "texture": "#8", "tintindex": 1},
				"up": {"uv": [4, 2, 2, 0], "rotation": 90, "texture": "#8", "tintindex": 1},
				"down": {"uv": [4, 2, 2, 4], "rotation": 270, "texture": "#8", "tintindex": 1}
			}
		},
		{
			"from": [8.05625, 8.1875, 6.875],
			"to": [8.24375, 9.125, 7.0625],
			"rotation": {"angle": 0, "axis": "y", "origin": [8.075, 8.1875, 8]},
			"faces": {
				"north": {"uv": [0, 0, 2, 10], "texture": "#8", "tintindex": 1},
				"east": {"uv": [0, 0, 2, 10], "texture": "#8", "tintindex": 1},
				"south": {"uv": [0, 0, 2, 10], "texture": "#8", "tintindex": 1},
				"west": {"uv": [0, 0, 2, 10], "texture": "#8", "tintindex": 1},
				"up": {"uv": [4, 2, 2, 0], "texture": "#8", "tintindex": 1},
				"down": {"uv": [4, 2, 2, 4], "texture": "#8", "tintindex": 1}
			}
		},
		{
			"from": [7.925, 8.0625, 6.89375],
			"to": [8.075, 8.8125, 7.04375],
			"rotation": {"angle": -22.5, "axis": "y", "origin": [8, 7.8125, 8]},
			"faces": {
				"north": {"uv": [0, 0, 2, 10], "texture": "#8", "tintindex": 1},
				"east": {"uv": [0, 0, 2, 10], "texture": "#8", "tintindex": 1},
				"south": {"uv": [0, 0, 2, 10], "texture": "#8", "tintindex": 1},
				"west": {"uv": [0, 0, 2, 10], "texture": "#8", "tintindex": 1},
				"up": {"uv": [4, 2, 2, 0], "texture": "#8", "tintindex": 1},
				"down": {"uv": [4, 2, 2, 4], "texture": "#8", "tintindex": 1}
			}
		},
		{
			"from": [6, 9.25, 6],
			"to": [10, 9.25, 10],
			"rotation": {"angle": 0, "axis": "y", "origin": [0, 15.25, 0]},
			"faces": {
				"down": {"uv": [0, 16, 16, 0], "texture": "#10", "tintindex": 7}
			}
		},
		{
			"from": [7, 9.5, 7],
			"to": [9, 9.5, 9],
			"rotation": {"angle": 0, "axis": "y", "origin": [0, 15.25, 0]},
			"faces": {
				"down": {"uv": [0, 16, 16, 0], "texture": "#9", "tintindex": 6}
			}
		}
	],
	"groups": [
		0,
		{
			"name": "group",
			"origin": [8, 8, 8],
			"color": 0,
			"children": [
				{
					"name": "group",
					"origin": [8, 5, 8],
					"color": 0,
					"children": []
				},
				{
					"name": "group",
					"origin": [8, 5, 8],
					"color": 0,
					"children": []
				},
				{
					"name": "group",
					"origin": [8, 5, 8],
					"color": 0,
					"children": []
				},
				{
					"name": "group",
					"origin": [8, 5, 8],
					"color": 0,
					"children": []
				}
			]
		},
		{
			"name": "group",
			"origin": [0, 0, 0],
			"color": 0,
			"children": [
				{
					"name": "group",
					"origin": [8, 7.8125, 8],
					"color": 0,
					"children": [1, 2, 3, 4, 5, 6, 7, 8, 9, 10, 11, 12, 13, 14, 15, 16]
				},
				{
					"name": "group",
					"origin": [0, 0.75, 0],
					"color": 0,
					"children": [17, 18]
				}
			]
		}
	]
}