{
	"credit": "Made with Blockbench",
	"texture_size": [8, 8],
	"textures": {
		"4": "item/skybox/meridia_3",
		"5": "item/prop_items/structure/reality_sigil",
		"9": "item/skybox/effect",
		"10": "item/skybox/effect_2",
		"11": "item/prop_items/structure/outline",
		"12": "item/prop_items/structure/platform"
	},
	"elements": [
		{
			"from": [6, 9.25, 6],
			"to": [10, 9.25, 10],
			"rotation": {"angle": -45, "axis": "x", "origin": [8, 8, 8]},
			"faces": {
				"down": {"uv": [0, 16, 16, 0], "texture": "#10", "tintindex": 6}
			}
		},
		{
			"from": [7, 9.5, 7],
			"to": [9, 9.5, 9],
			"rotation": {"angle": -45, "axis": "x", "origin": [8, 8, 8]},
			"faces": {
				"down": {"uv": [0, 16, 16, 0], "texture": "#9", "tintindex": 7}
			}
		},
		{
			"from": [7, 10.5, 7],
			"to": [9, 10.5, 9],
			"rotation": {"angle": -45, "axis": "x", "origin": [8, 8, 8]},
			"faces": {
				"down": {"uv": [0, 16, 16, 0], "texture": "#4", "tintindex": 0}
			}
		},
		{
			"from": [7.905, 9.15, 7.905],
			"to": [8.105, 9.15, 8.105],
			"rotation": {"angle": -45, "axis": "x", "origin": [8, 8, 8]},
			"faces": {
				"down": {"uv": [16, 16, 0, 0], "texture": "#5", "tintindex": 0}
			}
		},
		{
			"from": [7.86, 8.86, 6.86],
			"to": [8.14, 9.14, 7.14],
			"rotation": {"angle": 45, "axis": "y", "origin": [8, 9, 7]},
			"faces": {
				"north": {"uv": [7.6375, 6.05, 8.3875, 6.8], "texture": "#12", "tintindex": 0},
				"east": {"uv": [7.6375, 6.05, 8.3875, 6.8], "texture": "#12", "tintindex": 0},
				"south": {"uv": [7.6375, 6.05, 8.3875, 6.8], "texture": "#12", "tintindex": 0},
				"west": {"uv": [7.6375, 6.05, 8.3875, 6.8], "texture": "#12", "tintindex": 0},
				"up": {"uv": [7.6375, 6.05, 8.3875, 6.8], "texture": "#12", "tintindex": 0},
				"down": {"uv": [7.6375, 6.05, 8.3875, 6.8], "texture": "#12", "tintindex": 0}
			}
		},
		{
			"from": [8.16, 9.16, 7.16],
			"to": [7.84, 8.84, 6.84],
			"rotation": {"angle": 45, "axis": "y", "origin": [8, 9, 7]},
			"faces": {
				"north": {"uv": [0, 0, 9, 9], "rotation": 180, "texture": "#11", "tintindex": 0},
				"east": {"uv": [0, 0, 9, 9], "rotation": 180, "texture": "#11", "tintindex": 0},
				"south": {"uv": [0, 0, 9, 9], "rotation": 180, "texture": "#11", "tintindex": 0},
				"west": {"uv": [0, 0, 9, 9], "rotation": 180, "texture": "#11", "tintindex": 0},
				"up": {"uv": [0, 0, 9, 9], "rotation": 180, "texture": "#11", "tintindex": 0},
				"down": {"uv": [0, 0, 9, 9], "rotation": 180, "texture": "#11", "tintindex": 0}
			}
		}
	],
	"groups": [
		{
			"name": "group",
			"origin": [8, 8, 8],
			"color": 0,
			"children": [
				{
					"name": "group",
					"origin": [8, 5, 8],
					"color": 0,
					"children": []
				},
				{
					"name": "group",
					"origin": [8, 5, 8],
					"color": 0,
					"children": []
				},
				{
					"name": "group",
					"origin": [8, 5, 8],
					"color": 0,
					"children": []
				},
				{
					"name": "group",
					"origin": [8, 5, 8],
					"color": 0,
					"children": []
				}
			]
		},
		{
			"name": "group",
			"origin": [0, 0, 0],
			"color": 0,
			"children": [
				{
					"name": "group",
					"origin": [0, 0.75, 0],
					"color": 0,
					"children": [0, 1, 2, 3]
				}
			]
		},
		{
			"name": "group",
			"origin": [8, 8, 8],
			"color": 0,
			"children": [4, 5]
		}
	]
}