{
	"credit": "Made with Blockbench",
	"texture_size": [32, 32],
	"textures": {
		"2": "item/skybox/stars/stars"
	},
	"elements": [
		{
			"from": [16, 16, 16],
			"to": [0, 2, 0],
			"rotation": {"angle": 0, "axis": "y", "origin": [0, -6, 0]},
			"faces": {
				"north": {"uv": [0, 0, 16, 16], "rotation": 180, "texture": "#2", "tintindex": 0 },
				"east": {"uv": [0, 0, 16, 16], "rotation": 180, "texture": "#2", "tintindex": 0 },
				"south": {"uv": [0, 0, 16, 16], "rotation": 180, "texture": "#2", "tintindex": 0 },
				"west": {"uv": [0, 0, 16, 16], "rotation": 180, "texture": "#2", "tintindex": 0 },
				"up": {"uv": [0, 0, 16, 16], "rotation": 180, "texture": "#2", "tintindex": 0 },
				"down": {"uv": [0, 0, 16, 16], "rotation": 180, "texture": "#2", "tintindex": 0 }
			}
		}
	]
}