{
	"credit": "Made with Blockbench",
	"textures": {
		"0": "item/skybox/void",
		"1": "item/skybox/black",
		"particle": "item/skybox/void"
	},
	"elements": [
		{
			"from": [0, 0, 0],
			"to": [16, 0, 16],
			"faces": {
				"up": {"uv": [16, 16, 0, 0], "texture": "#1", "tintindex": 1}
			}
		},
		{
			"from": [9.59175, 5.80175, 16.00175],
			"to": [6.40825, -0.20175, 15.99825],
			"rotation": {"angle": -22.5, "axis": "y", "origin": [8, -0.2, 8]},
			"faces": {
				"north": {"uv": [0, 0, 16, 16], "rotation": 180, "texture": "#0", "tintindex": 0}
			}
		},
		{
			"from": [0.00175, 5.80175, 9.59175],
			"to": [-0.00175, -0.20175, 6.40825],
			"rotation": {"angle": 0, "axis": "y", "origin": [8, -0.2, 8]},
			"faces": {
				"east": {"uv": [0, 0, 16, 16], "rotation": 180, "texture": "#0", "tintindex": 0}
			}
		},
		{
			"from": [0.00175, 5.80175, 9.59175],
			"to": [-0.00175, -0.20175, 6.40825],
			"rotation": {"angle": 22.5, "axis": "y", "origin": [8, -0.2, 8]},
			"faces": {
				"east": {"uv": [0, 0, 16, 16], "rotation": 180, "texture": "#0", "tintindex": 0}
			}
		},
		{
			"from": [0.00175, 5.80175, 9.59175],
			"to": [-0.00175, -0.20175, 6.40825],
			"rotation": {"angle": 45, "axis": "y", "origin": [8, -0.2, 8]},
			"faces": {
				"east": {"uv": [0, 0, 16, 16], "rotation": 180, "texture": "#0", "tintindex": 0}
			}
		},
		{
			"from": [0.00175, 5.80175, 9.59175],
			"to": [-0.00175, -0.20175, 6.40825],
			"rotation": {"angle": -22.5, "axis": "y", "origin": [8, -0.2, 8]},
			"faces": {
				"east": {"uv": [0, 0, 16, 16], "rotation": 180, "texture": "#0", "tintindex": 0}
			}
		},
		{
			"from": [9.59175, 5.80175, 0.00175],
			"to": [6.40825, -0.20175, -0.00175],
			"rotation": {"angle": 0, "axis": "y", "origin": [8, -0.2, 8]},
			"faces": {
				"south": {"uv": [0, 0, 16, 16], "rotation": 180, "texture": "#0", "tintindex": 0}
			}
		},
		{
			"from": [9.59175, 5.80175, 0.00175],
			"to": [6.40825, -0.20175, -0.00175],
			"rotation": {"angle": 22.5, "axis": "y", "origin": [8, -0.2, 8]},
			"faces": {
				"south": {"uv": [0, 0, 16, 16], "rotation": 180, "texture": "#0", "tintindex": 0}
			}
		},
		{
			"from": [0.00175, 5.80175, 9.59175],
			"to": [-0.00175, -0.20175, 6.40825],
			"rotation": {"angle": -45, "axis": "y", "origin": [8, -0.2, 8]},
			"faces": {
				"east": {"uv": [0, 0, 16, 16], "rotation": 180, "texture": "#0", "tintindex": 0}
			}
		},
		{
			"from": [9.59175, 5.80175, 0.00175],
			"to": [6.40825, -0.20175, -0.00175],
			"rotation": {"angle": -22.5, "axis": "y", "origin": [8, -0.2, 8]},
			"faces": {
				"south": {"uv": [0, 0, 16, 16], "rotation": 180, "texture": "#0", "tintindex": 0}
			}
		},
		{
			"from": [16.00175, 5.80175, 9.59175],
			"to": [15.99825, -0.20175, 6.40825],
			"rotation": {"angle": 0, "axis": "y", "origin": [8, -0.2, 8]},
			"faces": {
				"west": {"uv": [0, 0, 16, 16], "rotation": 180, "texture": "#0", "tintindex": 0}
			}
		},
		{
			"from": [16.00175, 5.80175, 9.59175],
			"to": [15.99825, -0.20175, 6.40825],
			"rotation": {"angle": 22.5, "axis": "y", "origin": [8, -0.2, 8]},
			"faces": {
				"west": {"uv": [0, 0, 16, 16], "rotation": 180, "texture": "#0", "tintindex": 0}
			}
		},
		{
			"from": [16.00175, 5.80175, 9.59175],
			"to": [15.99825, -0.20175, 6.40825],
			"rotation": {"angle": 45, "axis": "y", "origin": [8, -0.2, 8]},
			"faces": {
				"west": {"uv": [0, 0, 16, 16], "rotation": 180, "texture": "#0", "tintindex": 0}
			}
		},
		{
			"from": [16.00175, 5.80175, 9.59175],
			"to": [15.99825, -0.20175, 6.40825],
			"rotation": {"angle": -22.5, "axis": "y", "origin": [8, -0.2, 8]},
			"faces": {
				"west": {"uv": [0, 0, 16, 16], "rotation": 180, "texture": "#0", "tintindex": 0}
			}
		},
		{
			"from": [9.59175, 5.80175, 16.00175],
			"to": [6.40825, -0.20175, 15.99825],
			"rotation": {"angle": 0, "axis": "y", "origin": [8, -0.2, 8]},
			"faces": {
				"north": {"uv": [0, 0, 16, 16], "rotation": 180, "texture": "#0", "tintindex": 0}
			}
		},
		{
			"from": [9.59175, 5.80175, 16.00175],
			"to": [6.40825, -0.20175, 15.99825],
			"rotation": {"angle": 22.5, "axis": "y", "origin": [8, -0.2, 8]},
			"faces": {
				"north": {"uv": [0, 0, 16, 16], "rotation": 180, "texture": "#0", "tintindex": 0}
			}
		},
		{
			"from": [9.59175, 5.80175, 16.00175],
			"to": [6.40825, -0.20175, 15.99825],
			"rotation": {"angle": 45, "axis": "y", "origin": [8, -0.2, 8]},
			"faces": {
				"north": {"uv": [0, 0, 16, 16], "rotation": 180, "texture": "#0", "tintindex": 0}
			}
		}
	],
	"groups": [
		0,
		{
			"name": "group",
			"origin": [8, 8, 8],
			"color": 0,
			"children": [
				{
					"name": "group",
					"origin": [8, 0, 8],
					"color": 0,
					"children": [1, 2, 3, 4]
				},
				{
					"name": "group",
					"origin": [8, 0, 8],
					"color": 0,
					"children": [5, 6, 7, 8]
				},
				{
					"name": "group",
					"origin": [8, 0, 8],
					"color": 0,
					"children": [9, 10, 11, 12]
				},
				{
					"name": "group",
					"origin": [8, 0, 8],
					"color": 0,
					"children": [13, 14, 15, 16]
				}
			]
		}
	]
}