{
    "providers": [
        {
            "type": "bitmap",
            "file": "font/gui/crafting.png",
            "ascent": 17,
            "height": 256,
            "chars": [
                "\uE100"
            ]
        },
        {
            "type": "bitmap",
            "file": "font/gui/smelting.png",
            "ascent": 17,
            "height": 256,
            "chars": [
                "\uE101"
            ]
        },
        {
            "type": "bitmap",
            "file": "font/gui/smithing.png",
            "ascent": 17,
            "height": 256,
            "chars": [
                "\uE102"
            ]
        }
    ]
}