{
	"black_hole": {
		"sounds": [
			"animalium/black_hole_mood_1",
			"animalium/black_hole_mood_2" 
		]
	},
	"black_hole_mood": {
		"sounds": [
			"animalium/black_hole_random_1",
			"animalium/black_hole_random_2",
			"animalium/black_hole_random_3",
			"animalium/black_hole_random_4"
		]
	},
	"creator": {
		"sounds": [
			"animalium/creator"
		]
	},
	"triumphant_citadel": {
		"sounds": [
			"animalium/triumphant_citadel"
		]
	},
	"please_hold": {
		"sounds": [
			"animalium/please_hold"
		]
	},
	"ship_engine": {
		"sounds": [
			"animalium/ambient/ship_engine"
		]
	},
	"alarm": {
		"sounds": [
			"animalium/ambient/alarm"
		]
	},
	"nuclear_explosion": {
		"sounds": [
			"animalium/effect/nuclear_explosion"
		]
	},
	"ship": {
		"sounds": [
			"animalium/ambient/ship_quiet"
		]
	},
	"propeller": {
		"sounds": [
			"animalium/ambient/propeller_1",
			"animalium/ambient/propeller_2",
			"animalium/ambient/propeller_3"
		]
	},
	"play_me": {
		"sounds": [
			"animalium/play_me"
		]
	}
}