{
	"black_hole": {
		"sounds": [
			"animalium/black_hole_mood_1",
			"animalium/black_hole_mood_2" 
		]
	},
	"black_hole_mood": {
		"sounds": [
			"animalium/black_hole_random_1",
			"animalium/black_hole_random_2",
			"animalium/black_hole_random_3",
			"animalium/black_hole_random_4"
		]
	},
	"out_of_lore/creator": {
		"sounds": [
			"animalium/out_of_lore/creator"
		]
	},
	"out_of_lore/triumphant_citadel": {
		"sounds": [
			"animalium/out_of_lore/triumphant_citadel"
		]
	},
	"out_of_lore/please_hold": {
		"sounds": [
			"animalium/out_of_lore/please_hold"
		]
	},
	"ship_engine": {
		"sounds": [
			"animalium/ambient/ship_engine"
		]
	},
	"alarm": {
		"sounds": [
			"animalium/ambient/alarm"
		]
	},
	"nuclear_explosion": {
		"sounds": [
			"animalium/effect/nuclear_explosion"
		]
	},
	"ship": {
		"sounds": [
			"animalium/ambient/ship_quiet"
		]
	},
	"propeller": {
		"sounds": [
			"animalium/ambient/propeller_1",
			"animalium/ambient/propeller_2",
			"animalium/ambient/propeller_3"
		]
	},
	"out_of_lore/out_of_lore_1": {
		"sounds": [
			"animalium/out_of_lore/out_of_lore_1"
		]
	},
	"out_of_lore/out_of_lore_2": {
		"sounds": [
			"animalium/out_of_lore/out_of_lore_2"
		]
	},
	"out_of_lore/out_of_lore_3": {
		"sounds": [
			"animalium/out_of_lore/out_of_lore_3"
		]
	},
	"metal_creak": {
		"sounds": [
			"animalium/ambient/metal_creak_1",
			"animalium/ambient/metal_creak_2",
			"animalium/ambient/metal_creak_3",
			"animalium/ambient/metal_creak_4",
			"animalium/ambient/metal_creak_5",
			"animalium/ambient/metal_creak_6",
			"animalium/ambient/metal_creak_7",
			"animalium/ambient/metal_creak_8"
		]
	},
	"space_travel": {
		"sounds": [
			"animalium/ambient/space_travel_1",
			"animalium/ambient/space_travel_2",
			"animalium/ambient/space_travel_3",
			"animalium/ambient/space_travel_4"
		]
	},
	"ship_horn": {
		"sounds": [
			"animalium/ambient/ship_horn"
		]
	},
	"ship_sonar": {
		"sounds": [
			"animalium/ambient/ship_sonar"
		]
	},
	"ship_critical_alert": {
		"sounds": [
			"animalium/ambient/ship_critical_alert"
		]
	},
	"pc_boot": {
		"sounds": [
			"animalium/ambient/pc_boot"
		]
	},
	"ship_warp_engage": {
		"sounds": [
			"animalium/ambient/ship_warp_engage"
		]
	},
	"ship_warp_spool": {
		"sounds": [
			"animalium/ambient/ship_warp_spool"
		]
	},
	"ship_reactor_drive": {
		"sounds": [
			"animalium/ambient/ship_reactor_drive"
		]
	},
	"beep": {
		"sounds": [
			"animalium/ambient/beep"
		]
	}
}