{
    "parent": "item/handheld",
    "textures": {
        "layer0": "item/golden_shovel"
    },
    "overrides": [
        {
            "predicate": { "damage": 0.03125 },
            "model": "item/barrier"
        },
        {
            "predicate": { "damage": 0.0625 },
            "model": "item/barrier"
        },
        {
            "predicate": { "damage": 0.09375 },
            "model": "item/wynn/gui/equipment_slot"
        },
        {
            "predicate": { "damage": 0.125 },
            "model": "item/wynn/gui/crafting/main"
        },
        {
            "predicate": { "damage": 0.15625 },
            "model": "item/wynn/gui/crafting/item_slot"
        },
        {
            "predicate": { "damage": 0.1875 },
            "model": "item/wynn/gui/crafting/material_slot"
        },
        {
            "predicate": { "damage": 0.21875 },
            "model": "item/wynn/gui/crafting/arrow_up"
        },
        {
            "predicate": { "damage": 0.25 },
            "model": "item/wynn/gui/crafting/arrow_down"
        },
        {
            "predicate": { "damage": 0.28125 },
            "model": "item/wynn/gui/row"
        },
        {
            "predicate": { "damage": 0.3125 },
            "model": "item/barrier"
        },
        {
            "predicate": { "damage": 0.34375 },
            "model": "item/wynn/gui/crafting/column_offset"
        },
        {
            "predicate": { "damage": 0.375 },
            "model": "item/barrier"
        },
        {
            "predicate": { "damage": 0.40625 },
            "model": "item/barrier"
        },
        {
            "predicate": { "damage": 0.4375 },
            "model": "item/wynn/gui/legacy/arrow_left_default"
        },
        {
            "predicate": { "damage": 0.46875 },
            "model": "item/wynn/gui/legacy/arrow_right_default"
        },
        {
            "predicate": { "damage": 0.500 },
            "model": "item/wynn/gui/legacy/arrow_right_red"
        },
        {
            "predicate": { "damage": 0.53125 },
            "model": "item/wynn/gui/legacy/check_gray"
        },
        {
            "predicate": { "damage": 0.5625 },
            "model": "item/wynn/gui/legacy/check_red"
        },
        {
            "predicate": { "damage": 0.59375 },
            "model": "item/wynn/gui/legacy/check_yellow"
        },
        {
            "predicate": { "damage": 0.625 },
            "model": "item/wynn/gui/legacy/check_green"
        },
        {
            "predicate": { "damage": 0.65625 },
            "model": "item/wynn/gui/legacy/refresh_yellow"
        },
        {
            "predicate": { "damage": 0.6875 },
            "model": "item/wynn/gui/legacy/plus_green"
        },
        {
            "predicate": { "damage": 0.71875 },
            "model": "item/wynn/gui/trade_icon"
        },
        {
            "predicate": { "damage": 0.75 },
            "model": "item/wynn/gui/beacon/pink"
        },
        {
            "predicate": { "damage": 0.78125 },
            "model": "item/wynn/gui/beacon/green"
        },
        {
            "predicate": { "damage": 0.8125 },
            "model": "item/barrier"
        }
    ]
}
