{
    "parent": "item/handheld",
    "textures": {
        "layer0": "item/stone_axe"
    },
    "overrides": [
        {
            "predicate": { "damage": 0.0076 },
            "model": "item/wynn/gui/ability_tree/branch/0"
        },
        {
            "predicate": { "damage": 0.0152 },
            "model": "item/wynn/gui/ability_tree/branch/0_active_0"
        },
        {
            "predicate": { "damage": 0.0229 },
            "model": "item/wynn/gui/ability_tree/branch/0_active_1"
        },
        {
            "predicate": { "damage": 0.0305 },
            "model": "item/wynn/gui/ability_tree/branch/0_active_2"
        },
        {
            "predicate": { "damage": 0.0381 },
            "model": "item/wynn/gui/ability_tree/branch/0_active_3"
        },
        {
            "predicate": { "damage": 0.0458 },
            "model": "item/wynn/gui/ability_tree/branch/0_active_4"
        },
        {
            "predicate": { "damage": 0.0534 },
            "model": "item/wynn/gui/ability_tree/branch/0_active_5"
        },
        {
            "predicate": { "damage": 0.0610 },
            "model": "item/wynn/gui/ability_tree/branch/0_active_6"
        },
        {
            "predicate": { "damage": 0.0687 },
            "model": "item/wynn/gui/ability_tree/branch/0_active_7"
        },
        {
            "predicate": { "damage": 0.0763 },
            "model": "item/wynn/gui/ability_tree/branch/0_active_8"
        },
        {
            "predicate": { "damage": 0.0839 },
            "model": "item/wynn/gui/ability_tree/branch/0_active_9"
        },
        {
            "predicate": { "damage": 0.0916 },
            "model": "item/wynn/gui/ability_tree/branch/0_active_10"
        },
        {
            "predicate": { "damage": 0.0992 },
            "model": "item/wynn/gui/ability_tree/branch/1"
        },
        {
            "predicate": { "damage": 0.1068 },
            "model": "item/wynn/gui/ability_tree/branch/1_active_0"
        },
        {
            "predicate": { "damage": 0.1145 },
            "model": "item/wynn/gui/ability_tree/branch/1_active_1"
        },
        {
            "predicate": { "damage": 0.1221 },
            "model": "item/wynn/gui/ability_tree/branch/1_active_2"
        },
        {
            "predicate": { "damage": 0.1297 },
            "model": "item/wynn/gui/ability_tree/branch/1_active_3"
        },
        {
            "predicate": { "damage": 0.1374 },
            "model": "item/wynn/gui/ability_tree/branch/2"
        },
        {
            "predicate": { "damage": 0.1450 },
            "model": "item/wynn/gui/ability_tree/branch/2_active_0"
        },
        {
            "predicate": { "damage": 0.1526 },
            "model": "item/wynn/gui/ability_tree/branch/2_active_1"
        },
        {
            "predicate": { "damage": 0.1603 },
            "model": "item/wynn/gui/ability_tree/branch/2_active_2"
        },
        {
            "predicate": { "damage": 0.1679 },
            "model": "item/wynn/gui/ability_tree/branch/2_active_3"
        },
        {
            "predicate": { "damage": 0.1755 },
            "model": "item/wynn/gui/ability_tree/branch/3"
        },
        {
            "predicate": { "damage": 0.1832 },
            "model": "item/wynn/gui/ability_tree/branch/3_active_0"
        },
        {
            "predicate": { "damage": 0.1908 },
            "model": "item/wynn/gui/ability_tree/branch/3_active_1"
        },
        {
            "predicate": { "damage": 0.1984 },
            "model": "item/wynn/gui/ability_tree/branch/3_active_2"
        },
        {
            "predicate": { "damage": 0.2061 },
            "model": "item/wynn/gui/ability_tree/branch/3_active_3"
        },
        {
            "predicate": { "damage": 0.2137 },
            "model": "item/wynn/gui/ability_tree/branch/4"
        },
        {
            "predicate": { "damage": 0.2213 },
            "model": "item/wynn/gui/ability_tree/branch/4_active_0"
        },
        {
            "predicate": { "damage": 0.2290 },
            "model": "item/wynn/gui/ability_tree/branch/4_active_1"
        },
        {
            "predicate": { "damage": 0.2366 },
            "model": "item/wynn/gui/ability_tree/branch/4_active_2"
        },
        {
            "predicate": { "damage": 0.2442 },
            "model": "item/wynn/gui/ability_tree/branch/4_active_3"
        },
        {
            "predicate": { "damage": 0.2519 },
            "model": "item/wynn/gui/ability_tree/branch/5"
        },
        {
            "predicate": { "damage": 0.2595 },
            "model": "item/wynn/gui/ability_tree/branch/5_active_0"
        },
        {
            "predicate": { "damage": 0.2671 },
            "model": "item/wynn/gui/ability_tree/branch/6"
        },
        {
            "predicate": { "damage": 0.2748 },
            "model": "item/wynn/gui/ability_tree/branch/6_active_0"
        },
        {
            "predicate": { "damage": 0.2824 },
            "model": "item/wynn/gui/ability_tree/branch/7"
        },
        {
            "predicate": { "damage": 0.2900 },
            "model": "item/wynn/gui/ability_tree/branch/7_active_0"
        },
        {
            "predicate": { "damage": 0.2977 },
            "model": "item/wynn/gui/ability_tree/branch/8"
        },
        {
            "predicate": { "damage": 0.3053 },
            "model": "item/wynn/gui/ability_tree/branch/8_active_0"
        },
        {
            "predicate": { "damage": 0.3129 },
            "model": "item/wynn/gui/ability_tree/branch/9"
        },
        {
            "predicate": { "damage": 0.3206 },
            "model": "item/wynn/gui/ability_tree/branch/9_active_0"
        },
        {
            "predicate": { "damage": 0.3282 },
            "model": "item/wynn/gui/ability_tree/branch/10"
        },
        {
            "predicate": { "damage": 0.3358 },
            "model": "item/wynn/gui/ability_tree/branch/10_active_0"
        },
        {
            "predicate": { "damage": 0.3435 },
            "model": "item/barrier"
        }
    ]
}
