{
	"credit": "Made with Blockbench",
	"texture_size": [32, 32],
	"textures": {
		"1": "item/skybox/1",
		"3": "item/skybox/2",
		"4": "item/skybox/3",
		"5": "item/skybox/4",
		"6": "item/skybox/5",
		"7": "item/skybox/6",
		"8": "item/skybox/meridia_travel",
		"particle": "item/skybox/1"
	},
	"elements": [
		{
			"from": [16, 16, 16],
			"to": [0, 0, 0],
			"rotation": {"angle": 0, "axis": "y", "origin": [0, -6, 0]},
			"faces": {
				"north": {"uv": [0, 0, 16, 16], "rotation": 180, "texture": "#4", "tintindex": 0},
				"east": {"uv": [0, 0, 16, 16], "rotation": 180, "texture": "#5", "tintindex": 0},
				"south": {"uv": [0, 0, 16, 16], "rotation": 180, "texture": "#1", "tintindex": 0},
				"west": {"uv": [0, 0, 16, 16], "rotation": 180, "texture": "#3", "tintindex": 0},
				"up": {"uv": [0, 0, 16, 16], "rotation": 180, "texture": "#7", "tintindex": 0},
				"down": {"uv": [0, 0, 16, 16], "rotation": 180, "texture": "#6", "tintindex": 0}
			}
		},
		{
			"from": [14, 14, 14],
			"to": [2, 2, 2],
			"faces": {
				"north": {"uv": [0, 0, 6, 6], "rotation": 180, "texture": "#8", "tintindex": 1},
				"east": {"uv": [0, 0, 6, 6], "rotation": 180, "texture": "#8", "tintindex": 1},
				"south": {"uv": [0, 0, 6, 6], "rotation": 180, "texture": "#8", "tintindex": 1},
				"west": {"uv": [0, 0, 6, 6], "rotation": 180, "texture": "#8", "tintindex": 1},
				"up": {"uv": [0, 0, 6, 6], "rotation": 180, "texture": "#8", "tintindex": 1},
				"down": {"uv": [0, 0, 6, 6], "rotation": 180, "texture": "#8", "tintindex": 1}
			}
		}
	]
}